2026-04-17 10:58:43,116 [Worker-4: Loading available Gradle versions] INFO  o.e.b.c.i.u.g.PublishedGradleVersions - Gradle version information cache is not available. Remote download required.
2026-04-17 10:59:56,134 [Worker-6: Import Getting Started Content] INFO  o.e.m.c.i.l.LifecycleMappingFactory - Using org.eclipse.m2e.jdt.JarLifecycleMapping lifecycle mapping for MavenProject: com.connectsphere.auth:auth-service:0.0.1-SNAPSHOT @ C:\Users\ASUS\OneDrive\Desktop\Sprint\connect-sphere\auth-service\pom.xml.
2026-04-17 10:59:57,669 [Worker-6: Import Getting Started Content] INFO  o.e.m.j.i.AbstractJavaProjectConfigurator - Adding source folder /auth-service/src/main/java
2026-04-17 10:59:57,670 [Worker-6: Import Getting Started Content] INFO  o.e.m.j.i.AbstractJavaProjectConfigurator - Adding resource folder /auth-service/src/main/resources
2026-04-17 10:59:57,680 [Worker-6: Import Getting Started Content] INFO  o.e.m.j.i.AbstractJavaProjectConfigurator - Adding resource folder /auth-service/src/main/resources
2026-04-17 10:59:57,688 [Worker-6: Import Getting Started Content] INFO  o.e.m.j.i.AbstractJavaProjectConfigurator - Adding source folder /auth-service/src/test/java
2026-04-17 10:59:57,689 [Worker-6: Import Getting Started Content] INFO  o.e.m.j.i.AbstractJavaProjectConfigurator - Adding resource folder /auth-service/src/test/resources
2026-04-17 10:59:59,217 [Worker-6: Import Getting Started Content] INFO  o.e.m.c.i.p.ProjectConfigurationManager - Imported and configured 1 project(s) in 4 sec
2026-04-17 10:59:59,227 [Worker-6: Import Getting Started Content] INFO  o.e.m.c.i.p.ProjectConfigurationManager - Update started
2026-04-17 10:59:59,971 [Worker-6: Import Getting Started Content] INFO  o.e.m.c.i.l.LifecycleMappingFactory - Using org.eclipse.m2e.jdt.JarLifecycleMapping lifecycle mapping for MavenProject: com.connectsphere.auth:auth-service:0.0.1-SNAPSHOT @ C:\Users\ASUS\OneDrive\Desktop\Sprint\connect-sphere\auth-service\pom.xml.
2026-04-17 11:00:00,902 [Worker-6: Import Getting Started Content] INFO  o.e.m.j.i.AbstractJavaProjectConfigurator - Adding source folder /auth-service/src/main/java
2026-04-17 11:00:00,914 [Worker-6: Import Getting Started Content] INFO  o.e.m.j.i.AbstractJavaProjectConfigurator - Adding resource folder /auth-service/src/main/resources
2026-04-17 11:00:00,917 [Worker-6: Import Getting Started Content] INFO  o.e.m.j.i.AbstractJavaProjectConfigurator - Adding resource folder /auth-service/src/main/resources
2026-04-17 11:00:00,917 [Worker-6: Import Getting Started Content] INFO  o.e.m.j.i.AbstractJavaProjectConfigurator - Adding source folder /auth-service/src/test/java
2026-04-17 11:00:00,922 [Worker-6: Import Getting Started Content] INFO  o.e.m.j.i.AbstractJavaProjectConfigurator - Adding resource folder /auth-service/src/test/resources
2026-04-17 11:00:01,899 [Worker-6: Import Getting Started Content] INFO  o.e.m.c.i.p.ProjectConfigurationManager - Update completed for 1 poms: local refresh takes 0.00 sec, refresh facades takes 1.00 sec, update config takes 0.00 sec 
2026-04-17 11:00:04,933 [Worker-1: Building] INFO  o.a.m.s.f.DefaultMavenResourcesFiltering - Copying 1 resource from src\main\resources to target\classes
2026-04-17 11:00:05,034 [Worker-1: Building] INFO  o.a.m.s.f.DefaultMavenResourcesFiltering - Copying 0 resource from src\main\resources to target\classes
2026-04-17 11:00:05,050 [Worker-1: Building] INFO  o.a.m.s.f.DefaultMavenResourcesFiltering - skip non existing resourceDirectory C:\Users\ASUS\OneDrive\Desktop\Sprint\connect-sphere\auth-service\src\test\resources
2026-04-17 11:00:28,785 [Worker-0: Building] INFO  o.e.m.c.i.l.LifecycleMappingFactory - Using org.eclipse.m2e.jdt.JarLifecycleMapping lifecycle mapping for MavenProject: com.connectsphere:auth-service:1.0.0 @ C:\Users\ASUS\OneDrive\Desktop\Sprint\connect-sphere\auth-service\pom.xml.
2026-04-17 11:00:29,438 [Worker-0: Building] INFO  o.a.m.s.f.DefaultMavenResourcesFiltering - Copying 0 resource from src\main\resources to target\classes
2026-04-17 11:00:29,439 [Worker-0: Building] INFO  o.a.m.s.f.DefaultMavenResourcesFiltering - Copying 0 resource from src\main\resources to target\classes
2026-04-17 11:00:29,443 [Worker-0: Building] INFO  o.a.m.s.f.DefaultMavenResourcesFiltering - skip non existing resourceDirectory C:\Users\ASUS\OneDrive\Desktop\Sprint\connect-sphere\auth-service\src\test\resources
2026-04-17 11:00:30,151 [Worker-1: Updating Maven Project] INFO  o.e.m.c.i.p.ProjectConfigurationManager - Update started
2026-04-17 11:00:30,524 [Worker-1: Updating Maven Project] INFO  o.e.m.c.i.l.LifecycleMappingFactory - Using org.eclipse.m2e.jdt.JarLifecycleMapping lifecycle mapping for MavenProject: com.connectsphere:auth-service:1.0.0 @ C:\Users\ASUS\OneDrive\Desktop\Sprint\connect-sphere\auth-service\pom.xml.
2026-04-17 11:00:31,378 [Worker-1: Updating Maven Project] INFO  o.e.m.j.i.AbstractJavaProjectConfigurator - Adding source folder /auth-service/src/main/java
2026-04-17 11:00:31,378 [Worker-1: Updating Maven Project] INFO  o.e.m.j.i.AbstractJavaProjectConfigurator - Adding resource folder /auth-service/src/main/resources
2026-04-17 11:00:31,379 [Worker-1: Updating Maven Project] INFO  o.e.m.j.i.AbstractJavaProjectConfigurator - Adding resource folder /auth-service/src/main/resources
2026-04-17 11:00:31,379 [Worker-1: Updating Maven Project] INFO  o.e.m.j.i.AbstractJavaProjectConfigurator - Adding source folder /auth-service/src/test/java
2026-04-17 11:00:31,380 [Worker-1: Updating Maven Project] INFO  o.e.m.j.i.AbstractJavaProjectConfigurator - Adding resource folder /auth-service/src/test/resources
2026-04-17 11:00:31,817 [Worker-1: Updating Maven Project] INFO  o.e.m.c.i.p.ProjectConfigurationManager - Update completed for 1 poms: local refresh takes 0.00 sec, refresh facades takes 1.00 sec, update config takes 0.00 sec 
2026-04-17 11:00:32,458 [Worker-0: Building] INFO  o.a.m.s.f.DefaultMavenResourcesFiltering - Copying 1 resource from src\main\resources to target\classes
2026-04-17 11:00:32,499 [Worker-0: Building] INFO  o.a.m.s.f.DefaultMavenResourcesFiltering - Copying 0 resource from src\main\resources to target\classes
2026-04-17 11:00:32,505 [Worker-0: Building] INFO  o.a.m.s.f.DefaultMavenResourcesFiltering - skip non existing resourceDirectory C:\Users\ASUS\OneDrive\Desktop\Sprint\connect-sphere\auth-service\src\test\resources
2026-04-17 11:02:06,542 [Worker-4: Building] INFO  o.e.m.c.i.l.LifecycleMappingFactory - Using org.eclipse.m2e.jdt.JarLifecycleMapping lifecycle mapping for MavenProject: com.connectsphere:auth-service:1.0.0 @ C:\Users\ASUS\OneDrive\Desktop\Sprint\connect-sphere\auth-service\pom.xml.
2026-04-17 11:02:07,147 [Worker-4: Building] INFO  o.a.m.s.f.DefaultMavenResourcesFiltering - Copying 0 resource from src\main\resources to target\classes
2026-04-17 11:02:07,147 [Worker-4: Building] INFO  o.a.m.s.f.DefaultMavenResourcesFiltering - Copying 0 resource from src\main\resources to target\classes
2026-04-17 11:02:07,151 [Worker-4: Building] INFO  o.a.m.s.f.DefaultMavenResourcesFiltering - skip non existing resourceDirectory C:\Users\ASUS\OneDrive\Desktop\Sprint\connect-sphere\auth-service\src\test\resources
2026-04-17 11:03:59,439 [Worker-0: Building] INFO  o.a.m.s.f.DefaultMavenResourcesFiltering - Copying 1 resource from src\main\resources to target\classes
2026-04-17 11:03:59,458 [Worker-0: Building] INFO  o.a.m.s.f.DefaultMavenResourcesFiltering - Copying 0 resource from src\main\resources to target\classes
2026-04-17 11:03:59,461 [Worker-0: Building] INFO  o.a.m.s.f.DefaultMavenResourcesFiltering - skip non existing resourceDirectory C:\Users\ASUS\OneDrive\Desktop\Sprint\connect-sphere\auth-service\src\test\resources
2026-04-17 11:04:05,580 [Worker-1: Building] INFO  o.a.m.s.f.DefaultMavenResourcesFiltering - Copying 1 resource from src\main\resources to target\classes
2026-04-17 11:04:05,586 [Worker-1: Building] INFO  o.a.m.s.f.DefaultMavenResourcesFiltering - Copying 0 resource from src\main\resources to target\classes
2026-04-17 11:04:05,588 [Worker-1: Building] INFO  o.a.m.s.f.DefaultMavenResourcesFiltering - skip non existing resourceDirectory C:\Users\ASUS\OneDrive\Desktop\Sprint\connect-sphere\auth-service\src\test\resources
2026-04-17 11:04:58,882 [Worker-8: Building] INFO  o.a.m.s.f.DefaultMavenResourcesFiltering - Copying 0 resource from src\main\resources to target\classes
2026-04-17 11:04:58,883 [Worker-8: Building] INFO  o.a.m.s.f.DefaultMavenResourcesFiltering - Copying 0 resource from src\main\resources to target\classes
2026-04-17 11:04:58,885 [Worker-8: Building] INFO  o.a.m.s.f.DefaultMavenResourcesFiltering - skip non existing resourceDirectory C:\Users\ASUS\OneDrive\Desktop\Sprint\connect-sphere\auth-service\src\test\resources
2026-04-17 11:05:10,357 [Worker-6: Building] INFO  o.a.m.s.f.DefaultMavenResourcesFiltering - Copying 1 resource from src\main\resources to target\classes
2026-04-17 11:05:10,363 [Worker-6: Building] INFO  o.a.m.s.f.DefaultMavenResourcesFiltering - Copying 0 resource from src\main\resources to target\classes
2026-04-17 11:05:10,366 [Worker-6: Building] INFO  o.a.m.s.f.DefaultMavenResourcesFiltering - skip non existing resourceDirectory C:\Users\ASUS\OneDrive\Desktop\Sprint\connect-sphere\auth-service\src\test\resources
2026-04-17 11:08:15,954 [Worker-1: Building] INFO  o.a.m.s.f.DefaultMavenResourcesFiltering - Copying 1 resource from src\main\resources to target\classes
2026-04-17 11:08:15,968 [Worker-1: Building] INFO  o.a.m.s.f.DefaultMavenResourcesFiltering - Copying 0 resource from src\main\resources to target\classes
2026-04-17 11:08:15,971 [Worker-1: Building] INFO  o.a.m.s.f.DefaultMavenResourcesFiltering - skip non existing resourceDirectory C:\Users\ASUS\OneDrive\Desktop\Sprint\connect-sphere\auth-service\src\test\resources
2026-04-17 11:08:22,541 [Worker-5: Building] INFO  o.a.m.s.f.DefaultMavenResourcesFiltering - Copying 1 resource from src\main\resources to target\classes
2026-04-17 11:08:22,546 [Worker-5: Building] INFO  o.a.m.s.f.DefaultMavenResourcesFiltering - Copying 0 resource from src\main\resources to target\classes
2026-04-17 11:08:22,549 [Worker-5: Building] INFO  o.a.m.s.f.DefaultMavenResourcesFiltering - skip non existing resourceDirectory C:\Users\ASUS\OneDrive\Desktop\Sprint\connect-sphere\auth-service\src\test\resources
2026-04-17 11:08:27,925 [Worker-0: Building] INFO  o.a.m.s.f.DefaultMavenResourcesFiltering - Copying 1 resource from src\main\resources to target\classes
2026-04-17 11:08:27,931 [Worker-0: Building] INFO  o.a.m.s.f.DefaultMavenResourcesFiltering - Copying 0 resource from src\main\resources to target\classes
2026-04-17 11:08:27,934 [Worker-0: Building] INFO  o.a.m.s.f.DefaultMavenResourcesFiltering - skip non existing resourceDirectory C:\Users\ASUS\OneDrive\Desktop\Sprint\connect-sphere\auth-service\src\test\resources
2026-04-17 11:08:34,172 [Worker-6: Building] INFO  o.a.m.s.f.DefaultMavenResourcesFiltering - Copying 1 resource from src\main\resources to target\classes
2026-04-17 11:08:34,182 [Worker-6: Building] INFO  o.a.m.s.f.DefaultMavenResourcesFiltering - Copying 0 resource from src\main\resources to target\classes
2026-04-17 11:08:34,189 [Worker-6: Building] INFO  o.a.m.s.f.DefaultMavenResourcesFiltering - skip non existing resourceDirectory C:\Users\ASUS\OneDrive\Desktop\Sprint\connect-sphere\auth-service\src\test\resources
2026-04-17 11:08:59,247 [Worker-8: Building] INFO  o.a.m.s.f.DefaultMavenResourcesFiltering - Copying 1 resource from src\main\resources to target\classes
2026-04-17 11:08:59,254 [Worker-8: Building] INFO  o.a.m.s.f.DefaultMavenResourcesFiltering - Copying 0 resource from src\main\resources to target\classes
2026-04-17 11:08:59,257 [Worker-8: Building] INFO  o.a.m.s.f.DefaultMavenResourcesFiltering - skip non existing resourceDirectory C:\Users\ASUS\OneDrive\Desktop\Sprint\connect-sphere\auth-service\src\test\resources
2026-04-17 11:09:10,164 [Worker-11: Building] INFO  o.a.m.s.f.DefaultMavenResourcesFiltering - Copying 1 resource from src\main\resources to target\classes
2026-04-17 11:09:10,170 [Worker-11: Building] INFO  o.a.m.s.f.DefaultMavenResourcesFiltering - Copying 0 resource from src\main\resources to target\classes
2026-04-17 11:09:10,174 [Worker-11: Building] INFO  o.a.m.s.f.DefaultMavenResourcesFiltering - skip non existing resourceDirectory C:\Users\ASUS\OneDrive\Desktop\Sprint\connect-sphere\auth-service\src\test\resources
2026-04-17 11:09:25,686 [Worker-5: Building] INFO  o.a.m.s.f.DefaultMavenResourcesFiltering - Copying 1 resource from src\main\resources to target\classes
2026-04-17 11:09:25,694 [Worker-5: Building] INFO  o.a.m.s.f.DefaultMavenResourcesFiltering - Copying 0 resource from src\main\resources to target\classes
2026-04-17 11:09:25,697 [Worker-5: Building] INFO  o.a.m.s.f.DefaultMavenResourcesFiltering - skip non existing resourceDirectory C:\Users\ASUS\OneDrive\Desktop\Sprint\connect-sphere\auth-service\src\test\resources
2026-04-17 11:09:50,382 [Worker-0: Building] INFO  o.a.m.s.f.DefaultMavenResourcesFiltering - Copying 1 resource from src\main\resources to target\classes
2026-04-17 11:09:50,391 [Worker-0: Building] INFO  o.a.m.s.f.DefaultMavenResourcesFiltering - Copying 0 resource from src\main\resources to target\classes
2026-04-17 11:09:50,394 [Worker-0: Building] INFO  o.a.m.s.f.DefaultMavenResourcesFiltering - skip non existing resourceDirectory C:\Users\ASUS\OneDrive\Desktop\Sprint\connect-sphere\auth-service\src\test\resources
2026-04-17 11:10:01,824 [Worker-11: Building] INFO  o.a.m.s.f.DefaultMavenResourcesFiltering - Copying 1 resource from src\main\resources to target\classes
2026-04-17 11:10:01,832 [Worker-11: Building] INFO  o.a.m.s.f.DefaultMavenResourcesFiltering - Copying 0 resource from src\main\resources to target\classes
2026-04-17 11:10:01,836 [Worker-11: Building] INFO  o.a.m.s.f.DefaultMavenResourcesFiltering - skip non existing resourceDirectory C:\Users\ASUS\OneDrive\Desktop\Sprint\connect-sphere\auth-service\src\test\resources
2026-04-17 11:10:24,431 [Worker-8: Building] INFO  o.a.m.s.f.DefaultMavenResourcesFiltering - Copying 1 resource from src\main\resources to target\classes
2026-04-17 11:10:24,440 [Worker-8: Building] INFO  o.a.m.s.f.DefaultMavenResourcesFiltering - Copying 0 resource from src\main\resources to target\classes
2026-04-17 11:10:24,443 [Worker-8: Building] INFO  o.a.m.s.f.DefaultMavenResourcesFiltering - skip non existing resourceDirectory C:\Users\ASUS\OneDrive\Desktop\Sprint\connect-sphere\auth-service\src\test\resources
2026-04-17 11:10:39,555 [Worker-12: Building] INFO  o.a.m.s.f.DefaultMavenResourcesFiltering - Copying 1 resource from src\main\resources to target\classes
2026-04-17 11:10:39,561 [Worker-12: Building] INFO  o.a.m.s.f.DefaultMavenResourcesFiltering - Copying 0 resource from src\main\resources to target\classes
2026-04-17 11:10:39,564 [Worker-12: Building] INFO  o.a.m.s.f.DefaultMavenResourcesFiltering - skip non existing resourceDirectory C:\Users\ASUS\OneDrive\Desktop\Sprint\connect-sphere\auth-service\src\test\resources
2026-04-17 11:10:50,243 [Worker-5: Building] INFO  o.a.m.s.f.DefaultMavenResourcesFiltering - Copying 1 resource from src\main\resources to target\classes
2026-04-17 11:10:50,312 [Worker-5: Building] INFO  o.a.m.s.f.DefaultMavenResourcesFiltering - Copying 0 resource from src\main\resources to target\classes
2026-04-17 11:10:50,315 [Worker-5: Building] INFO  o.a.m.s.f.DefaultMavenResourcesFiltering - skip non existing resourceDirectory C:\Users\ASUS\OneDrive\Desktop\Sprint\connect-sphere\auth-service\src\test\resources
2026-04-17 11:11:04,166 [Worker-11: Building] INFO  o.a.m.s.f.DefaultMavenResourcesFiltering - Copying 1 resource from src\main\resources to target\classes
2026-04-17 11:11:04,173 [Worker-11: Building] INFO  o.a.m.s.f.DefaultMavenResourcesFiltering - Copying 0 resource from src\main\resources to target\classes
2026-04-17 11:11:04,177 [Worker-11: Building] INFO  o.a.m.s.f.DefaultMavenResourcesFiltering - skip non existing resourceDirectory C:\Users\ASUS\OneDrive\Desktop\Sprint\connect-sphere\auth-service\src\test\resources
2026-04-17 11:11:11,574 [Worker-1: Building] INFO  o.a.m.s.f.DefaultMavenResourcesFiltering - Copying 1 resource from src\main\resources to target\classes
2026-04-17 11:11:11,580 [Worker-1: Building] INFO  o.a.m.s.f.DefaultMavenResourcesFiltering - Copying 0 resource from src\main\resources to target\classes
2026-04-17 11:11:11,583 [Worker-1: Building] INFO  o.a.m.s.f.DefaultMavenResourcesFiltering - skip non existing resourceDirectory C:\Users\ASUS\OneDrive\Desktop\Sprint\connect-sphere\auth-service\src\test\resources
2026-04-17 11:11:19,780 [Worker-5: Building] INFO  o.a.m.s.f.DefaultMavenResourcesFiltering - Copying 1 resource from src\main\resources to target\classes
2026-04-17 11:11:19,785 [Worker-5: Building] INFO  o.a.m.s.f.DefaultMavenResourcesFiltering - Copying 0 resource from src\main\resources to target\classes
2026-04-17 11:11:19,788 [Worker-5: Building] INFO  o.a.m.s.f.DefaultMavenResourcesFiltering - skip non existing resourceDirectory C:\Users\ASUS\OneDrive\Desktop\Sprint\connect-sphere\auth-service\src\test\resources
2026-04-17 11:11:25,965 [Worker-0: Building] INFO  o.a.m.s.f.DefaultMavenResourcesFiltering - Copying 1 resource from src\main\resources to target\classes
2026-04-17 11:11:25,970 [Worker-0: Building] INFO  o.a.m.s.f.DefaultMavenResourcesFiltering - Copying 0 resource from src\main\resources to target\classes
2026-04-17 11:11:25,973 [Worker-0: Building] INFO  o.a.m.s.f.DefaultMavenResourcesFiltering - skip non existing resourceDirectory C:\Users\ASUS\OneDrive\Desktop\Sprint\connect-sphere\auth-service\src\test\resources
2026-04-17 11:11:28,908 [Worker-11: Building] INFO  o.a.m.s.f.DefaultMavenResourcesFiltering - Copying 1 resource from src\main\resources to target\classes
2026-04-17 11:11:28,914 [Worker-11: Building] INFO  o.a.m.s.f.DefaultMavenResourcesFiltering - Copying 0 resource from src\main\resources to target\classes
2026-04-17 11:11:28,963 [Worker-11: Building] INFO  o.a.m.s.f.DefaultMavenResourcesFiltering - skip non existing resourceDirectory C:\Users\ASUS\OneDrive\Desktop\Sprint\connect-sphere\auth-service\src\test\resources
2026-04-17 11:11:42,664 [Worker-1: Building] INFO  o.a.m.s.f.DefaultMavenResourcesFiltering - Copying 1 resource from src\main\resources to target\classes
2026-04-17 11:11:42,670 [Worker-1: Building] INFO  o.a.m.s.f.DefaultMavenResourcesFiltering - Copying 0 resource from src\main\resources to target\classes
2026-04-17 11:11:42,672 [Worker-1: Building] INFO  o.a.m.s.f.DefaultMavenResourcesFiltering - skip non existing resourceDirectory C:\Users\ASUS\OneDrive\Desktop\Sprint\connect-sphere\auth-service\src\test\resources
2026-04-17 11:11:48,165 [Worker-14: Building] INFO  o.a.m.s.f.DefaultMavenResourcesFiltering - Copying 1 resource from src\main\resources to target\classes
2026-04-17 11:11:48,170 [Worker-14: Building] INFO  o.a.m.s.f.DefaultMavenResourcesFiltering - Copying 0 resource from src\main\resources to target\classes
2026-04-17 11:11:48,173 [Worker-14: Building] INFO  o.a.m.s.f.DefaultMavenResourcesFiltering - skip non existing resourceDirectory C:\Users\ASUS\OneDrive\Desktop\Sprint\connect-sphere\auth-service\src\test\resources
2026-04-17 11:11:54,555 [Worker-1: Building] INFO  o.a.m.s.f.DefaultMavenResourcesFiltering - Copying 1 resource from src\main\resources to target\classes
2026-04-17 11:11:54,560 [Worker-1: Building] INFO  o.a.m.s.f.DefaultMavenResourcesFiltering - Copying 0 resource from src\main\resources to target\classes
2026-04-17 11:11:54,563 [Worker-1: Building] INFO  o.a.m.s.f.DefaultMavenResourcesFiltering - skip non existing resourceDirectory C:\Users\ASUS\OneDrive\Desktop\Sprint\connect-sphere\auth-service\src\test\resources
2026-04-17 11:12:01,802 [Worker-5: Building] INFO  o.a.m.s.f.DefaultMavenResourcesFiltering - Copying 1 resource from src\main\resources to target\classes
2026-04-17 11:12:01,809 [Worker-5: Building] INFO  o.a.m.s.f.DefaultMavenResourcesFiltering - Copying 0 resource from src\main\resources to target\classes
2026-04-17 11:12:01,813 [Worker-5: Building] INFO  o.a.m.s.f.DefaultMavenResourcesFiltering - skip non existing resourceDirectory C:\Users\ASUS\OneDrive\Desktop\Sprint\connect-sphere\auth-service\src\test\resources
2026-04-17 11:13:08,144 [Worker-5: Building] INFO  o.a.m.s.f.DefaultMavenResourcesFiltering - Copying 1 resource from src\main\resources to target\classes
2026-04-17 11:13:08,150 [Worker-5: Building] INFO  o.a.m.s.f.DefaultMavenResourcesFiltering - Copying 0 resource from src\main\resources to target\classes
2026-04-17 11:13:08,154 [Worker-5: Building] INFO  o.a.m.s.f.DefaultMavenResourcesFiltering - skip non existing resourceDirectory C:\Users\ASUS\OneDrive\Desktop\Sprint\connect-sphere\auth-service\src\test\resources
2026-04-17 11:13:22,528 [Worker-8: Building] INFO  o.a.m.s.f.DefaultMavenResourcesFiltering - Copying 1 resource from src\main\resources to target\classes
2026-04-17 11:13:22,533 [Worker-8: Building] INFO  o.a.m.s.f.DefaultMavenResourcesFiltering - Copying 0 resource from src\main\resources to target\classes
2026-04-17 11:13:22,537 [Worker-8: Building] INFO  o.a.m.s.f.DefaultMavenResourcesFiltering - skip non existing resourceDirectory C:\Users\ASUS\OneDrive\Desktop\Sprint\connect-sphere\auth-service\src\test\resources
2026-04-17 11:13:29,951 [Worker-11: Building] INFO  o.a.m.s.f.DefaultMavenResourcesFiltering - Copying 1 resource from src\main\resources to target\classes
2026-04-17 11:13:29,957 [Worker-11: Building] INFO  o.a.m.s.f.DefaultMavenResourcesFiltering - Copying 0 resource from src\main\resources to target\classes
2026-04-17 11:13:29,961 [Worker-11: Building] INFO  o.a.m.s.f.DefaultMavenResourcesFiltering - skip non existing resourceDirectory C:\Users\ASUS\OneDrive\Desktop\Sprint\connect-sphere\auth-service\src\test\resources
2026-04-17 11:13:42,851 [Worker-0: Building] INFO  o.a.m.s.f.DefaultMavenResourcesFiltering - Copying 1 resource from src\main\resources to target\classes
2026-04-17 11:13:42,856 [Worker-0: Building] INFO  o.a.m.s.f.DefaultMavenResourcesFiltering - Copying 0 resource from src\main\resources to target\classes
2026-04-17 11:13:42,859 [Worker-0: Building] INFO  o.a.m.s.f.DefaultMavenResourcesFiltering - skip non existing resourceDirectory C:\Users\ASUS\OneDrive\Desktop\Sprint\connect-sphere\auth-service\src\test\resources
2026-04-17 11:13:52,216 [Worker-5: Building] INFO  o.a.m.s.f.DefaultMavenResourcesFiltering - Copying 1 resource from src\main\resources to target\classes
2026-04-17 11:13:52,221 [Worker-5: Building] INFO  o.a.m.s.f.DefaultMavenResourcesFiltering - Copying 0 resource from src\main\resources to target\classes
2026-04-17 11:13:52,224 [Worker-5: Building] INFO  o.a.m.s.f.DefaultMavenResourcesFiltering - skip non existing resourceDirectory C:\Users\ASUS\OneDrive\Desktop\Sprint\connect-sphere\auth-service\src\test\resources
2026-04-17 11:14:06,336 [Worker-13: Building] INFO  o.a.m.s.f.DefaultMavenResourcesFiltering - Copying 1 resource from src\main\resources to target\classes
2026-04-17 11:14:06,341 [Worker-13: Building] INFO  o.a.m.s.f.DefaultMavenResourcesFiltering - Copying 0 resource from src\main\resources to target\classes
2026-04-17 11:14:06,345 [Worker-13: Building] INFO  o.a.m.s.f.DefaultMavenResourcesFiltering - skip non existing resourceDirectory C:\Users\ASUS\OneDrive\Desktop\Sprint\connect-sphere\auth-service\src\test\resources
2026-04-17 11:14:22,230 [Worker-14: Building] INFO  o.a.m.s.f.DefaultMavenResourcesFiltering - Copying 1 resource from src\main\resources to target\classes
2026-04-17 11:14:22,236 [Worker-14: Building] INFO  o.a.m.s.f.DefaultMavenResourcesFiltering - Copying 0 resource from src\main\resources to target\classes
2026-04-17 11:14:22,239 [Worker-14: Building] INFO  o.a.m.s.f.DefaultMavenResourcesFiltering - skip non existing resourceDirectory C:\Users\ASUS\OneDrive\Desktop\Sprint\connect-sphere\auth-service\src\test\resources
2026-04-17 11:14:42,692 [Worker-5: Building] INFO  o.a.m.s.f.DefaultMavenResourcesFiltering - Copying 1 resource from src\main\resources to target\classes
2026-04-17 11:14:42,703 [Worker-5: Building] INFO  o.a.m.s.f.DefaultMavenResourcesFiltering - Copying 0 resource from src\main\resources to target\classes
2026-04-17 11:14:42,708 [Worker-5: Building] INFO  o.a.m.s.f.DefaultMavenResourcesFiltering - skip non existing resourceDirectory C:\Users\ASUS\OneDrive\Desktop\Sprint\connect-sphere\auth-service\src\test\resources
2026-04-17 11:14:49,588 [Worker-1: Building] INFO  o.a.m.s.f.DefaultMavenResourcesFiltering - Copying 1 resource from src\main\resources to target\classes
2026-04-17 11:14:49,592 [Worker-1: Building] INFO  o.a.m.s.f.DefaultMavenResourcesFiltering - Copying 0 resource from src\main\resources to target\classes
2026-04-17 11:14:49,594 [Worker-1: Building] INFO  o.a.m.s.f.DefaultMavenResourcesFiltering - skip non existing resourceDirectory C:\Users\ASUS\OneDrive\Desktop\Sprint\connect-sphere\auth-service\src\test\resources
2026-04-17 11:15:00,383 [Worker-16: Building] INFO  o.a.m.s.f.DefaultMavenResourcesFiltering - Copying 1 resource from src\main\resources to target\classes
2026-04-17 11:15:00,392 [Worker-16: Building] INFO  o.a.m.s.f.DefaultMavenResourcesFiltering - Copying 0 resource from src\main\resources to target\classes
2026-04-17 11:15:00,394 [Worker-16: Building] INFO  o.a.m.s.f.DefaultMavenResourcesFiltering - skip non existing resourceDirectory C:\Users\ASUS\OneDrive\Desktop\Sprint\connect-sphere\auth-service\src\test\resources
2026-04-17 11:15:02,529 [Worker-8: Building] INFO  o.a.m.s.f.DefaultMavenResourcesFiltering - Copying 1 resource from src\main\resources to target\classes
2026-04-17 11:15:02,535 [Worker-8: Building] INFO  o.a.m.s.f.DefaultMavenResourcesFiltering - Copying 0 resource from src\main\resources to target\classes
2026-04-17 11:15:02,538 [Worker-8: Building] INFO  o.a.m.s.f.DefaultMavenResourcesFiltering - skip non existing resourceDirectory C:\Users\ASUS\OneDrive\Desktop\Sprint\connect-sphere\auth-service\src\test\resources
2026-04-17 11:15:10,272 [Worker-5: Building] INFO  o.a.m.s.f.DefaultMavenResourcesFiltering - Copying 1 resource from src\main\resources to target\classes
2026-04-17 11:15:10,280 [Worker-5: Building] INFO  o.a.m.s.f.DefaultMavenResourcesFiltering - Copying 0 resource from src\main\resources to target\classes
2026-04-17 11:15:10,284 [Worker-5: Building] INFO  o.a.m.s.f.DefaultMavenResourcesFiltering - skip non existing resourceDirectory C:\Users\ASUS\OneDrive\Desktop\Sprint\connect-sphere\auth-service\src\test\resources
2026-04-17 11:15:31,532 [Worker-5: Building] INFO  o.a.m.s.f.DefaultMavenResourcesFiltering - Copying 1 resource from src\main\resources to target\classes
2026-04-17 11:15:31,542 [Worker-5: Building] INFO  o.a.m.s.f.DefaultMavenResourcesFiltering - Copying 0 resource from src\main\resources to target\classes
2026-04-17 11:15:31,544 [Worker-5: Building] INFO  o.a.m.s.f.DefaultMavenResourcesFiltering - skip non existing resourceDirectory C:\Users\ASUS\OneDrive\Desktop\Sprint\connect-sphere\auth-service\src\test\resources
2026-04-17 11:18:51,692 [Worker-15: Building] INFO  o.a.m.s.f.DefaultMavenResourcesFiltering - Copying 1 resource from src\main\resources to target\classes
2026-04-17 11:18:51,699 [Worker-15: Building] INFO  o.a.m.s.f.DefaultMavenResourcesFiltering - Copying 0 resource from src\main\resources to target\classes
2026-04-17 11:18:51,703 [Worker-15: Building] INFO  o.a.m.s.f.DefaultMavenResourcesFiltering - skip non existing resourceDirectory C:\Users\ASUS\OneDrive\Desktop\Sprint\connect-sphere\auth-service\src\test\resources
2026-04-17 11:23:02,815 [LS-org.eclipse.languageserver.languages.springboot#listener-0] ERROR reactor.core.publisher.Operators - Operator called default onErrorDropped
reactor.core.Exceptions$ErrorCallbackNotImplemented: java.lang.IllegalStateException: Unexpected null value present!
Caused by: java.lang.IllegalStateException: Unexpected null value present!
	at org.eclipse.lsp4e.internal.NullSafetyHelper.castNonNull(NullSafetyHelper.java:36)
	at org.eclipse.lsp4e.LanguageServerWrapper.lambda$19(LanguageServerWrapper.java:938)
	at java.base/java.util.concurrent.CompletableFuture.uniApplyNow(CompletableFuture.java:684)
	at java.base/java.util.concurrent.CompletableFuture.uniApplyStage(CompletableFuture.java:662)
	at java.base/java.util.concurrent.CompletableFuture.thenApply(CompletableFuture.java:2200)
	at org.eclipse.lsp4e.LanguageServerWrapper.getServerCapabilitiesAsync(LanguageServerWrapper.java:938)
	at org.eclipse.lsp4e.LanguageServiceAccessor.capabilitiesComplyAsync(LanguageServiceAccessor.java:226)
	at org.eclipse.lsp4e.LanguageServiceAccessor.getStartedWrappersAsync(LanguageServiceAccessor.java:475)
	at org.eclipse.lsp4e.LanguageServiceAccessor.getStartedWrappersAsync(LanguageServiceAccessor.java:461)
	at org.eclipse.lsp4e.LanguageServers$LanguageServerProjectExecutor.getServers(LanguageServers.java:332)
	at org.eclipse.lsp4e.LanguageServers.executeOnServers(LanguageServers.java:441)
	at org.eclipse.lsp4e.LanguageServers.collectAll(LanguageServers.java:92)
	at org.eclipse.lsp4e.LanguageServers.collectAll(LanguageServers.java:75)
	at org.springframework.ide.eclipse.boot.dash.liveprocess.DefaultLiveProcessCommandExecutor.executeCommand(DefaultLiveProcessCommandExecutor.java:54)
	at org.springframework.ide.eclipse.boot.dash.BootDashActivator$1.stateChanged(BootDashActivator.java:219)
	at org.springframework.ide.eclipse.boot.dash.BootDashActivator$1.stateChanged(BootDashActivator.java:1)
	at org.springframework.ide.eclipse.boot.dash.util.RunStateTracker.updateOwnerStatesAndFireEvents(RunStateTracker.java:216)
	at org.springframework.ide.eclipse.boot.dash.util.RunStateTracker$1.gotValue(RunStateTracker.java:151)
	at org.springframework.ide.eclipse.boot.dash.util.RunStateTracker$1.gotValue(RunStateTracker.java:1)
	at org.springsource.ide.eclipse.commons.livexp.core.LiveExpression.changed(LiveExpression.java:137)
	at org.springsource.ide.eclipse.commons.livexp.core.LiveExpression.refresh(LiveExpression.java:81)
	at org.springsource.ide.eclipse.commons.livexp.core.LiveVariable.setValue(LiveVariable.java:46)
	at org.springframework.ide.eclipse.boot.dash.util.AbstractPollingAppReadyStateMonitor$1.run(AbstractPollingAppReadyStateMonitor.java:51)
	at org.eclipse.core.internal.jobs.Worker.run(Worker.java:63)
2026-04-17 11:24:55,918 [Worker-5: Loading available Gradle versions] INFO  o.e.b.c.i.u.g.PublishedGradleVersions - Gradle version information cache is up-to-date. Trying to read.
2026-04-17 11:41:28,541 [LS-org.eclipse.languageserver.languages.springboot#listener-0] ERROR reactor.core.publisher.Operators - Operator called default onErrorDropped
reactor.core.Exceptions$ErrorCallbackNotImplemented: java.lang.IllegalStateException: Unexpected null value present!
Caused by: java.lang.IllegalStateException: Unexpected null value present!
	at org.eclipse.lsp4e.internal.NullSafetyHelper.castNonNull(NullSafetyHelper.java:36)
	at org.eclipse.lsp4e.LanguageServerWrapper.lambda$19(LanguageServerWrapper.java:938)
	at java.base/java.util.concurrent.CompletableFuture.uniApplyNow(CompletableFuture.java:684)
	at java.base/java.util.concurrent.CompletableFuture.uniApplyStage(CompletableFuture.java:662)
	at java.base/java.util.concurrent.CompletableFuture.thenApply(CompletableFuture.java:2200)
	at org.eclipse.lsp4e.LanguageServerWrapper.getServerCapabilitiesAsync(LanguageServerWrapper.java:938)
	at org.eclipse.lsp4e.LanguageServiceAccessor.capabilitiesComplyAsync(LanguageServiceAccessor.java:226)
	at org.eclipse.lsp4e.LanguageServiceAccessor.getStartedWrappersAsync(LanguageServiceAccessor.java:475)
	at org.eclipse.lsp4e.LanguageServiceAccessor.getStartedWrappersAsync(LanguageServiceAccessor.java:461)
	at org.eclipse.lsp4e.LanguageServers$LanguageServerProjectExecutor.getServers(LanguageServers.java:332)
	at org.eclipse.lsp4e.LanguageServers.executeOnServers(LanguageServers.java:441)
	at org.eclipse.lsp4e.LanguageServers.collectAll(LanguageServers.java:92)
	at org.eclipse.lsp4e.LanguageServers.collectAll(LanguageServers.java:75)
	at org.springframework.ide.eclipse.boot.dash.liveprocess.DefaultLiveProcessCommandExecutor.executeCommand(DefaultLiveProcessCommandExecutor.java:62)
	at org.springframework.ide.eclipse.boot.dash.BootDashActivator$1.stateChanged(BootDashActivator.java:229)
	at org.springframework.ide.eclipse.boot.dash.BootDashActivator$1.stateChanged(BootDashActivator.java:1)
	at org.springframework.ide.eclipse.boot.dash.util.RunStateTracker.updateOwnerStatesAndFireEvents(RunStateTracker.java:216)
	at org.springframework.ide.eclipse.boot.dash.util.RunStateTracker.processTerminated(RunStateTracker.java:267)
	at org.springframework.ide.eclipse.boot.util.ProcessTracker.processTerminated(ProcessTracker.java:112)
	at org.springframework.ide.eclipse.boot.util.ProcessTracker.handleDebugEvent(ProcessTracker.java:78)
	at org.springframework.ide.eclipse.boot.util.ProcessTracker$1.handleDebugEvents(ProcessTracker.java:48)
	at org.eclipse.debug.core.DebugPlugin$EventNotifier.run(DebugPlugin.java:1287)
	at org.eclipse.core.runtime.SafeRunner.run(SafeRunner.java:47)
	at org.eclipse.debug.core.DebugPlugin$EventNotifier.dispatch(DebugPlugin.java:1321)
	at org.eclipse.debug.core.DebugPlugin$EventDispatchJob.run(DebugPlugin.java:498)
	at org.eclipse.core.internal.jobs.Worker.run(Worker.java:63)
2026-04-17 11:41:32,676 [Worker-11: Launching auth-service - AuthServiceApplication] INFO  o.a.m.s.f.DefaultMavenResourcesFiltering - Copying 1 resource from src\main\resources to target\classes
2026-04-17 11:41:32,722 [Worker-11: Launching auth-service - AuthServiceApplication] INFO  o.a.m.s.f.DefaultMavenResourcesFiltering - Copying 0 resource from src\main\resources to target\classes
2026-04-17 11:41:32,729 [Worker-11: Launching auth-service - AuthServiceApplication] INFO  o.a.m.s.f.DefaultMavenResourcesFiltering - skip non existing resourceDirectory C:\Users\ASUS\OneDrive\Desktop\Sprint\connect-sphere\auth-service\src\test\resources
2026-04-17 11:41:34,997 [LS-org.eclipse.languageserver.languages.springboot#listener-0] ERROR reactor.core.publisher.Operators - Operator called default onErrorDropped
reactor.core.Exceptions$ErrorCallbackNotImplemented: java.lang.IllegalStateException: Unexpected null value present!
Caused by: java.lang.IllegalStateException: Unexpected null value present!
	at org.eclipse.lsp4e.internal.NullSafetyHelper.castNonNull(NullSafetyHelper.java:36)
	at org.eclipse.lsp4e.LanguageServerWrapper.lambda$19(LanguageServerWrapper.java:938)
	at java.base/java.util.concurrent.CompletableFuture.uniApplyNow(CompletableFuture.java:684)
	at java.base/java.util.concurrent.CompletableFuture.uniApplyStage(CompletableFuture.java:662)
	at java.base/java.util.concurrent.CompletableFuture.thenApply(CompletableFuture.java:2200)
	at org.eclipse.lsp4e.LanguageServerWrapper.getServerCapabilitiesAsync(LanguageServerWrapper.java:938)
	at org.eclipse.lsp4e.LanguageServiceAccessor.capabilitiesComplyAsync(LanguageServiceAccessor.java:226)
	at org.eclipse.lsp4e.LanguageServiceAccessor.getStartedWrappersAsync(LanguageServiceAccessor.java:475)
	at org.eclipse.lsp4e.LanguageServiceAccessor.getStartedWrappersAsync(LanguageServiceAccessor.java:461)
	at org.eclipse.lsp4e.LanguageServers$LanguageServerProjectExecutor.getServers(LanguageServers.java:332)
	at org.eclipse.lsp4e.LanguageServers.executeOnServers(LanguageServers.java:441)
	at org.eclipse.lsp4e.LanguageServers.collectAll(LanguageServers.java:92)
	at org.eclipse.lsp4e.LanguageServers.collectAll(LanguageServers.java:75)
	at org.springframework.ide.eclipse.boot.dash.liveprocess.DefaultLiveProcessCommandExecutor.executeCommand(DefaultLiveProcessCommandExecutor.java:62)
	at org.springframework.ide.eclipse.boot.dash.BootDashActivator$1.stateChanged(BootDashActivator.java:229)
	at org.springframework.ide.eclipse.boot.dash.BootDashActivator$1.stateChanged(BootDashActivator.java:1)
	at org.springframework.ide.eclipse.boot.dash.util.RunStateTracker.updateOwnerStatesAndFireEvents(RunStateTracker.java:216)
	at org.springframework.ide.eclipse.boot.dash.util.RunStateTracker.processTerminated(RunStateTracker.java:267)
	at org.springframework.ide.eclipse.boot.util.ProcessTracker.processTerminated(ProcessTracker.java:112)
	at org.springframework.ide.eclipse.boot.util.ProcessTracker.handleDebugEvent(ProcessTracker.java:78)
	at org.springframework.ide.eclipse.boot.util.ProcessTracker$1.handleDebugEvents(ProcessTracker.java:48)
	at org.eclipse.debug.core.DebugPlugin$EventNotifier.run(DebugPlugin.java:1287)
	at org.eclipse.core.runtime.SafeRunner.run(SafeRunner.java:47)
	at org.eclipse.debug.core.DebugPlugin$EventNotifier.dispatch(DebugPlugin.java:1321)
	at org.eclipse.debug.core.DebugPlugin$EventDispatchJob.run(DebugPlugin.java:498)
	at org.eclipse.core.internal.jobs.Worker.run(Worker.java:63)
2026-04-17 11:41:55,487 [LS-org.eclipse.languageserver.languages.springboot#listener-0] ERROR reactor.core.publisher.Operators - Operator called default onErrorDropped
reactor.core.Exceptions$ErrorCallbackNotImplemented: java.lang.IllegalStateException: Unexpected null value present!
Caused by: java.lang.IllegalStateException: Unexpected null value present!
	at org.eclipse.lsp4e.internal.NullSafetyHelper.castNonNull(NullSafetyHelper.java:36)
	at org.eclipse.lsp4e.LanguageServerWrapper.lambda$19(LanguageServerWrapper.java:938)
	at java.base/java.util.concurrent.CompletableFuture.uniApplyNow(CompletableFuture.java:684)
	at java.base/java.util.concurrent.CompletableFuture.uniApplyStage(CompletableFuture.java:662)
	at java.base/java.util.concurrent.CompletableFuture.thenApply(CompletableFuture.java:2200)
	at org.eclipse.lsp4e.LanguageServerWrapper.getServerCapabilitiesAsync(LanguageServerWrapper.java:938)
	at org.eclipse.lsp4e.LanguageServiceAccessor.capabilitiesComplyAsync(LanguageServiceAccessor.java:226)
	at org.eclipse.lsp4e.LanguageServiceAccessor.getStartedWrappersAsync(LanguageServiceAccessor.java:475)
	at org.eclipse.lsp4e.LanguageServiceAccessor.getStartedWrappersAsync(LanguageServiceAccessor.java:461)
	at org.eclipse.lsp4e.LanguageServers$LanguageServerProjectExecutor.getServers(LanguageServers.java:332)
	at org.eclipse.lsp4e.LanguageServers.executeOnServers(LanguageServers.java:441)
	at org.eclipse.lsp4e.LanguageServers.collectAll(LanguageServers.java:92)
	at org.eclipse.lsp4e.LanguageServers.collectAll(LanguageServers.java:75)
	at org.springframework.ide.eclipse.boot.dash.liveprocess.DefaultLiveProcessCommandExecutor.executeCommand(DefaultLiveProcessCommandExecutor.java:62)
	at org.springframework.ide.eclipse.boot.dash.BootDashActivator$1.stateChanged(BootDashActivator.java:229)
	at org.springframework.ide.eclipse.boot.dash.BootDashActivator$1.stateChanged(BootDashActivator.java:1)
	at org.springframework.ide.eclipse.boot.dash.util.RunStateTracker.updateOwnerStatesAndFireEvents(RunStateTracker.java:216)
	at org.springframework.ide.eclipse.boot.dash.util.RunStateTracker.processTerminated(RunStateTracker.java:267)
	at org.springframework.ide.eclipse.boot.util.ProcessTracker.processTerminated(ProcessTracker.java:112)
	at org.springframework.ide.eclipse.boot.util.ProcessTracker.handleDebugEvent(ProcessTracker.java:78)
	at org.springframework.ide.eclipse.boot.util.ProcessTracker$1.handleDebugEvents(ProcessTracker.java:48)
	at org.eclipse.debug.core.DebugPlugin$EventNotifier.run(DebugPlugin.java:1287)
	at org.eclipse.core.runtime.SafeRunner.run(SafeRunner.java:47)
	at org.eclipse.debug.core.DebugPlugin$EventNotifier.dispatch(DebugPlugin.java:1321)
	at org.eclipse.debug.core.DebugPlugin$EventDispatchJob.run(DebugPlugin.java:498)
	at org.eclipse.core.internal.jobs.Worker.run(Worker.java:63)
2026-04-17 11:42:17,715 [LS-org.eclipse.languageserver.languages.springboot#listener-0] ERROR reactor.core.publisher.Operators - Operator called default onErrorDropped
reactor.core.Exceptions$ErrorCallbackNotImplemented: java.lang.IllegalStateException: Unexpected null value present!
Caused by: java.lang.IllegalStateException: Unexpected null value present!
	at org.eclipse.lsp4e.internal.NullSafetyHelper.castNonNull(NullSafetyHelper.java:36)
	at org.eclipse.lsp4e.LanguageServerWrapper.lambda$19(LanguageServerWrapper.java:938)
	at java.base/java.util.concurrent.CompletableFuture.uniApplyNow(CompletableFuture.java:684)
	at java.base/java.util.concurrent.CompletableFuture.uniApplyStage(CompletableFuture.java:662)
	at java.base/java.util.concurrent.CompletableFuture.thenApply(CompletableFuture.java:2200)
	at org.eclipse.lsp4e.LanguageServerWrapper.getServerCapabilitiesAsync(LanguageServerWrapper.java:938)
	at org.eclipse.lsp4e.LanguageServiceAccessor.capabilitiesComplyAsync(LanguageServiceAccessor.java:226)
	at org.eclipse.lsp4e.LanguageServiceAccessor.getStartedWrappersAsync(LanguageServiceAccessor.java:475)
	at org.eclipse.lsp4e.LanguageServiceAccessor.getStartedWrappersAsync(LanguageServiceAccessor.java:461)
	at org.eclipse.lsp4e.LanguageServers$LanguageServerProjectExecutor.getServers(LanguageServers.java:332)
	at org.eclipse.lsp4e.LanguageServers.executeOnServers(LanguageServers.java:441)
	at org.eclipse.lsp4e.LanguageServers.collectAll(LanguageServers.java:92)
	at org.eclipse.lsp4e.LanguageServers.collectAll(LanguageServers.java:75)
	at org.springframework.ide.eclipse.boot.dash.liveprocess.DefaultLiveProcessCommandExecutor.executeCommand(DefaultLiveProcessCommandExecutor.java:62)
	at org.springframework.ide.eclipse.boot.dash.BootDashActivator$1.stateChanged(BootDashActivator.java:229)
	at org.springframework.ide.eclipse.boot.dash.BootDashActivator$1.stateChanged(BootDashActivator.java:1)
	at org.springframework.ide.eclipse.boot.dash.util.RunStateTracker.updateOwnerStatesAndFireEvents(RunStateTracker.java:216)
	at org.springframework.ide.eclipse.boot.dash.util.RunStateTracker.processTerminated(RunStateTracker.java:267)
	at org.springframework.ide.eclipse.boot.util.ProcessTracker.processTerminated(ProcessTracker.java:112)
	at org.springframework.ide.eclipse.boot.util.ProcessTracker.handleDebugEvent(ProcessTracker.java:78)
	at org.springframework.ide.eclipse.boot.util.ProcessTracker$1.handleDebugEvents(ProcessTracker.java:48)
	at org.eclipse.debug.core.DebugPlugin$EventNotifier.run(DebugPlugin.java:1287)
	at org.eclipse.core.runtime.SafeRunner.run(SafeRunner.java:47)
	at org.eclipse.debug.core.DebugPlugin$EventNotifier.dispatch(DebugPlugin.java:1321)
	at org.eclipse.debug.core.DebugPlugin$EventDispatchJob.run(DebugPlugin.java:498)
	at org.eclipse.core.internal.jobs.Worker.run(Worker.java:63)
2026-04-17 11:43:36,961 [Worker-2: Building] INFO  o.a.m.s.f.DefaultMavenResourcesFiltering - Copying 1 resource from src\main\resources to target\classes
2026-04-17 11:43:36,972 [Worker-2: Building] INFO  o.a.m.s.f.DefaultMavenResourcesFiltering - Copying 0 resource from src\main\resources to target\classes
2026-04-17 11:43:36,981 [Worker-2: Building] INFO  o.a.m.s.f.DefaultMavenResourcesFiltering - skip non existing resourceDirectory C:\Users\ASUS\OneDrive\Desktop\Sprint\connect-sphere\auth-service\src\test\resources
2026-04-17 11:43:49,638 [LS-org.eclipse.languageserver.languages.springboot#listener-0] ERROR reactor.core.publisher.Operators - Operator called default onErrorDropped
reactor.core.Exceptions$ErrorCallbackNotImplemented: java.lang.IllegalStateException: Unexpected null value present!
Caused by: java.lang.IllegalStateException: Unexpected null value present!
	at org.eclipse.lsp4e.internal.NullSafetyHelper.castNonNull(NullSafetyHelper.java:36)
	at org.eclipse.lsp4e.LanguageServerWrapper.lambda$19(LanguageServerWrapper.java:938)
	at java.base/java.util.concurrent.CompletableFuture.uniApplyNow(CompletableFuture.java:684)
	at java.base/java.util.concurrent.CompletableFuture.uniApplyStage(CompletableFuture.java:662)
	at java.base/java.util.concurrent.CompletableFuture.thenApply(CompletableFuture.java:2200)
	at org.eclipse.lsp4e.LanguageServerWrapper.getServerCapabilitiesAsync(LanguageServerWrapper.java:938)
	at org.eclipse.lsp4e.LanguageServiceAccessor.capabilitiesComplyAsync(LanguageServiceAccessor.java:226)
	at org.eclipse.lsp4e.LanguageServiceAccessor.getStartedWrappersAsync(LanguageServiceAccessor.java:475)
	at org.eclipse.lsp4e.LanguageServiceAccessor.getStartedWrappersAsync(LanguageServiceAccessor.java:461)
	at org.eclipse.lsp4e.LanguageServers$LanguageServerProjectExecutor.getServers(LanguageServers.java:332)
	at org.eclipse.lsp4e.LanguageServers.executeOnServers(LanguageServers.java:441)
	at org.eclipse.lsp4e.LanguageServers.collectAll(LanguageServers.java:92)
	at org.eclipse.lsp4e.LanguageServers.collectAll(LanguageServers.java:75)
	at org.springframework.ide.eclipse.boot.dash.liveprocess.DefaultLiveProcessCommandExecutor.executeCommand(DefaultLiveProcessCommandExecutor.java:54)
	at org.springframework.ide.eclipse.boot.dash.BootDashActivator$1.stateChanged(BootDashActivator.java:219)
	at org.springframework.ide.eclipse.boot.dash.BootDashActivator$1.stateChanged(BootDashActivator.java:1)
	at org.springframework.ide.eclipse.boot.dash.util.RunStateTracker.updateOwnerStatesAndFireEvents(RunStateTracker.java:216)
	at org.springframework.ide.eclipse.boot.dash.util.RunStateTracker$1.gotValue(RunStateTracker.java:151)
	at org.springframework.ide.eclipse.boot.dash.util.RunStateTracker$1.gotValue(RunStateTracker.java:1)
	at org.springsource.ide.eclipse.commons.livexp.core.LiveExpression.changed(LiveExpression.java:137)
	at org.springsource.ide.eclipse.commons.livexp.core.LiveExpression.refresh(LiveExpression.java:81)
	at org.springsource.ide.eclipse.commons.livexp.core.LiveVariable.setValue(LiveVariable.java:46)
	at org.springframework.ide.eclipse.boot.dash.util.AbstractPollingAppReadyStateMonitor$1.run(AbstractPollingAppReadyStateMonitor.java:51)
	at org.eclipse.core.internal.jobs.Worker.run(Worker.java:63)
2026-04-17 12:33:36,365 [Worker-5: Building] INFO  o.a.m.s.f.DefaultMavenResourcesFiltering - Copying 1 resource from src\main\resources to target\classes
2026-04-17 12:33:36,372 [Worker-5: Building] INFO  o.a.m.s.f.DefaultMavenResourcesFiltering - Copying 0 resource from src\main\resources to target\classes
2026-04-17 12:33:36,377 [Worker-5: Building] INFO  o.a.m.s.f.DefaultMavenResourcesFiltering - skip non existing resourceDirectory C:\Users\ASUS\OneDrive\Desktop\Sprint\connect-sphere\auth-service\src\test\resources
2026-04-17 12:36:12,187 [LS-org.eclipse.languageserver.languages.springboot#listener-0] ERROR reactor.core.publisher.Operators - Operator called default onErrorDropped
reactor.core.Exceptions$ErrorCallbackNotImplemented: java.lang.IllegalStateException: Unexpected null value present!
Caused by: java.lang.IllegalStateException: Unexpected null value present!
	at org.eclipse.lsp4e.internal.NullSafetyHelper.castNonNull(NullSafetyHelper.java:36)
	at org.eclipse.lsp4e.LanguageServerWrapper.lambda$19(LanguageServerWrapper.java:938)
	at java.base/java.util.concurrent.CompletableFuture.uniApplyNow(CompletableFuture.java:684)
	at java.base/java.util.concurrent.CompletableFuture.uniApplyStage(CompletableFuture.java:662)
	at java.base/java.util.concurrent.CompletableFuture.thenApply(CompletableFuture.java:2200)
	at org.eclipse.lsp4e.LanguageServerWrapper.getServerCapabilitiesAsync(LanguageServerWrapper.java:938)
	at org.eclipse.lsp4e.LanguageServiceAccessor.capabilitiesComplyAsync(LanguageServiceAccessor.java:226)
	at org.eclipse.lsp4e.LanguageServiceAccessor.getStartedWrappersAsync(LanguageServiceAccessor.java:475)
	at org.eclipse.lsp4e.LanguageServiceAccessor.getStartedWrappersAsync(LanguageServiceAccessor.java:461)
	at org.eclipse.lsp4e.LanguageServers$LanguageServerProjectExecutor.getServers(LanguageServers.java:332)
	at org.eclipse.lsp4e.LanguageServers.executeOnServers(LanguageServers.java:441)
	at org.eclipse.lsp4e.LanguageServers.collectAll(LanguageServers.java:92)
	at org.eclipse.lsp4e.LanguageServers.collectAll(LanguageServers.java:75)
	at org.springframework.ide.eclipse.boot.dash.liveprocess.DefaultLiveProcessCommandExecutor.executeCommand(DefaultLiveProcessCommandExecutor.java:62)
	at org.springframework.ide.eclipse.boot.dash.BootDashActivator$1.stateChanged(BootDashActivator.java:229)
	at org.springframework.ide.eclipse.boot.dash.BootDashActivator$1.stateChanged(BootDashActivator.java:1)
	at org.springframework.ide.eclipse.boot.dash.util.RunStateTracker.updateOwnerStatesAndFireEvents(RunStateTracker.java:216)
	at org.springframework.ide.eclipse.boot.dash.util.RunStateTracker.processTerminated(RunStateTracker.java:267)
	at org.springframework.ide.eclipse.boot.util.ProcessTracker.processTerminated(ProcessTracker.java:112)
	at org.springframework.ide.eclipse.boot.util.ProcessTracker.handleDebugEvent(ProcessTracker.java:78)
	at org.springframework.ide.eclipse.boot.util.ProcessTracker$1.handleDebugEvents(ProcessTracker.java:48)
	at org.eclipse.debug.core.DebugPlugin$EventNotifier.run(DebugPlugin.java:1287)
	at org.eclipse.core.runtime.SafeRunner.run(SafeRunner.java:47)
	at org.eclipse.debug.core.DebugPlugin$EventNotifier.dispatch(DebugPlugin.java:1321)
	at org.eclipse.debug.core.DebugPlugin$EventDispatchJob.run(DebugPlugin.java:498)
	at org.eclipse.core.internal.jobs.Worker.run(Worker.java:63)
2026-04-17 12:36:14,091 [Worker-9: Launching auth-service - AuthServiceApplication] INFO  o.a.m.s.f.DefaultMavenResourcesFiltering - Copying 1 resource from src\main\resources to target\classes
2026-04-17 12:36:14,099 [Worker-9: Launching auth-service - AuthServiceApplication] INFO  o.a.m.s.f.DefaultMavenResourcesFiltering - Copying 0 resource from src\main\resources to target\classes
2026-04-17 12:36:14,103 [Worker-9: Launching auth-service - AuthServiceApplication] INFO  o.a.m.s.f.DefaultMavenResourcesFiltering - skip non existing resourceDirectory C:\Users\ASUS\OneDrive\Desktop\Sprint\connect-sphere\auth-service\src\test\resources
2026-04-17 12:36:24,314 [LS-org.eclipse.languageserver.languages.springboot#listener-0] ERROR reactor.core.publisher.Operators - Operator called default onErrorDropped
reactor.core.Exceptions$ErrorCallbackNotImplemented: java.lang.IllegalStateException: Unexpected null value present!
Caused by: java.lang.IllegalStateException: Unexpected null value present!
	at org.eclipse.lsp4e.internal.NullSafetyHelper.castNonNull(NullSafetyHelper.java:36)
	at org.eclipse.lsp4e.LanguageServerWrapper.lambda$19(LanguageServerWrapper.java:938)
	at java.base/java.util.concurrent.CompletableFuture.uniApplyNow(CompletableFuture.java:684)
	at java.base/java.util.concurrent.CompletableFuture.uniApplyStage(CompletableFuture.java:662)
	at java.base/java.util.concurrent.CompletableFuture.thenApply(CompletableFuture.java:2200)
	at org.eclipse.lsp4e.LanguageServerWrapper.getServerCapabilitiesAsync(LanguageServerWrapper.java:938)
	at org.eclipse.lsp4e.LanguageServiceAccessor.capabilitiesComplyAsync(LanguageServiceAccessor.java:226)
	at org.eclipse.lsp4e.LanguageServiceAccessor.getStartedWrappersAsync(LanguageServiceAccessor.java:475)
	at org.eclipse.lsp4e.LanguageServiceAccessor.getStartedWrappersAsync(LanguageServiceAccessor.java:461)
	at org.eclipse.lsp4e.LanguageServers$LanguageServerProjectExecutor.getServers(LanguageServers.java:332)
	at org.eclipse.lsp4e.LanguageServers.executeOnServers(LanguageServers.java:441)
	at org.eclipse.lsp4e.LanguageServers.collectAll(LanguageServers.java:92)
	at org.eclipse.lsp4e.LanguageServers.collectAll(LanguageServers.java:75)
	at org.springframework.ide.eclipse.boot.dash.liveprocess.DefaultLiveProcessCommandExecutor.executeCommand(DefaultLiveProcessCommandExecutor.java:54)
	at org.springframework.ide.eclipse.boot.dash.BootDashActivator$1.stateChanged(BootDashActivator.java:219)
	at org.springframework.ide.eclipse.boot.dash.BootDashActivator$1.stateChanged(BootDashActivator.java:1)
	at org.springframework.ide.eclipse.boot.dash.util.RunStateTracker.updateOwnerStatesAndFireEvents(RunStateTracker.java:216)
	at org.springframework.ide.eclipse.boot.dash.util.RunStateTracker$1.gotValue(RunStateTracker.java:151)
	at org.springframework.ide.eclipse.boot.dash.util.RunStateTracker$1.gotValue(RunStateTracker.java:1)
	at org.springsource.ide.eclipse.commons.livexp.core.LiveExpression.changed(LiveExpression.java:137)
	at org.springsource.ide.eclipse.commons.livexp.core.LiveExpression.refresh(LiveExpression.java:81)
	at org.springsource.ide.eclipse.commons.livexp.core.LiveVariable.setValue(LiveVariable.java:46)
	at org.springframework.ide.eclipse.boot.dash.util.AbstractPollingAppReadyStateMonitor$1.run(AbstractPollingAppReadyStateMonitor.java:51)
	at org.eclipse.core.internal.jobs.Worker.run(Worker.java:63)
2026-04-17 13:05:31,008 [Worker-14: Building] INFO  o.a.m.s.f.DefaultMavenResourcesFiltering - Copying 1 resource from src\main\resources to target\classes
2026-04-17 13:05:31,016 [Worker-14: Building] INFO  o.a.m.s.f.DefaultMavenResourcesFiltering - Copying 0 resource from src\main\resources to target\classes
2026-04-17 13:05:31,021 [Worker-14: Building] INFO  o.a.m.s.f.DefaultMavenResourcesFiltering - skip non existing resourceDirectory C:\Users\ASUS\OneDrive\Desktop\Sprint\connect-sphere\auth-service\src\test\resources
2026-04-17 13:48:02,581 [LS-org.eclipse.languageserver.languages.springboot#listener-0] ERROR reactor.core.publisher.Operators - Operator called default onErrorDropped
reactor.core.Exceptions$ErrorCallbackNotImplemented: java.lang.IllegalStateException: Unexpected null value present!
Caused by: java.lang.IllegalStateException: Unexpected null value present!
	at org.eclipse.lsp4e.internal.NullSafetyHelper.castNonNull(NullSafetyHelper.java:36)
	at org.eclipse.lsp4e.LanguageServerWrapper.lambda$19(LanguageServerWrapper.java:938)
	at java.base/java.util.concurrent.CompletableFuture.uniApplyNow(CompletableFuture.java:684)
	at java.base/java.util.concurrent.CompletableFuture.uniApplyStage(CompletableFuture.java:662)
	at java.base/java.util.concurrent.CompletableFuture.thenApply(CompletableFuture.java:2200)
	at org.eclipse.lsp4e.LanguageServerWrapper.getServerCapabilitiesAsync(LanguageServerWrapper.java:938)
	at org.eclipse.lsp4e.LanguageServiceAccessor.capabilitiesComplyAsync(LanguageServiceAccessor.java:226)
	at org.eclipse.lsp4e.LanguageServiceAccessor.getStartedWrappersAsync(LanguageServiceAccessor.java:475)
	at org.eclipse.lsp4e.LanguageServiceAccessor.getStartedWrappersAsync(LanguageServiceAccessor.java:461)
	at org.eclipse.lsp4e.LanguageServers$LanguageServerProjectExecutor.getServers(LanguageServers.java:332)
	at org.eclipse.lsp4e.LanguageServers.executeOnServers(LanguageServers.java:441)
	at org.eclipse.lsp4e.LanguageServers.collectAll(LanguageServers.java:92)
	at org.eclipse.lsp4e.LanguageServers.collectAll(LanguageServers.java:75)
	at org.springframework.ide.eclipse.boot.dash.liveprocess.DefaultLiveProcessCommandExecutor.executeCommand(DefaultLiveProcessCommandExecutor.java:62)
	at org.springframework.ide.eclipse.boot.dash.BootDashActivator$1.stateChanged(BootDashActivator.java:229)
	at org.springframework.ide.eclipse.boot.dash.BootDashActivator$1.stateChanged(BootDashActivator.java:1)
	at org.springframework.ide.eclipse.boot.dash.util.RunStateTracker.updateOwnerStatesAndFireEvents(RunStateTracker.java:216)
	at org.springframework.ide.eclipse.boot.dash.util.RunStateTracker.processTerminated(RunStateTracker.java:267)
	at org.springframework.ide.eclipse.boot.util.ProcessTracker.processTerminated(ProcessTracker.java:112)
	at org.springframework.ide.eclipse.boot.util.ProcessTracker.handleDebugEvent(ProcessTracker.java:78)
	at org.springframework.ide.eclipse.boot.util.ProcessTracker$1.handleDebugEvents(ProcessTracker.java:48)
	at org.eclipse.debug.core.DebugPlugin$EventNotifier.run(DebugPlugin.java:1287)
	at org.eclipse.core.runtime.SafeRunner.run(SafeRunner.java:47)
	at org.eclipse.debug.core.DebugPlugin$EventNotifier.dispatch(DebugPlugin.java:1321)
	at org.eclipse.debug.core.DebugPlugin$EventDispatchJob.run(DebugPlugin.java:498)
	at org.eclipse.core.internal.jobs.Worker.run(Worker.java:63)
2026-04-17 13:48:15,633 [LS-org.eclipse.languageserver.languages.springboot#listener-0] ERROR reactor.core.publisher.Operators - Operator called default onErrorDropped
reactor.core.Exceptions$ErrorCallbackNotImplemented: java.lang.IllegalStateException: Unexpected null value present!
Caused by: java.lang.IllegalStateException: Unexpected null value present!
	at org.eclipse.lsp4e.internal.NullSafetyHelper.castNonNull(NullSafetyHelper.java:36)
	at org.eclipse.lsp4e.LanguageServerWrapper.lambda$19(LanguageServerWrapper.java:938)
	at java.base/java.util.concurrent.CompletableFuture.uniApplyNow(CompletableFuture.java:684)
	at java.base/java.util.concurrent.CompletableFuture.uniApplyStage(CompletableFuture.java:662)
	at java.base/java.util.concurrent.CompletableFuture.thenApply(CompletableFuture.java:2200)
	at org.eclipse.lsp4e.LanguageServerWrapper.getServerCapabilitiesAsync(LanguageServerWrapper.java:938)
	at org.eclipse.lsp4e.LanguageServiceAccessor.capabilitiesComplyAsync(LanguageServiceAccessor.java:226)
	at org.eclipse.lsp4e.LanguageServiceAccessor.getStartedWrappersAsync(LanguageServiceAccessor.java:475)
	at org.eclipse.lsp4e.LanguageServiceAccessor.getStartedWrappersAsync(LanguageServiceAccessor.java:461)
	at org.eclipse.lsp4e.LanguageServers$LanguageServerProjectExecutor.getServers(LanguageServers.java:332)
	at org.eclipse.lsp4e.LanguageServers.executeOnServers(LanguageServers.java:441)
	at org.eclipse.lsp4e.LanguageServers.collectAll(LanguageServers.java:92)
	at org.eclipse.lsp4e.LanguageServers.collectAll(LanguageServers.java:75)
	at org.springframework.ide.eclipse.boot.dash.liveprocess.DefaultLiveProcessCommandExecutor.executeCommand(DefaultLiveProcessCommandExecutor.java:54)
	at org.springframework.ide.eclipse.boot.dash.BootDashActivator$1.stateChanged(BootDashActivator.java:219)
	at org.springframework.ide.eclipse.boot.dash.BootDashActivator$1.stateChanged(BootDashActivator.java:1)
	at org.springframework.ide.eclipse.boot.dash.util.RunStateTracker.updateOwnerStatesAndFireEvents(RunStateTracker.java:216)
	at org.springframework.ide.eclipse.boot.dash.util.RunStateTracker$1.gotValue(RunStateTracker.java:151)
	at org.springframework.ide.eclipse.boot.dash.util.RunStateTracker$1.gotValue(RunStateTracker.java:1)
	at org.springsource.ide.eclipse.commons.livexp.core.LiveExpression.changed(LiveExpression.java:137)
	at org.springsource.ide.eclipse.commons.livexp.core.LiveExpression.refresh(LiveExpression.java:81)
	at org.springsource.ide.eclipse.commons.livexp.core.LiveVariable.setValue(LiveVariable.java:46)
	at org.springframework.ide.eclipse.boot.dash.util.AbstractPollingAppReadyStateMonitor$1.run(AbstractPollingAppReadyStateMonitor.java:51)
	at org.eclipse.core.internal.jobs.Worker.run(Worker.java:63)
2026-04-17 14:00:45,828 [Worker-17: Building] INFO  o.a.m.s.f.DefaultMavenResourcesFiltering - Copying 1 resource from src\main\resources to target\classes
2026-04-17 14:00:45,837 [Worker-17: Building] INFO  o.a.m.s.f.DefaultMavenResourcesFiltering - Copying 0 resource from src\main\resources to target\classes
2026-04-17 14:00:45,841 [Worker-17: Building] INFO  o.a.m.s.f.DefaultMavenResourcesFiltering - skip non existing resourceDirectory C:\Users\ASUS\OneDrive\Desktop\Sprint\connect-sphere\auth-service\src\test\resources
2026-04-17 14:02:59,744 [LS-org.eclipse.languageserver.languages.springboot#listener-0] ERROR reactor.core.publisher.Operators - Operator called default onErrorDropped
reactor.core.Exceptions$ErrorCallbackNotImplemented: java.lang.IllegalStateException: Unexpected null value present!
Caused by: java.lang.IllegalStateException: Unexpected null value present!
	at org.eclipse.lsp4e.internal.NullSafetyHelper.castNonNull(NullSafetyHelper.java:36)
	at org.eclipse.lsp4e.LanguageServerWrapper.lambda$19(LanguageServerWrapper.java:938)
	at java.base/java.util.concurrent.CompletableFuture.uniApplyNow(CompletableFuture.java:684)
	at java.base/java.util.concurrent.CompletableFuture.uniApplyStage(CompletableFuture.java:662)
	at java.base/java.util.concurrent.CompletableFuture.thenApply(CompletableFuture.java:2200)
	at org.eclipse.lsp4e.LanguageServerWrapper.getServerCapabilitiesAsync(LanguageServerWrapper.java:938)
	at org.eclipse.lsp4e.LanguageServiceAccessor.capabilitiesComplyAsync(LanguageServiceAccessor.java:226)
	at org.eclipse.lsp4e.LanguageServiceAccessor.getStartedWrappersAsync(LanguageServiceAccessor.java:475)
	at org.eclipse.lsp4e.LanguageServiceAccessor.getStartedWrappersAsync(LanguageServiceAccessor.java:461)
	at org.eclipse.lsp4e.LanguageServers$LanguageServerProjectExecutor.getServers(LanguageServers.java:332)
	at org.eclipse.lsp4e.LanguageServers.executeOnServers(LanguageServers.java:441)
	at org.eclipse.lsp4e.LanguageServers.collectAll(LanguageServers.java:92)
	at org.eclipse.lsp4e.LanguageServers.collectAll(LanguageServers.java:75)
	at org.springframework.ide.eclipse.boot.dash.liveprocess.DefaultLiveProcessCommandExecutor.executeCommand(DefaultLiveProcessCommandExecutor.java:62)
	at org.springframework.ide.eclipse.boot.dash.BootDashActivator$1.stateChanged(BootDashActivator.java:229)
	at org.springframework.ide.eclipse.boot.dash.BootDashActivator$1.stateChanged(BootDashActivator.java:1)
	at org.springframework.ide.eclipse.boot.dash.util.RunStateTracker.updateOwnerStatesAndFireEvents(RunStateTracker.java:216)
	at org.springframework.ide.eclipse.boot.dash.util.RunStateTracker.processTerminated(RunStateTracker.java:267)
	at org.springframework.ide.eclipse.boot.util.ProcessTracker.processTerminated(ProcessTracker.java:112)
	at org.springframework.ide.eclipse.boot.util.ProcessTracker.handleDebugEvent(ProcessTracker.java:78)
	at org.springframework.ide.eclipse.boot.util.ProcessTracker$1.handleDebugEvents(ProcessTracker.java:48)
	at org.eclipse.debug.core.DebugPlugin$EventNotifier.run(DebugPlugin.java:1287)
	at org.eclipse.core.runtime.SafeRunner.run(SafeRunner.java:47)
	at org.eclipse.debug.core.DebugPlugin$EventNotifier.dispatch(DebugPlugin.java:1321)
	at org.eclipse.debug.core.DebugPlugin$EventDispatchJob.run(DebugPlugin.java:498)
	at org.eclipse.core.internal.jobs.Worker.run(Worker.java:63)
2026-04-17 14:03:08,164 [LS-org.eclipse.languageserver.languages.springboot#listener-0] ERROR reactor.core.publisher.Operators - Operator called default onErrorDropped
reactor.core.Exceptions$ErrorCallbackNotImplemented: java.lang.IllegalStateException: Unexpected null value present!
Caused by: java.lang.IllegalStateException: Unexpected null value present!
	at org.eclipse.lsp4e.internal.NullSafetyHelper.castNonNull(NullSafetyHelper.java:36)
	at org.eclipse.lsp4e.LanguageServerWrapper.lambda$19(LanguageServerWrapper.java:938)
	at java.base/java.util.concurrent.CompletableFuture.uniApplyNow(CompletableFuture.java:684)
	at java.base/java.util.concurrent.CompletableFuture.uniApplyStage(CompletableFuture.java:662)
	at java.base/java.util.concurrent.CompletableFuture.thenApply(CompletableFuture.java:2200)
	at org.eclipse.lsp4e.LanguageServerWrapper.getServerCapabilitiesAsync(LanguageServerWrapper.java:938)
	at org.eclipse.lsp4e.LanguageServiceAccessor.capabilitiesComplyAsync(LanguageServiceAccessor.java:226)
	at org.eclipse.lsp4e.LanguageServiceAccessor.getStartedWrappersAsync(LanguageServiceAccessor.java:475)
	at org.eclipse.lsp4e.LanguageServiceAccessor.getStartedWrappersAsync(LanguageServiceAccessor.java:461)
	at org.eclipse.lsp4e.LanguageServers$LanguageServerProjectExecutor.getServers(LanguageServers.java:332)
	at org.eclipse.lsp4e.LanguageServers.executeOnServers(LanguageServers.java:441)
	at org.eclipse.lsp4e.LanguageServers.collectAll(LanguageServers.java:92)
	at org.eclipse.lsp4e.LanguageServers.collectAll(LanguageServers.java:75)
	at org.springframework.ide.eclipse.boot.dash.liveprocess.DefaultLiveProcessCommandExecutor.executeCommand(DefaultLiveProcessCommandExecutor.java:54)
	at org.springframework.ide.eclipse.boot.dash.BootDashActivator$1.stateChanged(BootDashActivator.java:219)
	at org.springframework.ide.eclipse.boot.dash.BootDashActivator$1.stateChanged(BootDashActivator.java:1)
	at org.springframework.ide.eclipse.boot.dash.util.RunStateTracker.updateOwnerStatesAndFireEvents(RunStateTracker.java:216)
	at org.springframework.ide.eclipse.boot.dash.util.RunStateTracker$1.gotValue(RunStateTracker.java:151)
	at org.springframework.ide.eclipse.boot.dash.util.RunStateTracker$1.gotValue(RunStateTracker.java:1)
	at org.springsource.ide.eclipse.commons.livexp.core.LiveExpression.changed(LiveExpression.java:137)
	at org.springsource.ide.eclipse.commons.livexp.core.LiveExpression.refresh(LiveExpression.java:81)
	at org.springsource.ide.eclipse.commons.livexp.core.LiveVariable.setValue(LiveVariable.java:46)
	at org.springframework.ide.eclipse.boot.dash.util.AbstractPollingAppReadyStateMonitor$1.run(AbstractPollingAppReadyStateMonitor.java:51)
	at org.eclipse.core.internal.jobs.Worker.run(Worker.java:63)
2026-04-17 14:08:28,028 [Worker-17: Building] INFO  o.a.m.s.f.DefaultMavenResourcesFiltering - Copying 1 resource from src\main\resources to target\classes
2026-04-17 14:08:28,046 [Worker-17: Building] INFO  o.a.m.s.f.DefaultMavenResourcesFiltering - Copying 0 resource from src\main\resources to target\classes
2026-04-17 14:08:28,050 [Worker-17: Building] INFO  o.a.m.s.f.DefaultMavenResourcesFiltering - skip non existing resourceDirectory C:\Users\ASUS\OneDrive\Desktop\Sprint\connect-sphere\auth-service\src\test\resources
2026-04-17 14:08:55,905 [Worker-18: Building] INFO  o.a.m.s.f.DefaultMavenResourcesFiltering - Copying 1 resource from src\main\resources to target\classes
2026-04-17 14:08:55,910 [Worker-18: Building] INFO  o.a.m.s.f.DefaultMavenResourcesFiltering - Copying 0 resource from src\main\resources to target\classes
2026-04-17 14:08:55,914 [Worker-18: Building] INFO  o.a.m.s.f.DefaultMavenResourcesFiltering - skip non existing resourceDirectory C:\Users\ASUS\OneDrive\Desktop\Sprint\connect-sphere\auth-service\src\test\resources
2026-04-17 14:08:58,366 [Worker-14: Building] INFO  o.a.m.s.f.DefaultMavenResourcesFiltering - Copying 1 resource from src\main\resources to target\classes
2026-04-17 14:08:58,371 [Worker-14: Building] INFO  o.a.m.s.f.DefaultMavenResourcesFiltering - Copying 0 resource from src\main\resources to target\classes
2026-04-17 14:08:58,373 [Worker-14: Building] INFO  o.a.m.s.f.DefaultMavenResourcesFiltering - skip non existing resourceDirectory C:\Users\ASUS\OneDrive\Desktop\Sprint\connect-sphere\auth-service\src\test\resources
2026-04-17 14:09:05,543 [Worker-9: Building] INFO  o.a.m.s.f.DefaultMavenResourcesFiltering - Copying 1 resource from src\main\resources to target\classes
2026-04-17 14:09:05,547 [Worker-9: Building] INFO  o.a.m.s.f.DefaultMavenResourcesFiltering - Copying 0 resource from src\main\resources to target\classes
2026-04-17 14:09:05,549 [Worker-9: Building] INFO  o.a.m.s.f.DefaultMavenResourcesFiltering - skip non existing resourceDirectory C:\Users\ASUS\OneDrive\Desktop\Sprint\connect-sphere\auth-service\src\test\resources
2026-04-17 14:15:45,128 [Worker-17: Building] INFO  o.a.m.s.f.DefaultMavenResourcesFiltering - Copying 1 resource from src\main\resources to target\classes
2026-04-17 14:15:45,139 [Worker-17: Building] INFO  o.a.m.s.f.DefaultMavenResourcesFiltering - Copying 0 resource from src\main\resources to target\classes
2026-04-17 14:15:45,143 [Worker-17: Building] INFO  o.a.m.s.f.DefaultMavenResourcesFiltering - skip non existing resourceDirectory C:\Users\ASUS\OneDrive\Desktop\Sprint\connect-sphere\auth-service\src\test\resources
2026-04-17 14:16:22,729 [Worker-17: Building] INFO  o.a.m.s.f.DefaultMavenResourcesFiltering - Copying 1 resource from src\main\resources to target\classes
2026-04-17 14:16:22,734 [Worker-17: Building] INFO  o.a.m.s.f.DefaultMavenResourcesFiltering - Copying 0 resource from src\main\resources to target\classes
2026-04-17 14:16:22,737 [Worker-17: Building] INFO  o.a.m.s.f.DefaultMavenResourcesFiltering - skip non existing resourceDirectory C:\Users\ASUS\OneDrive\Desktop\Sprint\connect-sphere\auth-service\src\test\resources
2026-04-17 14:18:06,799 [Worker-14: Building] INFO  o.a.m.s.f.DefaultMavenResourcesFiltering - Copying 1 resource from src\main\resources to target\classes
2026-04-17 14:18:06,804 [Worker-14: Building] INFO  o.a.m.s.f.DefaultMavenResourcesFiltering - Copying 0 resource from src\main\resources to target\classes
2026-04-17 14:18:06,806 [Worker-14: Building] INFO  o.a.m.s.f.DefaultMavenResourcesFiltering - skip non existing resourceDirectory C:\Users\ASUS\OneDrive\Desktop\Sprint\connect-sphere\auth-service\src\test\resources
2026-04-17 14:20:10,001 [LS-org.eclipse.languageserver.languages.springboot#listener-0] ERROR reactor.core.publisher.Operators - Operator called default onErrorDropped
reactor.core.Exceptions$ErrorCallbackNotImplemented: java.lang.IllegalStateException: Unexpected null value present!
Caused by: java.lang.IllegalStateException: Unexpected null value present!
	at org.eclipse.lsp4e.internal.NullSafetyHelper.castNonNull(NullSafetyHelper.java:36)
	at org.eclipse.lsp4e.LanguageServerWrapper.lambda$19(LanguageServerWrapper.java:938)
	at java.base/java.util.concurrent.CompletableFuture.uniApplyNow(CompletableFuture.java:684)
	at java.base/java.util.concurrent.CompletableFuture.uniApplyStage(CompletableFuture.java:662)
	at java.base/java.util.concurrent.CompletableFuture.thenApply(CompletableFuture.java:2200)
	at org.eclipse.lsp4e.LanguageServerWrapper.getServerCapabilitiesAsync(LanguageServerWrapper.java:938)
	at org.eclipse.lsp4e.LanguageServiceAccessor.capabilitiesComplyAsync(LanguageServiceAccessor.java:226)
	at org.eclipse.lsp4e.LanguageServiceAccessor.getStartedWrappersAsync(LanguageServiceAccessor.java:475)
	at org.eclipse.lsp4e.LanguageServiceAccessor.getStartedWrappersAsync(LanguageServiceAccessor.java:461)
	at org.eclipse.lsp4e.LanguageServers$LanguageServerProjectExecutor.getServers(LanguageServers.java:332)
	at org.eclipse.lsp4e.LanguageServers.executeOnServers(LanguageServers.java:441)
	at org.eclipse.lsp4e.LanguageServers.collectAll(LanguageServers.java:92)
	at org.eclipse.lsp4e.LanguageServers.collectAll(LanguageServers.java:75)
	at org.springframework.ide.eclipse.boot.dash.liveprocess.DefaultLiveProcessCommandExecutor.executeCommand(DefaultLiveProcessCommandExecutor.java:62)
	at org.springframework.ide.eclipse.boot.dash.BootDashActivator$1.stateChanged(BootDashActivator.java:229)
	at org.springframework.ide.eclipse.boot.dash.BootDashActivator$1.stateChanged(BootDashActivator.java:1)
	at org.springframework.ide.eclipse.boot.dash.util.RunStateTracker.updateOwnerStatesAndFireEvents(RunStateTracker.java:216)
	at org.springframework.ide.eclipse.boot.dash.util.RunStateTracker.processTerminated(RunStateTracker.java:267)
	at org.springframework.ide.eclipse.boot.util.ProcessTracker.processTerminated(ProcessTracker.java:112)
	at org.springframework.ide.eclipse.boot.util.ProcessTracker.handleDebugEvent(ProcessTracker.java:78)
	at org.springframework.ide.eclipse.boot.util.ProcessTracker$1.handleDebugEvents(ProcessTracker.java:48)
	at org.eclipse.debug.core.DebugPlugin$EventNotifier.run(DebugPlugin.java:1287)
	at org.eclipse.core.runtime.SafeRunner.run(SafeRunner.java:47)
	at org.eclipse.debug.core.DebugPlugin$EventNotifier.dispatch(DebugPlugin.java:1321)
	at org.eclipse.debug.core.DebugPlugin$EventDispatchJob.run(DebugPlugin.java:498)
	at org.eclipse.core.internal.jobs.Worker.run(Worker.java:63)
2026-04-17 14:20:18,848 [LS-org.eclipse.languageserver.languages.springboot#listener-0] ERROR reactor.core.publisher.Operators - Operator called default onErrorDropped
reactor.core.Exceptions$ErrorCallbackNotImplemented: java.lang.IllegalStateException: Unexpected null value present!
Caused by: java.lang.IllegalStateException: Unexpected null value present!
	at org.eclipse.lsp4e.internal.NullSafetyHelper.castNonNull(NullSafetyHelper.java:36)
	at org.eclipse.lsp4e.LanguageServerWrapper.lambda$19(LanguageServerWrapper.java:938)
	at java.base/java.util.concurrent.CompletableFuture.uniApplyNow(CompletableFuture.java:684)
	at java.base/java.util.concurrent.CompletableFuture.uniApplyStage(CompletableFuture.java:662)
	at java.base/java.util.concurrent.CompletableFuture.thenApply(CompletableFuture.java:2200)
	at org.eclipse.lsp4e.LanguageServerWrapper.getServerCapabilitiesAsync(LanguageServerWrapper.java:938)
	at org.eclipse.lsp4e.LanguageServiceAccessor.capabilitiesComplyAsync(LanguageServiceAccessor.java:226)
	at org.eclipse.lsp4e.LanguageServiceAccessor.getStartedWrappersAsync(LanguageServiceAccessor.java:475)
	at org.eclipse.lsp4e.LanguageServiceAccessor.getStartedWrappersAsync(LanguageServiceAccessor.java:461)
	at org.eclipse.lsp4e.LanguageServers$LanguageServerProjectExecutor.getServers(LanguageServers.java:332)
	at org.eclipse.lsp4e.LanguageServers.executeOnServers(LanguageServers.java:441)
	at org.eclipse.lsp4e.LanguageServers.collectAll(LanguageServers.java:92)
	at org.eclipse.lsp4e.LanguageServers.collectAll(LanguageServers.java:75)
	at org.springframework.ide.eclipse.boot.dash.liveprocess.DefaultLiveProcessCommandExecutor.executeCommand(DefaultLiveProcessCommandExecutor.java:54)
	at org.springframework.ide.eclipse.boot.dash.BootDashActivator$1.stateChanged(BootDashActivator.java:219)
	at org.springframework.ide.eclipse.boot.dash.BootDashActivator$1.stateChanged(BootDashActivator.java:1)
	at org.springframework.ide.eclipse.boot.dash.util.RunStateTracker.updateOwnerStatesAndFireEvents(RunStateTracker.java:216)
	at org.springframework.ide.eclipse.boot.dash.util.RunStateTracker$1.gotValue(RunStateTracker.java:151)
	at org.springframework.ide.eclipse.boot.dash.util.RunStateTracker$1.gotValue(RunStateTracker.java:1)
	at org.springsource.ide.eclipse.commons.livexp.core.LiveExpression.changed(LiveExpression.java:137)
	at org.springsource.ide.eclipse.commons.livexp.core.LiveExpression.refresh(LiveExpression.java:81)
	at org.springsource.ide.eclipse.commons.livexp.core.LiveVariable.setValue(LiveVariable.java:46)
	at org.springframework.ide.eclipse.boot.dash.util.AbstractPollingAppReadyStateMonitor$1.run(AbstractPollingAppReadyStateMonitor.java:51)
	at org.eclipse.core.internal.jobs.Worker.run(Worker.java:63)
2026-04-17 14:23:10,045 [LS-org.eclipse.languageserver.languages.springboot#listener-0] ERROR reactor.core.publisher.Operators - Operator called default onErrorDropped
reactor.core.Exceptions$ErrorCallbackNotImplemented: java.lang.IllegalStateException: Unexpected null value present!
Caused by: java.lang.IllegalStateException: Unexpected null value present!
	at org.eclipse.lsp4e.internal.NullSafetyHelper.castNonNull(NullSafetyHelper.java:36)
	at org.eclipse.lsp4e.LanguageServerWrapper.lambda$19(LanguageServerWrapper.java:938)
	at java.base/java.util.concurrent.CompletableFuture.uniApplyNow(CompletableFuture.java:684)
	at java.base/java.util.concurrent.CompletableFuture.uniApplyStage(CompletableFuture.java:662)
	at java.base/java.util.concurrent.CompletableFuture.thenApply(CompletableFuture.java:2200)
	at org.eclipse.lsp4e.LanguageServerWrapper.getServerCapabilitiesAsync(LanguageServerWrapper.java:938)
	at org.eclipse.lsp4e.LanguageServiceAccessor.capabilitiesComplyAsync(LanguageServiceAccessor.java:226)
	at org.eclipse.lsp4e.LanguageServiceAccessor.getStartedWrappersAsync(LanguageServiceAccessor.java:475)
	at org.eclipse.lsp4e.LanguageServiceAccessor.getStartedWrappersAsync(LanguageServiceAccessor.java:461)
	at org.eclipse.lsp4e.LanguageServers$LanguageServerProjectExecutor.getServers(LanguageServers.java:332)
	at org.eclipse.lsp4e.LanguageServers.executeOnServers(LanguageServers.java:441)
	at org.eclipse.lsp4e.LanguageServers.collectAll(LanguageServers.java:92)
	at org.eclipse.lsp4e.LanguageServers.collectAll(LanguageServers.java:75)
	at org.springframework.ide.eclipse.boot.dash.liveprocess.DefaultLiveProcessCommandExecutor.executeCommand(DefaultLiveProcessCommandExecutor.java:62)
	at org.springframework.ide.eclipse.boot.dash.BootDashActivator$1.stateChanged(BootDashActivator.java:229)
	at org.springframework.ide.eclipse.boot.dash.BootDashActivator$1.stateChanged(BootDashActivator.java:1)
	at org.springframework.ide.eclipse.boot.dash.util.RunStateTracker.updateOwnerStatesAndFireEvents(RunStateTracker.java:216)
	at org.springframework.ide.eclipse.boot.dash.util.RunStateTracker.processTerminated(RunStateTracker.java:267)
	at org.springframework.ide.eclipse.boot.util.ProcessTracker.processTerminated(ProcessTracker.java:112)
	at org.springframework.ide.eclipse.boot.util.ProcessTracker.handleDebugEvent(ProcessTracker.java:78)
	at org.springframework.ide.eclipse.boot.util.ProcessTracker$1.handleDebugEvents(ProcessTracker.java:48)
	at org.eclipse.debug.core.DebugPlugin$EventNotifier.run(DebugPlugin.java:1287)
	at org.eclipse.core.runtime.SafeRunner.run(SafeRunner.java:47)
	at org.eclipse.debug.core.DebugPlugin$EventNotifier.dispatch(DebugPlugin.java:1321)
	at org.eclipse.debug.core.DebugPlugin$EventDispatchJob.run(DebugPlugin.java:498)
	at org.eclipse.core.internal.jobs.Worker.run(Worker.java:63)
2026-04-17 14:23:19,089 [Worker-1: Launching auth-service - AuthServiceApplication] INFO  o.a.m.s.f.DefaultMavenResourcesFiltering - Copying 1 resource from src\main\resources to target\classes
2026-04-17 14:23:19,097 [Worker-1: Launching auth-service - AuthServiceApplication] INFO  o.a.m.s.f.DefaultMavenResourcesFiltering - Copying 0 resource from src\main\resources to target\classes
2026-04-17 14:23:19,100 [Worker-1: Launching auth-service - AuthServiceApplication] INFO  o.a.m.s.f.DefaultMavenResourcesFiltering - skip non existing resourceDirectory C:\Users\ASUS\OneDrive\Desktop\Sprint\connect-sphere\auth-service\src\test\resources
2026-04-17 14:23:26,796 [LS-org.eclipse.languageserver.languages.springboot#listener-0] ERROR reactor.core.publisher.Operators - Operator called default onErrorDropped
reactor.core.Exceptions$ErrorCallbackNotImplemented: java.lang.IllegalStateException: Unexpected null value present!
Caused by: java.lang.IllegalStateException: Unexpected null value present!
	at org.eclipse.lsp4e.internal.NullSafetyHelper.castNonNull(NullSafetyHelper.java:36)
	at org.eclipse.lsp4e.LanguageServerWrapper.lambda$19(LanguageServerWrapper.java:938)
	at java.base/java.util.concurrent.CompletableFuture.uniApplyNow(CompletableFuture.java:684)
	at java.base/java.util.concurrent.CompletableFuture.uniApplyStage(CompletableFuture.java:662)
	at java.base/java.util.concurrent.CompletableFuture.thenApply(CompletableFuture.java:2200)
	at org.eclipse.lsp4e.LanguageServerWrapper.getServerCapabilitiesAsync(LanguageServerWrapper.java:938)
	at org.eclipse.lsp4e.LanguageServiceAccessor.capabilitiesComplyAsync(LanguageServiceAccessor.java:226)
	at org.eclipse.lsp4e.LanguageServiceAccessor.getStartedWrappersAsync(LanguageServiceAccessor.java:475)
	at org.eclipse.lsp4e.LanguageServiceAccessor.getStartedWrappersAsync(LanguageServiceAccessor.java:461)
	at org.eclipse.lsp4e.LanguageServers$LanguageServerProjectExecutor.getServers(LanguageServers.java:332)
	at org.eclipse.lsp4e.LanguageServers.executeOnServers(LanguageServers.java:441)
	at org.eclipse.lsp4e.LanguageServers.collectAll(LanguageServers.java:92)
	at org.eclipse.lsp4e.LanguageServers.collectAll(LanguageServers.java:75)
	at org.springframework.ide.eclipse.boot.dash.liveprocess.DefaultLiveProcessCommandExecutor.executeCommand(DefaultLiveProcessCommandExecutor.java:54)
	at org.springframework.ide.eclipse.boot.dash.BootDashActivator$1.stateChanged(BootDashActivator.java:219)
	at org.springframework.ide.eclipse.boot.dash.BootDashActivator$1.stateChanged(BootDashActivator.java:1)
	at org.springframework.ide.eclipse.boot.dash.util.RunStateTracker.updateOwnerStatesAndFireEvents(RunStateTracker.java:216)
	at org.springframework.ide.eclipse.boot.dash.util.RunStateTracker$1.gotValue(RunStateTracker.java:151)
	at org.springframework.ide.eclipse.boot.dash.util.RunStateTracker$1.gotValue(RunStateTracker.java:1)
	at org.springsource.ide.eclipse.commons.livexp.core.LiveExpression.changed(LiveExpression.java:137)
	at org.springsource.ide.eclipse.commons.livexp.core.LiveExpression.refresh(LiveExpression.java:81)
	at org.springsource.ide.eclipse.commons.livexp.core.LiveVariable.setValue(LiveVariable.java:46)
	at org.springframework.ide.eclipse.boot.dash.util.AbstractPollingAppReadyStateMonitor$1.run(AbstractPollingAppReadyStateMonitor.java:51)
	at org.eclipse.core.internal.jobs.Worker.run(Worker.java:63)
2026-04-17 14:28:22,467 [Worker-16: Building] INFO  o.a.m.s.f.DefaultMavenResourcesFiltering - Copying 1 resource from src\main\resources to target\classes
2026-04-17 14:28:22,490 [Worker-16: Building] INFO  o.a.m.s.f.DefaultMavenResourcesFiltering - Copying 0 resource from src\main\resources to target\classes
2026-04-17 14:28:22,496 [Worker-16: Building] INFO  o.a.m.s.f.DefaultMavenResourcesFiltering - skip non existing resourceDirectory C:\Users\ASUS\OneDrive\Desktop\Sprint\connect-sphere\auth-service\src\test\resources
2026-04-17 14:28:37,410 [LS-org.eclipse.languageserver.languages.springboot#listener-0] ERROR reactor.core.publisher.Operators - Operator called default onErrorDropped
reactor.core.Exceptions$ErrorCallbackNotImplemented: java.lang.IllegalStateException: Unexpected null value present!
Caused by: java.lang.IllegalStateException: Unexpected null value present!
	at org.eclipse.lsp4e.internal.NullSafetyHelper.castNonNull(NullSafetyHelper.java:36)
	at org.eclipse.lsp4e.LanguageServerWrapper.lambda$19(LanguageServerWrapper.java:938)
	at java.base/java.util.concurrent.CompletableFuture.uniApplyNow(CompletableFuture.java:684)
	at java.base/java.util.concurrent.CompletableFuture.uniApplyStage(CompletableFuture.java:662)
	at java.base/java.util.concurrent.CompletableFuture.thenApply(CompletableFuture.java:2200)
	at org.eclipse.lsp4e.LanguageServerWrapper.getServerCapabilitiesAsync(LanguageServerWrapper.java:938)
	at org.eclipse.lsp4e.LanguageServiceAccessor.capabilitiesComplyAsync(LanguageServiceAccessor.java:226)
	at org.eclipse.lsp4e.LanguageServiceAccessor.getStartedWrappersAsync(LanguageServiceAccessor.java:475)
	at org.eclipse.lsp4e.LanguageServiceAccessor.getStartedWrappersAsync(LanguageServiceAccessor.java:461)
	at org.eclipse.lsp4e.LanguageServers$LanguageServerProjectExecutor.getServers(LanguageServers.java:332)
	at org.eclipse.lsp4e.LanguageServers.executeOnServers(LanguageServers.java:441)
	at org.eclipse.lsp4e.LanguageServers.collectAll(LanguageServers.java:92)
	at org.eclipse.lsp4e.LanguageServers.collectAll(LanguageServers.java:75)
	at org.springframework.ide.eclipse.boot.dash.liveprocess.DefaultLiveProcessCommandExecutor.executeCommand(DefaultLiveProcessCommandExecutor.java:54)
	at org.springframework.ide.eclipse.boot.dash.BootDashActivator$1.stateChanged(BootDashActivator.java:219)
	at org.springframework.ide.eclipse.boot.dash.BootDashActivator$1.stateChanged(BootDashActivator.java:1)
	at org.springframework.ide.eclipse.boot.dash.util.RunStateTracker.updateOwnerStatesAndFireEvents(RunStateTracker.java:216)
	at org.springframework.ide.eclipse.boot.dash.util.RunStateTracker$1.gotValue(RunStateTracker.java:151)
	at org.springframework.ide.eclipse.boot.dash.util.RunStateTracker$1.gotValue(RunStateTracker.java:1)
	at org.springsource.ide.eclipse.commons.livexp.core.LiveExpression.changed(LiveExpression.java:137)
	at org.springsource.ide.eclipse.commons.livexp.core.LiveExpression.refresh(LiveExpression.java:81)
	at org.springsource.ide.eclipse.commons.livexp.core.LiveVariable.setValue(LiveVariable.java:46)
	at org.springframework.ide.eclipse.boot.dash.util.AbstractPollingAppReadyStateMonitor$1.run(AbstractPollingAppReadyStateMonitor.java:51)
	at org.eclipse.core.internal.jobs.Worker.run(Worker.java:63)
2026-04-17 14:31:02,540 [Worker-9: Building] INFO  o.a.m.s.f.DefaultMavenResourcesFiltering - Copying 1 resource from src\main\resources to target\classes
2026-04-17 14:31:02,550 [Worker-9: Building] INFO  o.a.m.s.f.DefaultMavenResourcesFiltering - Copying 0 resource from src\main\resources to target\classes
2026-04-17 14:31:02,556 [Worker-9: Building] INFO  o.a.m.s.f.DefaultMavenResourcesFiltering - skip non existing resourceDirectory C:\Users\ASUS\OneDrive\Desktop\Sprint\connect-sphere\auth-service\src\test\resources
2026-04-17 14:31:10,797 [LS-org.eclipse.languageserver.languages.springboot#listener-0] ERROR reactor.core.publisher.Operators - Operator called default onErrorDropped
reactor.core.Exceptions$ErrorCallbackNotImplemented: java.lang.IllegalStateException: Unexpected null value present!
Caused by: java.lang.IllegalStateException: Unexpected null value present!
	at org.eclipse.lsp4e.internal.NullSafetyHelper.castNonNull(NullSafetyHelper.java:36)
	at org.eclipse.lsp4e.LanguageServerWrapper.lambda$19(LanguageServerWrapper.java:938)
	at java.base/java.util.concurrent.CompletableFuture.uniApplyNow(CompletableFuture.java:684)
	at java.base/java.util.concurrent.CompletableFuture.uniApplyStage(CompletableFuture.java:662)
	at java.base/java.util.concurrent.CompletableFuture.thenApply(CompletableFuture.java:2200)
	at org.eclipse.lsp4e.LanguageServerWrapper.getServerCapabilitiesAsync(LanguageServerWrapper.java:938)
	at org.eclipse.lsp4e.LanguageServiceAccessor.capabilitiesComplyAsync(LanguageServiceAccessor.java:226)
	at org.eclipse.lsp4e.LanguageServiceAccessor.getStartedWrappersAsync(LanguageServiceAccessor.java:475)
	at org.eclipse.lsp4e.LanguageServiceAccessor.getStartedWrappersAsync(LanguageServiceAccessor.java:461)
	at org.eclipse.lsp4e.LanguageServers$LanguageServerProjectExecutor.getServers(LanguageServers.java:332)
	at org.eclipse.lsp4e.LanguageServers.executeOnServers(LanguageServers.java:441)
	at org.eclipse.lsp4e.LanguageServers.collectAll(LanguageServers.java:92)
	at org.eclipse.lsp4e.LanguageServers.collectAll(LanguageServers.java:75)
	at org.springframework.ide.eclipse.boot.dash.liveprocess.DefaultLiveProcessCommandExecutor.executeCommand(DefaultLiveProcessCommandExecutor.java:62)
	at org.springframework.ide.eclipse.boot.dash.BootDashActivator$1.stateChanged(BootDashActivator.java:229)
	at org.springframework.ide.eclipse.boot.dash.BootDashActivator$1.stateChanged(BootDashActivator.java:1)
	at org.springframework.ide.eclipse.boot.dash.util.RunStateTracker.updateOwnerStatesAndFireEvents(RunStateTracker.java:216)
	at org.springframework.ide.eclipse.boot.dash.util.RunStateTracker.processTerminated(RunStateTracker.java:267)
	at org.springframework.ide.eclipse.boot.util.ProcessTracker.processTerminated(ProcessTracker.java:112)
	at org.springframework.ide.eclipse.boot.util.ProcessTracker.handleDebugEvent(ProcessTracker.java:78)
	at org.springframework.ide.eclipse.boot.util.ProcessTracker$1.handleDebugEvents(ProcessTracker.java:48)
	at org.eclipse.debug.core.DebugPlugin$EventNotifier.run(DebugPlugin.java:1287)
	at org.eclipse.core.runtime.SafeRunner.run(SafeRunner.java:47)
	at org.eclipse.debug.core.DebugPlugin$EventNotifier.dispatch(DebugPlugin.java:1321)
	at org.eclipse.debug.core.DebugPlugin$EventDispatchJob.run(DebugPlugin.java:498)
	at org.eclipse.core.internal.jobs.Worker.run(Worker.java:63)
2026-04-17 14:31:21,214 [LS-org.eclipse.languageserver.languages.springboot#listener-0] ERROR reactor.core.publisher.Operators - Operator called default onErrorDropped
reactor.core.Exceptions$ErrorCallbackNotImplemented: java.lang.IllegalStateException: Unexpected null value present!
Caused by: java.lang.IllegalStateException: Unexpected null value present!
	at org.eclipse.lsp4e.internal.NullSafetyHelper.castNonNull(NullSafetyHelper.java:36)
	at org.eclipse.lsp4e.LanguageServerWrapper.lambda$19(LanguageServerWrapper.java:938)
	at java.base/java.util.concurrent.CompletableFuture.uniApplyNow(CompletableFuture.java:684)
	at java.base/java.util.concurrent.CompletableFuture.uniApplyStage(CompletableFuture.java:662)
	at java.base/java.util.concurrent.CompletableFuture.thenApply(CompletableFuture.java:2200)
	at org.eclipse.lsp4e.LanguageServerWrapper.getServerCapabilitiesAsync(LanguageServerWrapper.java:938)
	at org.eclipse.lsp4e.LanguageServiceAccessor.capabilitiesComplyAsync(LanguageServiceAccessor.java:226)
	at org.eclipse.lsp4e.LanguageServiceAccessor.getStartedWrappersAsync(LanguageServiceAccessor.java:475)
	at org.eclipse.lsp4e.LanguageServiceAccessor.getStartedWrappersAsync(LanguageServiceAccessor.java:461)
	at org.eclipse.lsp4e.LanguageServers$LanguageServerProjectExecutor.getServers(LanguageServers.java:332)
	at org.eclipse.lsp4e.LanguageServers.executeOnServers(LanguageServers.java:441)
	at org.eclipse.lsp4e.LanguageServers.collectAll(LanguageServers.java:92)
	at org.eclipse.lsp4e.LanguageServers.collectAll(LanguageServers.java:75)
	at org.springframework.ide.eclipse.boot.dash.liveprocess.DefaultLiveProcessCommandExecutor.executeCommand(DefaultLiveProcessCommandExecutor.java:54)
	at org.springframework.ide.eclipse.boot.dash.BootDashActivator$1.stateChanged(BootDashActivator.java:219)
	at org.springframework.ide.eclipse.boot.dash.BootDashActivator$1.stateChanged(BootDashActivator.java:1)
	at org.springframework.ide.eclipse.boot.dash.util.RunStateTracker.updateOwnerStatesAndFireEvents(RunStateTracker.java:216)
	at org.springframework.ide.eclipse.boot.dash.util.RunStateTracker$1.gotValue(RunStateTracker.java:151)
	at org.springframework.ide.eclipse.boot.dash.util.RunStateTracker$1.gotValue(RunStateTracker.java:1)
	at org.springsource.ide.eclipse.commons.livexp.core.LiveExpression.changed(LiveExpression.java:137)
	at org.springsource.ide.eclipse.commons.livexp.core.LiveExpression.refresh(LiveExpression.java:81)
	at org.springsource.ide.eclipse.commons.livexp.core.LiveVariable.setValue(LiveVariable.java:46)
	at org.springframework.ide.eclipse.boot.dash.util.AbstractPollingAppReadyStateMonitor$1.run(AbstractPollingAppReadyStateMonitor.java:51)
	at org.eclipse.core.internal.jobs.Worker.run(Worker.java:63)
2026-04-17 14:36:30,289 [Worker-5: Building] INFO  o.a.m.s.f.DefaultMavenResourcesFiltering - Copying 1 resource from src\main\resources to target\classes
2026-04-17 14:36:30,298 [Worker-5: Building] INFO  o.a.m.s.f.DefaultMavenResourcesFiltering - Copying 0 resource from src\main\resources to target\classes
2026-04-17 14:36:30,301 [Worker-5: Building] INFO  o.a.m.s.f.DefaultMavenResourcesFiltering - skip non existing resourceDirectory C:\Users\ASUS\OneDrive\Desktop\Sprint\connect-sphere\auth-service\src\test\resources
2026-04-17 14:36:35,349 [LS-org.eclipse.languageserver.languages.springboot#listener-0] ERROR reactor.core.publisher.Operators - Operator called default onErrorDropped
reactor.core.Exceptions$ErrorCallbackNotImplemented: java.lang.IllegalStateException: Unexpected null value present!
Caused by: java.lang.IllegalStateException: Unexpected null value present!
	at org.eclipse.lsp4e.internal.NullSafetyHelper.castNonNull(NullSafetyHelper.java:36)
	at org.eclipse.lsp4e.LanguageServerWrapper.lambda$19(LanguageServerWrapper.java:938)
	at java.base/java.util.concurrent.CompletableFuture.uniApplyNow(CompletableFuture.java:684)
	at java.base/java.util.concurrent.CompletableFuture.uniApplyStage(CompletableFuture.java:662)
	at java.base/java.util.concurrent.CompletableFuture.thenApply(CompletableFuture.java:2200)
	at org.eclipse.lsp4e.LanguageServerWrapper.getServerCapabilitiesAsync(LanguageServerWrapper.java:938)
	at org.eclipse.lsp4e.LanguageServiceAccessor.capabilitiesComplyAsync(LanguageServiceAccessor.java:226)
	at org.eclipse.lsp4e.LanguageServiceAccessor.getStartedWrappersAsync(LanguageServiceAccessor.java:475)
	at org.eclipse.lsp4e.LanguageServiceAccessor.getStartedWrappersAsync(LanguageServiceAccessor.java:461)
	at org.eclipse.lsp4e.LanguageServers$LanguageServerProjectExecutor.getServers(LanguageServers.java:332)
	at org.eclipse.lsp4e.LanguageServers.executeOnServers(LanguageServers.java:441)
	at org.eclipse.lsp4e.LanguageServers.collectAll(LanguageServers.java:92)
	at org.eclipse.lsp4e.LanguageServers.collectAll(LanguageServers.java:75)
	at org.springframework.ide.eclipse.boot.dash.liveprocess.DefaultLiveProcessCommandExecutor.executeCommand(DefaultLiveProcessCommandExecutor.java:62)
	at org.springframework.ide.eclipse.boot.dash.BootDashActivator$1.stateChanged(BootDashActivator.java:229)
	at org.springframework.ide.eclipse.boot.dash.BootDashActivator$1.stateChanged(BootDashActivator.java:1)
	at org.springframework.ide.eclipse.boot.dash.util.RunStateTracker.updateOwnerStatesAndFireEvents(RunStateTracker.java:216)
	at org.springframework.ide.eclipse.boot.dash.util.RunStateTracker.processTerminated(RunStateTracker.java:267)
	at org.springframework.ide.eclipse.boot.util.ProcessTracker.processTerminated(ProcessTracker.java:112)
	at org.springframework.ide.eclipse.boot.util.ProcessTracker.handleDebugEvent(ProcessTracker.java:78)
	at org.springframework.ide.eclipse.boot.util.ProcessTracker$1.handleDebugEvents(ProcessTracker.java:48)
	at org.eclipse.debug.core.DebugPlugin$EventNotifier.run(DebugPlugin.java:1287)
	at org.eclipse.core.runtime.SafeRunner.run(SafeRunner.java:47)
	at org.eclipse.debug.core.DebugPlugin$EventNotifier.dispatch(DebugPlugin.java:1321)
	at org.eclipse.debug.core.DebugPlugin$EventDispatchJob.run(DebugPlugin.java:498)
	at org.eclipse.core.internal.jobs.Worker.run(Worker.java:63)
2026-04-17 14:36:42,549 [LS-org.eclipse.languageserver.languages.springboot#listener-0] ERROR reactor.core.publisher.Operators - Operator called default onErrorDropped
reactor.core.Exceptions$ErrorCallbackNotImplemented: java.lang.IllegalStateException: Unexpected null value present!
Caused by: java.lang.IllegalStateException: Unexpected null value present!
	at org.eclipse.lsp4e.internal.NullSafetyHelper.castNonNull(NullSafetyHelper.java:36)
	at org.eclipse.lsp4e.LanguageServerWrapper.lambda$19(LanguageServerWrapper.java:938)
	at java.base/java.util.concurrent.CompletableFuture.uniApplyNow(CompletableFuture.java:684)
	at java.base/java.util.concurrent.CompletableFuture.uniApplyStage(CompletableFuture.java:662)
	at java.base/java.util.concurrent.CompletableFuture.thenApply(CompletableFuture.java:2200)
	at org.eclipse.lsp4e.LanguageServerWrapper.getServerCapabilitiesAsync(LanguageServerWrapper.java:938)
	at org.eclipse.lsp4e.LanguageServiceAccessor.capabilitiesComplyAsync(LanguageServiceAccessor.java:226)
	at org.eclipse.lsp4e.LanguageServiceAccessor.getStartedWrappersAsync(LanguageServiceAccessor.java:475)
	at org.eclipse.lsp4e.LanguageServiceAccessor.getStartedWrappersAsync(LanguageServiceAccessor.java:461)
	at org.eclipse.lsp4e.LanguageServers$LanguageServerProjectExecutor.getServers(LanguageServers.java:332)
	at org.eclipse.lsp4e.LanguageServers.executeOnServers(LanguageServers.java:441)
	at org.eclipse.lsp4e.LanguageServers.collectAll(LanguageServers.java:92)
	at org.eclipse.lsp4e.LanguageServers.collectAll(LanguageServers.java:75)
	at org.springframework.ide.eclipse.boot.dash.liveprocess.DefaultLiveProcessCommandExecutor.executeCommand(DefaultLiveProcessCommandExecutor.java:62)
	at org.springframework.ide.eclipse.boot.dash.BootDashActivator$1.stateChanged(BootDashActivator.java:229)
	at org.springframework.ide.eclipse.boot.dash.BootDashActivator$1.stateChanged(BootDashActivator.java:1)
	at org.springframework.ide.eclipse.boot.dash.util.RunStateTracker.updateOwnerStatesAndFireEvents(RunStateTracker.java:216)
	at org.springframework.ide.eclipse.boot.dash.util.RunStateTracker.processTerminated(RunStateTracker.java:267)
	at org.springframework.ide.eclipse.boot.util.ProcessTracker.processTerminated(ProcessTracker.java:112)
	at org.springframework.ide.eclipse.boot.util.ProcessTracker.handleDebugEvent(ProcessTracker.java:78)
	at org.springframework.ide.eclipse.boot.util.ProcessTracker$1.handleDebugEvents(ProcessTracker.java:48)
	at org.eclipse.debug.core.DebugPlugin$EventNotifier.run(DebugPlugin.java:1287)
	at org.eclipse.core.runtime.SafeRunner.run(SafeRunner.java:47)
	at org.eclipse.debug.core.DebugPlugin$EventNotifier.dispatch(DebugPlugin.java:1321)
	at org.eclipse.debug.core.DebugPlugin$EventDispatchJob.run(DebugPlugin.java:498)
	at org.eclipse.core.internal.jobs.Worker.run(Worker.java:63)
2026-04-17 14:37:12,051 [LS-org.eclipse.languageserver.languages.springboot#listener-0] ERROR reactor.core.publisher.Operators - Operator called default onErrorDropped
reactor.core.Exceptions$ErrorCallbackNotImplemented: java.lang.IllegalStateException: Unexpected null value present!
Caused by: java.lang.IllegalStateException: Unexpected null value present!
	at org.eclipse.lsp4e.internal.NullSafetyHelper.castNonNull(NullSafetyHelper.java:36)
	at org.eclipse.lsp4e.LanguageServerWrapper.lambda$19(LanguageServerWrapper.java:938)
	at java.base/java.util.concurrent.CompletableFuture.uniApplyNow(CompletableFuture.java:684)
	at java.base/java.util.concurrent.CompletableFuture.uniApplyStage(CompletableFuture.java:662)
	at java.base/java.util.concurrent.CompletableFuture.thenApply(CompletableFuture.java:2200)
	at org.eclipse.lsp4e.LanguageServerWrapper.getServerCapabilitiesAsync(LanguageServerWrapper.java:938)
	at org.eclipse.lsp4e.LanguageServiceAccessor.capabilitiesComplyAsync(LanguageServiceAccessor.java:226)
	at org.eclipse.lsp4e.LanguageServiceAccessor.getStartedWrappersAsync(LanguageServiceAccessor.java:475)
	at org.eclipse.lsp4e.LanguageServiceAccessor.getStartedWrappersAsync(LanguageServiceAccessor.java:461)
	at org.eclipse.lsp4e.LanguageServers$LanguageServerProjectExecutor.getServers(LanguageServers.java:332)
	at org.eclipse.lsp4e.LanguageServers.executeOnServers(LanguageServers.java:441)
	at org.eclipse.lsp4e.LanguageServers.collectAll(LanguageServers.java:92)
	at org.eclipse.lsp4e.LanguageServers.collectAll(LanguageServers.java:75)
	at org.springframework.ide.eclipse.boot.dash.liveprocess.DefaultLiveProcessCommandExecutor.executeCommand(DefaultLiveProcessCommandExecutor.java:62)
	at org.springframework.ide.eclipse.boot.dash.BootDashActivator$1.stateChanged(BootDashActivator.java:229)
	at org.springframework.ide.eclipse.boot.dash.BootDashActivator$1.stateChanged(BootDashActivator.java:1)
	at org.springframework.ide.eclipse.boot.dash.util.RunStateTracker.updateOwnerStatesAndFireEvents(RunStateTracker.java:216)
	at org.springframework.ide.eclipse.boot.dash.util.RunStateTracker.processTerminated(RunStateTracker.java:267)
	at org.springframework.ide.eclipse.boot.util.ProcessTracker.processTerminated(ProcessTracker.java:112)
	at org.springframework.ide.eclipse.boot.util.ProcessTracker.handleDebugEvent(ProcessTracker.java:78)
	at org.springframework.ide.eclipse.boot.util.ProcessTracker$1.handleDebugEvents(ProcessTracker.java:48)
	at org.eclipse.debug.core.DebugPlugin$EventNotifier.run(DebugPlugin.java:1287)
	at org.eclipse.core.runtime.SafeRunner.run(SafeRunner.java:47)
	at org.eclipse.debug.core.DebugPlugin$EventNotifier.dispatch(DebugPlugin.java:1321)
	at org.eclipse.debug.core.DebugPlugin$EventDispatchJob.run(DebugPlugin.java:498)
	at org.eclipse.core.internal.jobs.Worker.run(Worker.java:63)
2026-04-17 14:39:50,633 [Worker-16: Building] INFO  o.a.m.s.f.DefaultMavenResourcesFiltering - Copying 1 resource from src\main\resources to target\classes
2026-04-17 14:39:50,638 [Worker-16: Building] INFO  o.a.m.s.f.DefaultMavenResourcesFiltering - Copying 0 resource from src\main\resources to target\classes
2026-04-17 14:39:50,641 [Worker-16: Building] INFO  o.a.m.s.f.DefaultMavenResourcesFiltering - skip non existing resourceDirectory C:\Users\ASUS\OneDrive\Desktop\Sprint\connect-sphere\auth-service\src\test\resources
2026-04-17 14:40:02,415 [Worker-16: Building] INFO  o.a.m.s.f.DefaultMavenResourcesFiltering - Copying 1 resource from src\main\resources to target\classes
2026-04-17 14:40:02,422 [Worker-16: Building] INFO  o.a.m.s.f.DefaultMavenResourcesFiltering - Copying 0 resource from src\main\resources to target\classes
2026-04-17 14:40:02,426 [Worker-16: Building] INFO  o.a.m.s.f.DefaultMavenResourcesFiltering - skip non existing resourceDirectory C:\Users\ASUS\OneDrive\Desktop\Sprint\connect-sphere\auth-service\src\test\resources
2026-04-17 14:40:07,494 [Worker-5: Building] INFO  o.a.m.s.f.DefaultMavenResourcesFiltering - Copying 1 resource from src\main\resources to target\classes
2026-04-17 14:40:07,502 [Worker-5: Building] INFO  o.a.m.s.f.DefaultMavenResourcesFiltering - Copying 0 resource from src\main\resources to target\classes
2026-04-17 14:40:07,505 [Worker-5: Building] INFO  o.a.m.s.f.DefaultMavenResourcesFiltering - skip non existing resourceDirectory C:\Users\ASUS\OneDrive\Desktop\Sprint\connect-sphere\auth-service\src\test\resources
2026-04-17 14:40:18,907 [LS-org.eclipse.languageserver.languages.springboot#listener-0] ERROR reactor.core.publisher.Operators - Operator called default onErrorDropped
reactor.core.Exceptions$ErrorCallbackNotImplemented: java.lang.IllegalStateException: Unexpected null value present!
Caused by: java.lang.IllegalStateException: Unexpected null value present!
	at org.eclipse.lsp4e.internal.NullSafetyHelper.castNonNull(NullSafetyHelper.java:36)
	at org.eclipse.lsp4e.LanguageServerWrapper.lambda$19(LanguageServerWrapper.java:938)
	at java.base/java.util.concurrent.CompletableFuture.uniApplyNow(CompletableFuture.java:684)
	at java.base/java.util.concurrent.CompletableFuture.uniApplyStage(CompletableFuture.java:662)
	at java.base/java.util.concurrent.CompletableFuture.thenApply(CompletableFuture.java:2200)
	at org.eclipse.lsp4e.LanguageServerWrapper.getServerCapabilitiesAsync(LanguageServerWrapper.java:938)
	at org.eclipse.lsp4e.LanguageServiceAccessor.capabilitiesComplyAsync(LanguageServiceAccessor.java:226)
	at org.eclipse.lsp4e.LanguageServiceAccessor.getStartedWrappersAsync(LanguageServiceAccessor.java:475)
	at org.eclipse.lsp4e.LanguageServiceAccessor.getStartedWrappersAsync(LanguageServiceAccessor.java:461)
	at org.eclipse.lsp4e.LanguageServers$LanguageServerProjectExecutor.getServers(LanguageServers.java:332)
	at org.eclipse.lsp4e.LanguageServers.executeOnServers(LanguageServers.java:441)
	at org.eclipse.lsp4e.LanguageServers.collectAll(LanguageServers.java:92)
	at org.eclipse.lsp4e.LanguageServers.collectAll(LanguageServers.java:75)
	at org.springframework.ide.eclipse.boot.dash.liveprocess.DefaultLiveProcessCommandExecutor.executeCommand(DefaultLiveProcessCommandExecutor.java:54)
	at org.springframework.ide.eclipse.boot.dash.BootDashActivator$1.stateChanged(BootDashActivator.java:219)
	at org.springframework.ide.eclipse.boot.dash.BootDashActivator$1.stateChanged(BootDashActivator.java:1)
	at org.springframework.ide.eclipse.boot.dash.util.RunStateTracker.updateOwnerStatesAndFireEvents(RunStateTracker.java:216)
	at org.springframework.ide.eclipse.boot.dash.util.RunStateTracker$1.gotValue(RunStateTracker.java:151)
	at org.springframework.ide.eclipse.boot.dash.util.RunStateTracker$1.gotValue(RunStateTracker.java:1)
	at org.springsource.ide.eclipse.commons.livexp.core.LiveExpression.changed(LiveExpression.java:137)
	at org.springsource.ide.eclipse.commons.livexp.core.LiveExpression.refresh(LiveExpression.java:81)
	at org.springsource.ide.eclipse.commons.livexp.core.LiveVariable.setValue(LiveVariable.java:46)
	at org.springframework.ide.eclipse.boot.dash.util.AbstractPollingAppReadyStateMonitor$1.run(AbstractPollingAppReadyStateMonitor.java:51)
	at org.eclipse.core.internal.jobs.Worker.run(Worker.java:63)
2026-04-17 14:45:02,559 [Worker-14: Building] INFO  o.a.m.s.f.DefaultMavenResourcesFiltering - Copying 1 resource from src\main\resources to target\classes
2026-04-17 14:45:02,636 [Worker-14: Building] INFO  o.a.m.s.f.DefaultMavenResourcesFiltering - Copying 0 resource from src\main\resources to target\classes
2026-04-17 14:45:02,644 [Worker-14: Building] INFO  o.a.m.s.f.DefaultMavenResourcesFiltering - skip non existing resourceDirectory C:\Users\ASUS\OneDrive\Desktop\Sprint\connect-sphere\auth-service\src\test\resources
2026-04-17 14:45:09,061 [LS-org.eclipse.languageserver.languages.springboot#listener-0] ERROR reactor.core.publisher.Operators - Operator called default onErrorDropped
reactor.core.Exceptions$ErrorCallbackNotImplemented: java.lang.IllegalStateException: Unexpected null value present!
Caused by: java.lang.IllegalStateException: Unexpected null value present!
	at org.eclipse.lsp4e.internal.NullSafetyHelper.castNonNull(NullSafetyHelper.java:36)
	at org.eclipse.lsp4e.LanguageServerWrapper.lambda$19(LanguageServerWrapper.java:938)
	at java.base/java.util.concurrent.CompletableFuture.uniApplyNow(CompletableFuture.java:684)
	at java.base/java.util.concurrent.CompletableFuture.uniApplyStage(CompletableFuture.java:662)
	at java.base/java.util.concurrent.CompletableFuture.thenApply(CompletableFuture.java:2200)
	at org.eclipse.lsp4e.LanguageServerWrapper.getServerCapabilitiesAsync(LanguageServerWrapper.java:938)
	at org.eclipse.lsp4e.LanguageServiceAccessor.capabilitiesComplyAsync(LanguageServiceAccessor.java:226)
	at org.eclipse.lsp4e.LanguageServiceAccessor.getStartedWrappersAsync(LanguageServiceAccessor.java:475)
	at org.eclipse.lsp4e.LanguageServiceAccessor.getStartedWrappersAsync(LanguageServiceAccessor.java:461)
	at org.eclipse.lsp4e.LanguageServers$LanguageServerProjectExecutor.getServers(LanguageServers.java:332)
	at org.eclipse.lsp4e.LanguageServers.executeOnServers(LanguageServers.java:441)
	at org.eclipse.lsp4e.LanguageServers.collectAll(LanguageServers.java:92)
	at org.eclipse.lsp4e.LanguageServers.collectAll(LanguageServers.java:75)
	at org.springframework.ide.eclipse.boot.dash.liveprocess.DefaultLiveProcessCommandExecutor.executeCommand(DefaultLiveProcessCommandExecutor.java:62)
	at org.springframework.ide.eclipse.boot.dash.BootDashActivator$1.stateChanged(BootDashActivator.java:229)
	at org.springframework.ide.eclipse.boot.dash.BootDashActivator$1.stateChanged(BootDashActivator.java:1)
	at org.springframework.ide.eclipse.boot.dash.util.RunStateTracker.updateOwnerStatesAndFireEvents(RunStateTracker.java:216)
	at org.springframework.ide.eclipse.boot.dash.util.RunStateTracker.processTerminated(RunStateTracker.java:267)
	at org.springframework.ide.eclipse.boot.util.ProcessTracker.processTerminated(ProcessTracker.java:112)
	at org.springframework.ide.eclipse.boot.util.ProcessTracker.handleDebugEvent(ProcessTracker.java:78)
	at org.springframework.ide.eclipse.boot.util.ProcessTracker$1.handleDebugEvents(ProcessTracker.java:48)
	at org.eclipse.debug.core.DebugPlugin$EventNotifier.run(DebugPlugin.java:1287)
	at org.eclipse.core.runtime.SafeRunner.run(SafeRunner.java:47)
	at org.eclipse.debug.core.DebugPlugin$EventNotifier.dispatch(DebugPlugin.java:1321)
	at org.eclipse.debug.core.DebugPlugin$EventDispatchJob.run(DebugPlugin.java:498)
	at org.eclipse.core.internal.jobs.Worker.run(Worker.java:63)
2026-04-17 14:45:20,646 [LS-org.eclipse.languageserver.languages.springboot#listener-0] ERROR reactor.core.publisher.Operators - Operator called default onErrorDropped
reactor.core.Exceptions$ErrorCallbackNotImplemented: java.lang.IllegalStateException: Unexpected null value present!
Caused by: java.lang.IllegalStateException: Unexpected null value present!
	at org.eclipse.lsp4e.internal.NullSafetyHelper.castNonNull(NullSafetyHelper.java:36)
	at org.eclipse.lsp4e.LanguageServerWrapper.lambda$19(LanguageServerWrapper.java:938)
	at java.base/java.util.concurrent.CompletableFuture.uniApplyNow(CompletableFuture.java:684)
	at java.base/java.util.concurrent.CompletableFuture.uniApplyStage(CompletableFuture.java:662)
	at java.base/java.util.concurrent.CompletableFuture.thenApply(CompletableFuture.java:2200)
	at org.eclipse.lsp4e.LanguageServerWrapper.getServerCapabilitiesAsync(LanguageServerWrapper.java:938)
	at org.eclipse.lsp4e.LanguageServiceAccessor.capabilitiesComplyAsync(LanguageServiceAccessor.java:226)
	at org.eclipse.lsp4e.LanguageServiceAccessor.getStartedWrappersAsync(LanguageServiceAccessor.java:475)
	at org.eclipse.lsp4e.LanguageServiceAccessor.getStartedWrappersAsync(LanguageServiceAccessor.java:461)
	at org.eclipse.lsp4e.LanguageServers$LanguageServerProjectExecutor.getServers(LanguageServers.java:332)
	at org.eclipse.lsp4e.LanguageServers.executeOnServers(LanguageServers.java:441)
	at org.eclipse.lsp4e.LanguageServers.collectAll(LanguageServers.java:92)
	at org.eclipse.lsp4e.LanguageServers.collectAll(LanguageServers.java:75)
	at org.springframework.ide.eclipse.boot.dash.liveprocess.DefaultLiveProcessCommandExecutor.executeCommand(DefaultLiveProcessCommandExecutor.java:54)
	at org.springframework.ide.eclipse.boot.dash.BootDashActivator$1.stateChanged(BootDashActivator.java:219)
	at org.springframework.ide.eclipse.boot.dash.BootDashActivator$1.stateChanged(BootDashActivator.java:1)
	at org.springframework.ide.eclipse.boot.dash.util.RunStateTracker.updateOwnerStatesAndFireEvents(RunStateTracker.java:216)
	at org.springframework.ide.eclipse.boot.dash.util.RunStateTracker$1.gotValue(RunStateTracker.java:151)
	at org.springframework.ide.eclipse.boot.dash.util.RunStateTracker$1.gotValue(RunStateTracker.java:1)
	at org.springsource.ide.eclipse.commons.livexp.core.LiveExpression.changed(LiveExpression.java:137)
	at org.springsource.ide.eclipse.commons.livexp.core.LiveExpression.refresh(LiveExpression.java:81)
	at org.springsource.ide.eclipse.commons.livexp.core.LiveVariable.setValue(LiveVariable.java:46)
	at org.springframework.ide.eclipse.boot.dash.util.AbstractPollingAppReadyStateMonitor$1.run(AbstractPollingAppReadyStateMonitor.java:51)
	at org.eclipse.core.internal.jobs.Worker.run(Worker.java:63)
2026-04-17 14:49:10,319 [Worker-20: Building] INFO  o.a.m.s.f.DefaultMavenResourcesFiltering - Copying 1 resource from src\main\resources to target\classes
2026-04-17 14:49:10,327 [Worker-20: Building] INFO  o.a.m.s.f.DefaultMavenResourcesFiltering - Copying 0 resource from src\main\resources to target\classes
2026-04-17 14:49:10,330 [Worker-20: Building] INFO  o.a.m.s.f.DefaultMavenResourcesFiltering - skip non existing resourceDirectory C:\Users\ASUS\OneDrive\Desktop\Sprint\connect-sphere\auth-service\src\test\resources
2026-04-17 14:49:13,831 [LS-org.eclipse.languageserver.languages.springboot#listener-0] ERROR reactor.core.publisher.Operators - Operator called default onErrorDropped
reactor.core.Exceptions$ErrorCallbackNotImplemented: java.lang.IllegalStateException: Unexpected null value present!
Caused by: java.lang.IllegalStateException: Unexpected null value present!
	at org.eclipse.lsp4e.internal.NullSafetyHelper.castNonNull(NullSafetyHelper.java:36)
	at org.eclipse.lsp4e.LanguageServerWrapper.lambda$19(LanguageServerWrapper.java:938)
	at java.base/java.util.concurrent.CompletableFuture.uniApplyNow(CompletableFuture.java:684)
	at java.base/java.util.concurrent.CompletableFuture.uniApplyStage(CompletableFuture.java:662)
	at java.base/java.util.concurrent.CompletableFuture.thenApply(CompletableFuture.java:2200)
	at org.eclipse.lsp4e.LanguageServerWrapper.getServerCapabilitiesAsync(LanguageServerWrapper.java:938)
	at org.eclipse.lsp4e.LanguageServiceAccessor.capabilitiesComplyAsync(LanguageServiceAccessor.java:226)
	at org.eclipse.lsp4e.LanguageServiceAccessor.getStartedWrappersAsync(LanguageServiceAccessor.java:475)
	at org.eclipse.lsp4e.LanguageServiceAccessor.getStartedWrappersAsync(LanguageServiceAccessor.java:461)
	at org.eclipse.lsp4e.LanguageServers$LanguageServerProjectExecutor.getServers(LanguageServers.java:332)
	at org.eclipse.lsp4e.LanguageServers.executeOnServers(LanguageServers.java:441)
	at org.eclipse.lsp4e.LanguageServers.collectAll(LanguageServers.java:92)
	at org.eclipse.lsp4e.LanguageServers.collectAll(LanguageServers.java:75)
	at org.springframework.ide.eclipse.boot.dash.liveprocess.DefaultLiveProcessCommandExecutor.executeCommand(DefaultLiveProcessCommandExecutor.java:62)
	at org.springframework.ide.eclipse.boot.dash.BootDashActivator$1.stateChanged(BootDashActivator.java:229)
	at org.springframework.ide.eclipse.boot.dash.BootDashActivator$1.stateChanged(BootDashActivator.java:1)
	at org.springframework.ide.eclipse.boot.dash.util.RunStateTracker.updateOwnerStatesAndFireEvents(RunStateTracker.java:216)
	at org.springframework.ide.eclipse.boot.dash.util.RunStateTracker.processTerminated(RunStateTracker.java:267)
	at org.springframework.ide.eclipse.boot.util.ProcessTracker.processTerminated(ProcessTracker.java:112)
	at org.springframework.ide.eclipse.boot.util.ProcessTracker.handleDebugEvent(ProcessTracker.java:78)
	at org.springframework.ide.eclipse.boot.util.ProcessTracker$1.handleDebugEvents(ProcessTracker.java:48)
	at org.eclipse.debug.core.DebugPlugin$EventNotifier.run(DebugPlugin.java:1287)
	at org.eclipse.core.runtime.SafeRunner.run(SafeRunner.java:47)
	at org.eclipse.debug.core.DebugPlugin$EventNotifier.dispatch(DebugPlugin.java:1321)
	at org.eclipse.debug.core.DebugPlugin$EventDispatchJob.run(DebugPlugin.java:498)
	at org.eclipse.core.internal.jobs.Worker.run(Worker.java:63)
2026-04-17 14:49:25,354 [LS-org.eclipse.languageserver.languages.springboot#listener-0] ERROR reactor.core.publisher.Operators - Operator called default onErrorDropped
reactor.core.Exceptions$ErrorCallbackNotImplemented: java.lang.IllegalStateException: Unexpected null value present!
Caused by: java.lang.IllegalStateException: Unexpected null value present!
	at org.eclipse.lsp4e.internal.NullSafetyHelper.castNonNull(NullSafetyHelper.java:36)
	at org.eclipse.lsp4e.LanguageServerWrapper.lambda$19(LanguageServerWrapper.java:938)
	at java.base/java.util.concurrent.CompletableFuture.uniApplyNow(CompletableFuture.java:684)
	at java.base/java.util.concurrent.CompletableFuture.uniApplyStage(CompletableFuture.java:662)
	at java.base/java.util.concurrent.CompletableFuture.thenApply(CompletableFuture.java:2200)
	at org.eclipse.lsp4e.LanguageServerWrapper.getServerCapabilitiesAsync(LanguageServerWrapper.java:938)
	at org.eclipse.lsp4e.LanguageServiceAccessor.capabilitiesComplyAsync(LanguageServiceAccessor.java:226)
	at org.eclipse.lsp4e.LanguageServiceAccessor.getStartedWrappersAsync(LanguageServiceAccessor.java:475)
	at org.eclipse.lsp4e.LanguageServiceAccessor.getStartedWrappersAsync(LanguageServiceAccessor.java:461)
	at org.eclipse.lsp4e.LanguageServers$LanguageServerProjectExecutor.getServers(LanguageServers.java:332)
	at org.eclipse.lsp4e.LanguageServers.executeOnServers(LanguageServers.java:441)
	at org.eclipse.lsp4e.LanguageServers.collectAll(LanguageServers.java:92)
	at org.eclipse.lsp4e.LanguageServers.collectAll(LanguageServers.java:75)
	at org.springframework.ide.eclipse.boot.dash.liveprocess.DefaultLiveProcessCommandExecutor.executeCommand(DefaultLiveProcessCommandExecutor.java:54)
	at org.springframework.ide.eclipse.boot.dash.BootDashActivator$1.stateChanged(BootDashActivator.java:219)
	at org.springframework.ide.eclipse.boot.dash.BootDashActivator$1.stateChanged(BootDashActivator.java:1)
	at org.springframework.ide.eclipse.boot.dash.util.RunStateTracker.updateOwnerStatesAndFireEvents(RunStateTracker.java:216)
	at org.springframework.ide.eclipse.boot.dash.util.RunStateTracker$1.gotValue(RunStateTracker.java:151)
	at org.springframework.ide.eclipse.boot.dash.util.RunStateTracker$1.gotValue(RunStateTracker.java:1)
	at org.springsource.ide.eclipse.commons.livexp.core.LiveExpression.changed(LiveExpression.java:137)
	at org.springsource.ide.eclipse.commons.livexp.core.LiveExpression.refresh(LiveExpression.java:81)
	at org.springsource.ide.eclipse.commons.livexp.core.LiveVariable.setValue(LiveVariable.java:46)
	at org.springframework.ide.eclipse.boot.dash.util.AbstractPollingAppReadyStateMonitor$1.run(AbstractPollingAppReadyStateMonitor.java:51)
	at org.eclipse.core.internal.jobs.Worker.run(Worker.java:63)
2026-04-17 14:51:59,655 [Worker-19: Building] INFO  o.a.m.s.f.DefaultMavenResourcesFiltering - Copying 1 resource from src\main\resources to target\classes
2026-04-17 14:51:59,662 [Worker-19: Building] INFO  o.a.m.s.f.DefaultMavenResourcesFiltering - Copying 0 resource from src\main\resources to target\classes
2026-04-17 14:51:59,666 [Worker-19: Building] INFO  o.a.m.s.f.DefaultMavenResourcesFiltering - skip non existing resourceDirectory C:\Users\ASUS\OneDrive\Desktop\Sprint\connect-sphere\auth-service\src\test\resources
2026-04-17 14:52:18,414 [LS-org.eclipse.languageserver.languages.springboot#listener-0] ERROR reactor.core.publisher.Operators - Operator called default onErrorDropped
reactor.core.Exceptions$ErrorCallbackNotImplemented: java.lang.IllegalStateException: Unexpected null value present!
Caused by: java.lang.IllegalStateException: Unexpected null value present!
	at org.eclipse.lsp4e.internal.NullSafetyHelper.castNonNull(NullSafetyHelper.java:36)
	at org.eclipse.lsp4e.LanguageServerWrapper.lambda$19(LanguageServerWrapper.java:938)
	at java.base/java.util.concurrent.CompletableFuture.uniApplyNow(CompletableFuture.java:684)
	at java.base/java.util.concurrent.CompletableFuture.uniApplyStage(CompletableFuture.java:662)
	at java.base/java.util.concurrent.CompletableFuture.thenApply(CompletableFuture.java:2200)
	at org.eclipse.lsp4e.LanguageServerWrapper.getServerCapabilitiesAsync(LanguageServerWrapper.java:938)
	at org.eclipse.lsp4e.LanguageServiceAccessor.capabilitiesComplyAsync(LanguageServiceAccessor.java:226)
	at org.eclipse.lsp4e.LanguageServiceAccessor.getStartedWrappersAsync(LanguageServiceAccessor.java:475)
	at org.eclipse.lsp4e.LanguageServiceAccessor.getStartedWrappersAsync(LanguageServiceAccessor.java:461)
	at org.eclipse.lsp4e.LanguageServers$LanguageServerProjectExecutor.getServers(LanguageServers.java:332)
	at org.eclipse.lsp4e.LanguageServers.executeOnServers(LanguageServers.java:441)
	at org.eclipse.lsp4e.LanguageServers.collectAll(LanguageServers.java:92)
	at org.eclipse.lsp4e.LanguageServers.collectAll(LanguageServers.java:75)
	at org.springframework.ide.eclipse.boot.dash.liveprocess.DefaultLiveProcessCommandExecutor.executeCommand(DefaultLiveProcessCommandExecutor.java:62)
	at org.springframework.ide.eclipse.boot.dash.BootDashActivator$1.stateChanged(BootDashActivator.java:229)
	at org.springframework.ide.eclipse.boot.dash.BootDashActivator$1.stateChanged(BootDashActivator.java:1)
	at org.springframework.ide.eclipse.boot.dash.util.RunStateTracker.updateOwnerStatesAndFireEvents(RunStateTracker.java:216)
	at org.springframework.ide.eclipse.boot.dash.util.RunStateTracker.processTerminated(RunStateTracker.java:267)
	at org.springframework.ide.eclipse.boot.util.ProcessTracker.processTerminated(ProcessTracker.java:112)
	at org.springframework.ide.eclipse.boot.util.ProcessTracker.handleDebugEvent(ProcessTracker.java:78)
	at org.springframework.ide.eclipse.boot.util.ProcessTracker$1.handleDebugEvents(ProcessTracker.java:48)
	at org.eclipse.debug.core.DebugPlugin$EventNotifier.run(DebugPlugin.java:1287)
	at org.eclipse.core.runtime.SafeRunner.run(SafeRunner.java:47)
	at org.eclipse.debug.core.DebugPlugin$EventNotifier.dispatch(DebugPlugin.java:1321)
	at org.eclipse.debug.core.DebugPlugin$EventDispatchJob.run(DebugPlugin.java:498)
	at org.eclipse.core.internal.jobs.Worker.run(Worker.java:63)
2026-04-17 14:52:29,317 [LS-org.eclipse.languageserver.languages.springboot#listener-0] ERROR reactor.core.publisher.Operators - Operator called default onErrorDropped
reactor.core.Exceptions$ErrorCallbackNotImplemented: java.lang.IllegalStateException: Unexpected null value present!
Caused by: java.lang.IllegalStateException: Unexpected null value present!
	at org.eclipse.lsp4e.internal.NullSafetyHelper.castNonNull(NullSafetyHelper.java:36)
	at org.eclipse.lsp4e.LanguageServerWrapper.lambda$19(LanguageServerWrapper.java:938)
	at java.base/java.util.concurrent.CompletableFuture.uniApplyNow(CompletableFuture.java:684)
	at java.base/java.util.concurrent.CompletableFuture.uniApplyStage(CompletableFuture.java:662)
	at java.base/java.util.concurrent.CompletableFuture.thenApply(CompletableFuture.java:2200)
	at org.eclipse.lsp4e.LanguageServerWrapper.getServerCapabilitiesAsync(LanguageServerWrapper.java:938)
	at org.eclipse.lsp4e.LanguageServiceAccessor.capabilitiesComplyAsync(LanguageServiceAccessor.java:226)
	at org.eclipse.lsp4e.LanguageServiceAccessor.getStartedWrappersAsync(LanguageServiceAccessor.java:475)
	at org.eclipse.lsp4e.LanguageServiceAccessor.getStartedWrappersAsync(LanguageServiceAccessor.java:461)
	at org.eclipse.lsp4e.LanguageServers$LanguageServerProjectExecutor.getServers(LanguageServers.java:332)
	at org.eclipse.lsp4e.LanguageServers.executeOnServers(LanguageServers.java:441)
	at org.eclipse.lsp4e.LanguageServers.collectAll(LanguageServers.java:92)
	at org.eclipse.lsp4e.LanguageServers.collectAll(LanguageServers.java:75)
	at org.springframework.ide.eclipse.boot.dash.liveprocess.DefaultLiveProcessCommandExecutor.executeCommand(DefaultLiveProcessCommandExecutor.java:54)
	at org.springframework.ide.eclipse.boot.dash.BootDashActivator$1.stateChanged(BootDashActivator.java:219)
	at org.springframework.ide.eclipse.boot.dash.BootDashActivator$1.stateChanged(BootDashActivator.java:1)
	at org.springframework.ide.eclipse.boot.dash.util.RunStateTracker.updateOwnerStatesAndFireEvents(RunStateTracker.java:216)
	at org.springframework.ide.eclipse.boot.dash.util.RunStateTracker$1.gotValue(RunStateTracker.java:151)
	at org.springframework.ide.eclipse.boot.dash.util.RunStateTracker$1.gotValue(RunStateTracker.java:1)
	at org.springsource.ide.eclipse.commons.livexp.core.LiveExpression.changed(LiveExpression.java:137)
	at org.springsource.ide.eclipse.commons.livexp.core.LiveExpression.refresh(LiveExpression.java:81)
	at org.springsource.ide.eclipse.commons.livexp.core.LiveVariable.setValue(LiveVariable.java:46)
	at org.springframework.ide.eclipse.boot.dash.util.AbstractPollingAppReadyStateMonitor$1.run(AbstractPollingAppReadyStateMonitor.java:51)
	at org.eclipse.core.internal.jobs.Worker.run(Worker.java:63)
2026-04-17 14:54:45,860 [Worker-14: Building] INFO  o.a.m.s.f.DefaultMavenResourcesFiltering - Copying 1 resource from src\main\resources to target\classes
2026-04-17 14:54:45,874 [Worker-14: Building] INFO  o.a.m.s.f.DefaultMavenResourcesFiltering - Copying 0 resource from src\main\resources to target\classes
2026-04-17 14:54:45,879 [Worker-14: Building] INFO  o.a.m.s.f.DefaultMavenResourcesFiltering - skip non existing resourceDirectory C:\Users\ASUS\OneDrive\Desktop\Sprint\connect-sphere\auth-service\src\test\resources
2026-04-17 14:54:53,275 [Worker-14: Building] INFO  o.a.m.s.f.DefaultMavenResourcesFiltering - Copying 1 resource from src\main\resources to target\classes
2026-04-17 14:54:53,290 [Worker-14: Building] INFO  o.a.m.s.f.DefaultMavenResourcesFiltering - Copying 0 resource from src\main\resources to target\classes
2026-04-17 14:54:53,293 [Worker-14: Building] INFO  o.a.m.s.f.DefaultMavenResourcesFiltering - skip non existing resourceDirectory C:\Users\ASUS\OneDrive\Desktop\Sprint\connect-sphere\auth-service\src\test\resources
2026-04-17 14:55:06,755 [LS-org.eclipse.languageserver.languages.springboot#listener-0] ERROR reactor.core.publisher.Operators - Operator called default onErrorDropped
reactor.core.Exceptions$ErrorCallbackNotImplemented: java.lang.IllegalStateException: Unexpected null value present!
Caused by: java.lang.IllegalStateException: Unexpected null value present!
	at org.eclipse.lsp4e.internal.NullSafetyHelper.castNonNull(NullSafetyHelper.java:36)
	at org.eclipse.lsp4e.LanguageServerWrapper.lambda$19(LanguageServerWrapper.java:938)
	at java.base/java.util.concurrent.CompletableFuture.uniApplyNow(CompletableFuture.java:684)
	at java.base/java.util.concurrent.CompletableFuture.uniApplyStage(CompletableFuture.java:662)
	at java.base/java.util.concurrent.CompletableFuture.thenApply(CompletableFuture.java:2200)
	at org.eclipse.lsp4e.LanguageServerWrapper.getServerCapabilitiesAsync(LanguageServerWrapper.java:938)
	at org.eclipse.lsp4e.LanguageServiceAccessor.capabilitiesComplyAsync(LanguageServiceAccessor.java:226)
	at org.eclipse.lsp4e.LanguageServiceAccessor.getStartedWrappersAsync(LanguageServiceAccessor.java:475)
	at org.eclipse.lsp4e.LanguageServiceAccessor.getStartedWrappersAsync(LanguageServiceAccessor.java:461)
	at org.eclipse.lsp4e.LanguageServers$LanguageServerProjectExecutor.getServers(LanguageServers.java:332)
	at org.eclipse.lsp4e.LanguageServers.executeOnServers(LanguageServers.java:441)
	at org.eclipse.lsp4e.LanguageServers.collectAll(LanguageServers.java:92)
	at org.eclipse.lsp4e.LanguageServers.collectAll(LanguageServers.java:75)
	at org.springframework.ide.eclipse.boot.dash.liveprocess.DefaultLiveProcessCommandExecutor.executeCommand(DefaultLiveProcessCommandExecutor.java:62)
	at org.springframework.ide.eclipse.boot.dash.BootDashActivator$1.stateChanged(BootDashActivator.java:229)
	at org.springframework.ide.eclipse.boot.dash.BootDashActivator$1.stateChanged(BootDashActivator.java:1)
	at org.springframework.ide.eclipse.boot.dash.util.RunStateTracker.updateOwnerStatesAndFireEvents(RunStateTracker.java:216)
	at org.springframework.ide.eclipse.boot.dash.util.RunStateTracker.processTerminated(RunStateTracker.java:267)
	at org.springframework.ide.eclipse.boot.util.ProcessTracker.processTerminated(ProcessTracker.java:112)
	at org.springframework.ide.eclipse.boot.util.ProcessTracker.handleDebugEvent(ProcessTracker.java:78)
	at org.springframework.ide.eclipse.boot.util.ProcessTracker$1.handleDebugEvents(ProcessTracker.java:48)
	at org.eclipse.debug.core.DebugPlugin$EventNotifier.run(DebugPlugin.java:1287)
	at org.eclipse.core.runtime.SafeRunner.run(SafeRunner.java:47)
	at org.eclipse.debug.core.DebugPlugin$EventNotifier.dispatch(DebugPlugin.java:1321)
	at org.eclipse.debug.core.DebugPlugin$EventDispatchJob.run(DebugPlugin.java:498)
	at org.eclipse.core.internal.jobs.Worker.run(Worker.java:63)
2026-04-17 14:55:11,298 [Worker-5: Updating Maven Project] INFO  o.e.m.c.i.p.ProjectConfigurationManager - Update started
2026-04-17 14:55:14,880 [Worker-5: Updating Maven Project] INFO  o.e.m.c.i.l.LifecycleMappingFactory - Using org.eclipse.m2e.jdt.JarLifecycleMapping lifecycle mapping for MavenProject: com.connectsphere:auth-service:1.0.0 @ C:\Users\ASUS\OneDrive\Desktop\Sprint\connect-sphere\auth-service\pom.xml.
2026-04-17 14:55:19,101 [Worker-5: Updating Maven Project] INFO  o.e.m.j.i.AbstractJavaProjectConfigurator - Adding source folder /auth-service/src/main/java
2026-04-17 14:55:19,104 [Worker-5: Updating Maven Project] INFO  o.e.m.j.i.AbstractJavaProjectConfigurator - Adding resource folder /auth-service/src/main/resources
2026-04-17 14:55:19,104 [Worker-5: Updating Maven Project] INFO  o.e.m.j.i.AbstractJavaProjectConfigurator - Adding resource folder /auth-service/src/main/resources
2026-04-17 14:55:19,105 [Worker-5: Updating Maven Project] INFO  o.e.m.j.i.AbstractJavaProjectConfigurator - Adding source folder /auth-service/src/test/java
2026-04-17 14:55:19,105 [Worker-5: Updating Maven Project] INFO  o.e.m.j.i.AbstractJavaProjectConfigurator - Adding resource folder /auth-service/src/test/resources
2026-04-17 14:55:19,658 [Worker-5: Updating Maven Project] INFO  o.e.m.c.i.p.ProjectConfigurationManager - Update completed for 1 poms: local refresh takes 0.00 sec, refresh facades takes 7.00 sec, update config takes 0.00 sec 
2026-04-17 14:55:20,358 [Worker-19: Building] INFO  o.a.m.s.f.DefaultMavenResourcesFiltering - Copying 1 resource from src\main\resources to target\classes
2026-04-17 14:55:20,395 [Worker-19: Building] INFO  o.a.m.s.f.DefaultMavenResourcesFiltering - Copying 0 resource from src\main\resources to target\classes
2026-04-17 14:55:20,402 [Worker-19: Building] INFO  o.a.m.s.f.DefaultMavenResourcesFiltering - skip non existing resourceDirectory C:\Users\ASUS\OneDrive\Desktop\Sprint\connect-sphere\auth-service\src\test\resources
2026-04-17 14:55:33,209 [Worker-18: Updating Maven Project] INFO  o.e.m.c.i.p.ProjectConfigurationManager - Update started
2026-04-17 14:55:33,461 [Worker-18: Updating Maven Project] INFO  o.e.m.c.i.l.LifecycleMappingFactory - Using org.eclipse.m2e.jdt.JarLifecycleMapping lifecycle mapping for MavenProject: com.connectsphere:auth-service:1.0.0 @ C:\Users\ASUS\OneDrive\Desktop\Sprint\connect-sphere\auth-service\pom.xml.
2026-04-17 14:55:34,072 [Worker-18: Updating Maven Project] INFO  o.e.m.j.i.AbstractJavaProjectConfigurator - Adding source folder /auth-service/src/main/java
2026-04-17 14:55:34,072 [Worker-18: Updating Maven Project] INFO  o.e.m.j.i.AbstractJavaProjectConfigurator - Adding resource folder /auth-service/src/main/resources
2026-04-17 14:55:34,073 [Worker-18: Updating Maven Project] INFO  o.e.m.j.i.AbstractJavaProjectConfigurator - Adding resource folder /auth-service/src/main/resources
2026-04-17 14:55:34,073 [Worker-18: Updating Maven Project] INFO  o.e.m.j.i.AbstractJavaProjectConfigurator - Adding source folder /auth-service/src/test/java
2026-04-17 14:55:34,074 [Worker-18: Updating Maven Project] INFO  o.e.m.j.i.AbstractJavaProjectConfigurator - Adding resource folder /auth-service/src/test/resources
2026-04-17 14:55:34,461 [Worker-18: Updating Maven Project] INFO  o.e.m.c.i.p.ProjectConfigurationManager - Update completed for 1 poms: local refresh takes 0.00 sec, refresh facades takes 0.00 sec, update config takes 0.00 sec 
2026-04-17 14:55:34,909 [Worker-1: Building] INFO  o.a.m.s.f.DefaultMavenResourcesFiltering - Copying 1 resource from src\main\resources to target\classes
2026-04-17 14:55:34,922 [Worker-1: Building] INFO  o.a.m.s.f.DefaultMavenResourcesFiltering - Copying 0 resource from src\main\resources to target\classes
2026-04-17 14:55:34,926 [Worker-1: Building] INFO  o.a.m.s.f.DefaultMavenResourcesFiltering - skip non existing resourceDirectory C:\Users\ASUS\OneDrive\Desktop\Sprint\connect-sphere\auth-service\src\test\resources
2026-04-17 14:55:46,576 [LS-org.eclipse.languageserver.languages.springboot#listener-0] ERROR reactor.core.publisher.Operators - Operator called default onErrorDropped
reactor.core.Exceptions$ErrorCallbackNotImplemented: java.lang.IllegalStateException: Unexpected null value present!
Caused by: java.lang.IllegalStateException: Unexpected null value present!
	at org.eclipse.lsp4e.internal.NullSafetyHelper.castNonNull(NullSafetyHelper.java:36)
	at org.eclipse.lsp4e.LanguageServerWrapper.lambda$19(LanguageServerWrapper.java:938)
	at java.base/java.util.concurrent.CompletableFuture.uniApplyNow(CompletableFuture.java:684)
	at java.base/java.util.concurrent.CompletableFuture.uniApplyStage(CompletableFuture.java:662)
	at java.base/java.util.concurrent.CompletableFuture.thenApply(CompletableFuture.java:2200)
	at org.eclipse.lsp4e.LanguageServerWrapper.getServerCapabilitiesAsync(LanguageServerWrapper.java:938)
	at org.eclipse.lsp4e.LanguageServiceAccessor.capabilitiesComplyAsync(LanguageServiceAccessor.java:226)
	at org.eclipse.lsp4e.LanguageServiceAccessor.getStartedWrappersAsync(LanguageServiceAccessor.java:475)
	at org.eclipse.lsp4e.LanguageServiceAccessor.getStartedWrappersAsync(LanguageServiceAccessor.java:461)
	at org.eclipse.lsp4e.LanguageServers$LanguageServerProjectExecutor.getServers(LanguageServers.java:332)
	at org.eclipse.lsp4e.LanguageServers.executeOnServers(LanguageServers.java:441)
	at org.eclipse.lsp4e.LanguageServers.collectAll(LanguageServers.java:92)
	at org.eclipse.lsp4e.LanguageServers.collectAll(LanguageServers.java:75)
	at org.springframework.ide.eclipse.boot.dash.liveprocess.DefaultLiveProcessCommandExecutor.executeCommand(DefaultLiveProcessCommandExecutor.java:54)
	at org.springframework.ide.eclipse.boot.dash.BootDashActivator$1.stateChanged(BootDashActivator.java:219)
	at org.springframework.ide.eclipse.boot.dash.BootDashActivator$1.stateChanged(BootDashActivator.java:1)
	at org.springframework.ide.eclipse.boot.dash.util.RunStateTracker.updateOwnerStatesAndFireEvents(RunStateTracker.java:216)
	at org.springframework.ide.eclipse.boot.dash.util.RunStateTracker$1.gotValue(RunStateTracker.java:151)
	at org.springframework.ide.eclipse.boot.dash.util.RunStateTracker$1.gotValue(RunStateTracker.java:1)
	at org.springsource.ide.eclipse.commons.livexp.core.LiveExpression.changed(LiveExpression.java:137)
	at org.springsource.ide.eclipse.commons.livexp.core.LiveExpression.refresh(LiveExpression.java:81)
	at org.springsource.ide.eclipse.commons.livexp.core.LiveVariable.setValue(LiveVariable.java:46)
	at org.springframework.ide.eclipse.boot.dash.util.AbstractPollingAppReadyStateMonitor$1.run(AbstractPollingAppReadyStateMonitor.java:51)
	at org.eclipse.core.internal.jobs.Worker.run(Worker.java:63)
2026-04-17 14:58:29,240 [Worker-14: Building] INFO  o.a.m.s.f.DefaultMavenResourcesFiltering - Copying 1 resource from src\main\resources to target\classes
2026-04-17 14:58:29,247 [Worker-14: Building] INFO  o.a.m.s.f.DefaultMavenResourcesFiltering - Copying 0 resource from src\main\resources to target\classes
2026-04-17 14:58:29,250 [Worker-14: Building] INFO  o.a.m.s.f.DefaultMavenResourcesFiltering - skip non existing resourceDirectory C:\Users\ASUS\OneDrive\Desktop\Sprint\connect-sphere\auth-service\src\test\resources
2026-04-17 14:58:36,355 [LS-org.eclipse.languageserver.languages.springboot#listener-0] ERROR reactor.core.publisher.Operators - Operator called default onErrorDropped
reactor.core.Exceptions$ErrorCallbackNotImplemented: java.lang.IllegalStateException: Unexpected null value present!
Caused by: java.lang.IllegalStateException: Unexpected null value present!
	at org.eclipse.lsp4e.internal.NullSafetyHelper.castNonNull(NullSafetyHelper.java:36)
	at org.eclipse.lsp4e.LanguageServerWrapper.lambda$19(LanguageServerWrapper.java:938)
	at java.base/java.util.concurrent.CompletableFuture.uniApplyNow(CompletableFuture.java:684)
	at java.base/java.util.concurrent.CompletableFuture.uniApplyStage(CompletableFuture.java:662)
	at java.base/java.util.concurrent.CompletableFuture.thenApply(CompletableFuture.java:2200)
	at org.eclipse.lsp4e.LanguageServerWrapper.getServerCapabilitiesAsync(LanguageServerWrapper.java:938)
	at org.eclipse.lsp4e.LanguageServiceAccessor.capabilitiesComplyAsync(LanguageServiceAccessor.java:226)
	at org.eclipse.lsp4e.LanguageServiceAccessor.getStartedWrappersAsync(LanguageServiceAccessor.java:475)
	at org.eclipse.lsp4e.LanguageServiceAccessor.getStartedWrappersAsync(LanguageServiceAccessor.java:461)
	at org.eclipse.lsp4e.LanguageServers$LanguageServerProjectExecutor.getServers(LanguageServers.java:332)
	at org.eclipse.lsp4e.LanguageServers.executeOnServers(LanguageServers.java:441)
	at org.eclipse.lsp4e.LanguageServers.collectAll(LanguageServers.java:92)
	at org.eclipse.lsp4e.LanguageServers.collectAll(LanguageServers.java:75)
	at org.springframework.ide.eclipse.boot.dash.liveprocess.DefaultLiveProcessCommandExecutor.executeCommand(DefaultLiveProcessCommandExecutor.java:62)
	at org.springframework.ide.eclipse.boot.dash.BootDashActivator$1.stateChanged(BootDashActivator.java:229)
	at org.springframework.ide.eclipse.boot.dash.BootDashActivator$1.stateChanged(BootDashActivator.java:1)
	at org.springframework.ide.eclipse.boot.dash.util.RunStateTracker.updateOwnerStatesAndFireEvents(RunStateTracker.java:216)
	at org.springframework.ide.eclipse.boot.dash.util.RunStateTracker.processTerminated(RunStateTracker.java:267)
	at org.springframework.ide.eclipse.boot.util.ProcessTracker.processTerminated(ProcessTracker.java:112)
	at org.springframework.ide.eclipse.boot.util.ProcessTracker.handleDebugEvent(ProcessTracker.java:78)
	at org.springframework.ide.eclipse.boot.util.ProcessTracker$1.handleDebugEvents(ProcessTracker.java:48)
	at org.eclipse.debug.core.DebugPlugin$EventNotifier.run(DebugPlugin.java:1287)
	at org.eclipse.core.runtime.SafeRunner.run(SafeRunner.java:47)
	at org.eclipse.debug.core.DebugPlugin$EventNotifier.dispatch(DebugPlugin.java:1321)
	at org.eclipse.debug.core.DebugPlugin$EventDispatchJob.run(DebugPlugin.java:498)
	at org.eclipse.core.internal.jobs.Worker.run(Worker.java:63)
2026-04-17 14:58:46,908 [LS-org.eclipse.languageserver.languages.springboot#listener-0] ERROR reactor.core.publisher.Operators - Operator called default onErrorDropped
reactor.core.Exceptions$ErrorCallbackNotImplemented: java.lang.IllegalStateException: Unexpected null value present!
Caused by: java.lang.IllegalStateException: Unexpected null value present!
	at org.eclipse.lsp4e.internal.NullSafetyHelper.castNonNull(NullSafetyHelper.java:36)
	at org.eclipse.lsp4e.LanguageServerWrapper.lambda$19(LanguageServerWrapper.java:938)
	at java.base/java.util.concurrent.CompletableFuture.uniApplyNow(CompletableFuture.java:684)
	at java.base/java.util.concurrent.CompletableFuture.uniApplyStage(CompletableFuture.java:662)
	at java.base/java.util.concurrent.CompletableFuture.thenApply(CompletableFuture.java:2200)
	at org.eclipse.lsp4e.LanguageServerWrapper.getServerCapabilitiesAsync(LanguageServerWrapper.java:938)
	at org.eclipse.lsp4e.LanguageServiceAccessor.capabilitiesComplyAsync(LanguageServiceAccessor.java:226)
	at org.eclipse.lsp4e.LanguageServiceAccessor.getStartedWrappersAsync(LanguageServiceAccessor.java:475)
	at org.eclipse.lsp4e.LanguageServiceAccessor.getStartedWrappersAsync(LanguageServiceAccessor.java:461)
	at org.eclipse.lsp4e.LanguageServers$LanguageServerProjectExecutor.getServers(LanguageServers.java:332)
	at org.eclipse.lsp4e.LanguageServers.executeOnServers(LanguageServers.java:441)
	at org.eclipse.lsp4e.LanguageServers.collectAll(LanguageServers.java:92)
	at org.eclipse.lsp4e.LanguageServers.collectAll(LanguageServers.java:75)
	at org.springframework.ide.eclipse.boot.dash.liveprocess.DefaultLiveProcessCommandExecutor.executeCommand(DefaultLiveProcessCommandExecutor.java:54)
	at org.springframework.ide.eclipse.boot.dash.BootDashActivator$1.stateChanged(BootDashActivator.java:219)
	at org.springframework.ide.eclipse.boot.dash.BootDashActivator$1.stateChanged(BootDashActivator.java:1)
	at org.springframework.ide.eclipse.boot.dash.util.RunStateTracker.updateOwnerStatesAndFireEvents(RunStateTracker.java:216)
	at org.springframework.ide.eclipse.boot.dash.util.RunStateTracker$1.gotValue(RunStateTracker.java:151)
	at org.springframework.ide.eclipse.boot.dash.util.RunStateTracker$1.gotValue(RunStateTracker.java:1)
	at org.springsource.ide.eclipse.commons.livexp.core.LiveExpression.changed(LiveExpression.java:137)
	at org.springsource.ide.eclipse.commons.livexp.core.LiveExpression.refresh(LiveExpression.java:81)
	at org.springsource.ide.eclipse.commons.livexp.core.LiveVariable.setValue(LiveVariable.java:46)
	at org.springframework.ide.eclipse.boot.dash.util.AbstractPollingAppReadyStateMonitor$1.run(AbstractPollingAppReadyStateMonitor.java:51)
	at org.eclipse.core.internal.jobs.Worker.run(Worker.java:63)
2026-04-17 15:10:24,843 [Worker-3: Loading available Gradle versions] INFO  o.e.b.c.i.u.g.PublishedGradleVersions - Gradle version information cache is up-to-date. Trying to read.
2026-04-17 15:12:28,903 [Worker-4: Building] INFO  o.a.m.s.f.DefaultMavenResourcesFiltering - Copying 1 resource from src\main\resources to target\classes
2026-04-17 15:12:28,945 [Worker-4: Building] INFO  o.a.m.s.f.DefaultMavenResourcesFiltering - Copying 0 resource from src\main\resources to target\classes
2026-04-17 15:12:28,953 [Worker-4: Building] INFO  o.a.m.s.f.DefaultMavenResourcesFiltering - skip non existing resourceDirectory C:\Users\ASUS\OneDrive\Desktop\Sprint\connect-sphere\auth-service\src\test\resources
2026-04-17 15:16:43,467 [Worker-5: Building] INFO  o.a.m.s.f.DefaultMavenResourcesFiltering - Copying 1 resource from src\main\resources to target\classes
2026-04-17 15:16:43,474 [Worker-5: Building] INFO  o.a.m.s.f.DefaultMavenResourcesFiltering - Copying 0 resource from src\main\resources to target\classes
2026-04-17 15:16:43,476 [Worker-5: Building] INFO  o.a.m.s.f.DefaultMavenResourcesFiltering - skip non existing resourceDirectory C:\Users\ASUS\OneDrive\Desktop\Sprint\connect-sphere\auth-service\src\test\resources
2026-04-17 15:27:43,249 [Worker-10: Building] INFO  o.a.m.s.f.DefaultMavenResourcesFiltering - Copying 1 resource from src\main\resources to target\classes
2026-04-17 15:27:43,256 [Worker-10: Building] INFO  o.a.m.s.f.DefaultMavenResourcesFiltering - Copying 0 resource from src\main\resources to target\classes
2026-04-17 15:27:43,263 [Worker-10: Building] INFO  o.a.m.s.f.DefaultMavenResourcesFiltering - skip non existing resourceDirectory C:\Users\ASUS\OneDrive\Desktop\Sprint\connect-sphere\auth-service\src\test\resources
2026-04-17 15:28:14,652 [Worker-6: Building] INFO  o.a.m.s.f.DefaultMavenResourcesFiltering - Copying 1 resource from src\main\resources to target\classes
2026-04-17 15:28:14,660 [Worker-6: Building] INFO  o.a.m.s.f.DefaultMavenResourcesFiltering - Copying 0 resource from src\main\resources to target\classes
2026-04-17 15:28:14,663 [Worker-6: Building] INFO  o.a.m.s.f.DefaultMavenResourcesFiltering - skip non existing resourceDirectory C:\Users\ASUS\OneDrive\Desktop\Sprint\connect-sphere\auth-service\src\test\resources
2026-04-17 15:29:41,805 [Worker-6: Building] INFO  o.a.m.s.f.DefaultMavenResourcesFiltering - Copying 1 resource from src\main\resources to target\classes
2026-04-17 15:29:41,817 [Worker-6: Building] INFO  o.a.m.s.f.DefaultMavenResourcesFiltering - Copying 0 resource from src\main\resources to target\classes
2026-04-17 15:29:41,823 [Worker-6: Building] INFO  o.a.m.s.f.DefaultMavenResourcesFiltering - skip non existing resourceDirectory C:\Users\ASUS\OneDrive\Desktop\Sprint\connect-sphere\auth-service\src\test\resources
2026-04-17 15:31:15,443 [Worker-2: Building] INFO  o.e.m.c.i.l.LifecycleMappingFactory - Using org.eclipse.m2e.jdt.JarLifecycleMapping lifecycle mapping for MavenProject: com.connectsphere:auth-service:1.0.0 @ C:\Users\ASUS\OneDrive\Desktop\Sprint\connect-sphere\auth-service\pom.xml.
2026-04-17 15:31:16,883 [Worker-2: Building] INFO  o.a.m.s.f.DefaultMavenResourcesFiltering - Copying 0 resource from src\main\resources to target\classes
2026-04-17 15:31:16,883 [Worker-2: Building] INFO  o.a.m.s.f.DefaultMavenResourcesFiltering - Copying 0 resource from src\main\resources to target\classes
2026-04-17 15:31:16,888 [Worker-2: Building] INFO  o.a.m.s.f.DefaultMavenResourcesFiltering - skip non existing resourceDirectory C:\Users\ASUS\OneDrive\Desktop\Sprint\connect-sphere\auth-service\src\test\resources
2026-04-17 15:31:19,658 [Worker-3: Building] INFO  o.a.m.s.f.DefaultMavenResourcesFiltering - Copying 1 resource from src\main\resources to target\classes
2026-04-17 15:31:19,903 [Worker-3: Building] INFO  o.a.m.s.f.DefaultMavenResourcesFiltering - Copying 0 resource from src\main\resources to target\classes
2026-04-17 15:31:19,919 [Worker-3: Building] INFO  o.a.m.s.f.DefaultMavenResourcesFiltering - skip non existing resourceDirectory C:\Users\ASUS\OneDrive\Desktop\Sprint\connect-sphere\auth-service\src\test\resources
2026-04-17 15:44:21,493 [Worker-0: Building] INFO  o.a.m.s.f.DefaultMavenResourcesFiltering - Copying 1 resource from src\main\resources to target\classes
2026-04-17 15:44:21,531 [Worker-0: Building] INFO  o.a.m.s.f.DefaultMavenResourcesFiltering - Copying 0 resource from src\main\resources to target\classes
2026-04-17 15:44:21,549 [Worker-0: Building] INFO  o.a.m.s.f.DefaultMavenResourcesFiltering - skip non existing resourceDirectory C:\Users\ASUS\OneDrive\Desktop\Sprint\connect-sphere\auth-service\src\test\resources
2026-04-17 15:52:07,558 [Worker-1: Loading available Gradle versions] INFO  o.e.b.c.i.u.g.PublishedGradleVersions - Gradle version information cache is up-to-date. Trying to read.
2026-04-17 15:54:32,045 [Worker-3: Building] INFO  o.e.m.c.i.l.LifecycleMappingFactory - Using org.eclipse.m2e.jdt.JarLifecycleMapping lifecycle mapping for MavenProject: com.connectsphere:auth-service:1.0.0 @ C:\Users\ASUS\OneDrive\Desktop\Sprint\connect-sphere\auth-service\pom.xml.
2026-04-17 15:54:33,554 [Worker-3: Building] INFO  o.a.m.s.f.DefaultMavenResourcesFiltering - Copying 1 resource from src\main\resources to target\classes
2026-04-17 15:54:33,567 [Worker-3: Building] INFO  o.a.m.s.f.DefaultMavenResourcesFiltering - Copying 0 resource from src\main\resources to target\classes
2026-04-17 15:54:33,571 [Worker-3: Building] INFO  o.a.m.s.f.DefaultMavenResourcesFiltering - skip non existing resourceDirectory C:\Users\ASUS\OneDrive\Desktop\Sprint\connect-sphere\auth-service\src\test\resources
2026-04-17 15:54:37,218 [Worker-13: Building] INFO  o.a.m.s.f.DefaultMavenResourcesFiltering - Copying 1 resource from src\main\resources to target\classes
2026-04-17 15:54:37,251 [Worker-13: Building] INFO  o.a.m.s.f.DefaultMavenResourcesFiltering - Copying 0 resource from src\main\resources to target\classes
2026-04-17 15:54:37,257 [Worker-13: Building] INFO  o.a.m.s.f.DefaultMavenResourcesFiltering - skip non existing resourceDirectory C:\Users\ASUS\OneDrive\Desktop\Sprint\connect-sphere\auth-service\src\test\resources
2026-04-17 15:55:09,974 [Worker-2: Import Getting Started Content] INFO  o.e.m.c.i.l.LifecycleMappingFactory - Using org.eclipse.m2e.jdt.JarLifecycleMapping lifecycle mapping for MavenProject: com.connectsphere.eureka:eureka-server:0.0.1-SNAPSHOT @ C:\Users\ASUS\OneDrive\Desktop\Sprint\connect-sphere\eureka-server\pom.xml.
2026-04-17 15:55:16,364 [Worker-2: Import Getting Started Content] INFO  o.e.m.j.i.AbstractJavaProjectConfigurator - Adding source folder /eureka-server/src/main/java
2026-04-17 15:55:16,366 [Worker-2: Import Getting Started Content] INFO  o.e.m.j.i.AbstractJavaProjectConfigurator - Adding resource folder /eureka-server/src/main/resources
2026-04-17 15:55:16,385 [Worker-2: Import Getting Started Content] INFO  o.e.m.j.i.AbstractJavaProjectConfigurator - Adding resource folder /eureka-server/src/main/resources
2026-04-17 15:55:16,500 [Worker-2: Import Getting Started Content] INFO  o.e.m.j.i.AbstractJavaProjectConfigurator - Adding source folder /eureka-server/src/test/java
2026-04-17 15:55:16,502 [Worker-2: Import Getting Started Content] INFO  o.e.m.j.i.AbstractJavaProjectConfigurator - Adding resource folder /eureka-server/src/test/resources
2026-04-17 15:55:21,929 [Worker-2: Import Getting Started Content] INFO  o.e.m.c.i.p.ProjectConfigurationManager - Imported and configured 1 project(s) in 18 sec
2026-04-17 15:55:21,938 [Worker-2: Import Getting Started Content] INFO  o.e.m.c.i.p.ProjectConfigurationManager - Update started
2026-04-17 15:55:22,845 [Worker-2: Import Getting Started Content] INFO  o.e.m.c.i.l.LifecycleMappingFactory - Using org.eclipse.m2e.jdt.JarLifecycleMapping lifecycle mapping for MavenProject: com.connectsphere.eureka:eureka-server:0.0.1-SNAPSHOT @ C:\Users\ASUS\OneDrive\Desktop\Sprint\connect-sphere\eureka-server\pom.xml.
2026-04-17 15:55:24,538 [Worker-2: Import Getting Started Content] INFO  o.e.m.j.i.AbstractJavaProjectConfigurator - Adding source folder /eureka-server/src/main/java
2026-04-17 15:55:24,540 [Worker-2: Import Getting Started Content] INFO  o.e.m.j.i.AbstractJavaProjectConfigurator - Adding resource folder /eureka-server/src/main/resources
2026-04-17 15:55:24,545 [Worker-2: Import Getting Started Content] INFO  o.e.m.j.i.AbstractJavaProjectConfigurator - Adding resource folder /eureka-server/src/main/resources
2026-04-17 15:55:24,547 [Worker-2: Import Getting Started Content] INFO  o.e.m.j.i.AbstractJavaProjectConfigurator - Adding source folder /eureka-server/src/test/java
2026-04-17 15:55:24,551 [Worker-2: Import Getting Started Content] INFO  o.e.m.j.i.AbstractJavaProjectConfigurator - Adding resource folder /eureka-server/src/test/resources
2026-04-17 15:55:26,544 [Worker-2: Import Getting Started Content] INFO  o.e.m.c.i.p.ProjectConfigurationManager - Update completed for 1 poms: local refresh takes 0.00 sec, refresh facades takes 1.00 sec, update config takes 2.00 sec 
2026-04-17 15:55:30,503 [Worker-3: Building] INFO  o.a.m.s.f.DefaultMavenResourcesFiltering - Copying 1 resource from src\main\resources to target\classes
2026-04-17 15:55:30,527 [Worker-3: Building] INFO  o.a.m.s.f.DefaultMavenResourcesFiltering - Copying 0 resource from src\main\resources to target\classes
2026-04-17 15:55:30,552 [Worker-3: Building] INFO  o.a.m.s.f.DefaultMavenResourcesFiltering - skip non existing resourceDirectory C:\Users\ASUS\OneDrive\Desktop\Sprint\connect-sphere\eureka-server\src\test\resources
2026-04-17 15:58:57,240 [Worker-9: Building] INFO  o.e.m.c.i.l.LifecycleMappingFactory - Using org.eclipse.m2e.jdt.JarLifecycleMapping lifecycle mapping for MavenProject: com.connectsphere:eureka-server:1.0.0 @ C:\Users\ASUS\OneDrive\Desktop\Sprint\connect-sphere\eureka-server\pom.xml.
2026-04-17 15:59:00,772 [Worker-9: Building] INFO  o.a.m.s.f.DefaultMavenResourcesFiltering - Copying 0 resource from src\main\resources to target\classes
2026-04-17 15:59:00,772 [Worker-9: Building] INFO  o.a.m.s.f.DefaultMavenResourcesFiltering - Copying 0 resource from src\main\resources to target\classes
2026-04-17 15:59:00,785 [Worker-9: Building] INFO  o.a.m.s.f.DefaultMavenResourcesFiltering - skip non existing resourceDirectory C:\Users\ASUS\OneDrive\Desktop\Sprint\connect-sphere\eureka-server\src\test\resources
2026-04-17 15:59:00,969 [Worker-9: Updating Maven Project] INFO  o.e.m.c.i.p.ProjectConfigurationManager - Update started
2026-04-17 15:59:04,580 [Worker-9: Updating Maven Project] INFO  o.e.m.c.i.l.LifecycleMappingFactory - Using org.eclipse.m2e.jdt.JarLifecycleMapping lifecycle mapping for MavenProject: com.connectsphere:eureka-server:1.0.0 @ C:\Users\ASUS\OneDrive\Desktop\Sprint\connect-sphere\eureka-server\pom.xml.
2026-04-17 15:59:08,606 [Worker-9: Updating Maven Project] INFO  o.e.m.j.i.AbstractJavaProjectConfigurator - Adding source folder /eureka-server/src/main/java
2026-04-17 15:59:08,606 [Worker-9: Updating Maven Project] INFO  o.e.m.j.i.AbstractJavaProjectConfigurator - Adding resource folder /eureka-server/src/main/resources
2026-04-17 15:59:08,607 [Worker-9: Updating Maven Project] INFO  o.e.m.j.i.AbstractJavaProjectConfigurator - Adding resource folder /eureka-server/src/main/resources
2026-04-17 15:59:08,608 [Worker-9: Updating Maven Project] INFO  o.e.m.j.i.AbstractJavaProjectConfigurator - Adding source folder /eureka-server/src/test/java
2026-04-17 15:59:08,608 [Worker-9: Updating Maven Project] INFO  o.e.m.j.i.AbstractJavaProjectConfigurator - Adding resource folder /eureka-server/src/test/resources
2026-04-17 15:59:08,885 [Worker-9: Updating Maven Project] INFO  o.e.m.c.i.p.ProjectConfigurationManager - Update completed for 1 poms: local refresh takes 0.00 sec, refresh facades takes 7.00 sec, update config takes 0.00 sec 
2026-04-17 15:59:09,187 [Worker-22: Building] INFO  o.a.m.s.f.DefaultMavenResourcesFiltering - Copying 1 resource from src\main\resources to target\classes
2026-04-17 15:59:09,204 [Worker-22: Building] INFO  o.a.m.s.f.DefaultMavenResourcesFiltering - Copying 0 resource from src\main\resources to target\classes
2026-04-17 15:59:09,210 [Worker-22: Building] INFO  o.a.m.s.f.DefaultMavenResourcesFiltering - skip non existing resourceDirectory C:\Users\ASUS\OneDrive\Desktop\Sprint\connect-sphere\eureka-server\src\test\resources
2026-04-17 15:59:26,392 [Worker-16: Building] INFO  o.a.m.s.f.DefaultMavenResourcesFiltering - Copying 1 resource from src\main\resources to target\classes
2026-04-17 15:59:26,404 [Worker-16: Building] INFO  o.a.m.s.f.DefaultMavenResourcesFiltering - Copying 0 resource from src\main\resources to target\classes
2026-04-17 15:59:26,409 [Worker-16: Building] INFO  o.a.m.s.f.DefaultMavenResourcesFiltering - skip non existing resourceDirectory C:\Users\ASUS\OneDrive\Desktop\Sprint\connect-sphere\eureka-server\src\test\resources
2026-04-17 15:59:48,473 [Worker-9: Building] INFO  o.a.m.s.f.DefaultMavenResourcesFiltering - Copying 1 resource from src\main\resources to target\classes
2026-04-17 15:59:48,479 [Worker-9: Building] INFO  o.a.m.s.f.DefaultMavenResourcesFiltering - Copying 0 resource from src\main\resources to target\classes
2026-04-17 15:59:48,484 [Worker-9: Building] INFO  o.a.m.s.f.DefaultMavenResourcesFiltering - skip non existing resourceDirectory C:\Users\ASUS\OneDrive\Desktop\Sprint\connect-sphere\eureka-server\src\test\resources
2026-04-17 15:59:56,079 [Worker-18: Building] INFO  o.a.m.s.f.DefaultMavenResourcesFiltering - Copying 0 resource from src\main\resources to target\classes
2026-04-17 15:59:56,080 [Worker-18: Building] INFO  o.a.m.s.f.DefaultMavenResourcesFiltering - Copying 0 resource from src\main\resources to target\classes
2026-04-17 15:59:56,082 [Worker-18: Building] INFO  o.a.m.s.f.DefaultMavenResourcesFiltering - skip non existing resourceDirectory C:\Users\ASUS\OneDrive\Desktop\Sprint\connect-sphere\eureka-server\src\test\resources
2026-04-17 16:00:18,472 [Worker-20: Building] INFO  o.a.m.s.f.DefaultMavenResourcesFiltering - Copying 1 resource from src\main\resources to target\classes
2026-04-17 16:00:18,483 [Worker-20: Building] INFO  o.a.m.s.f.DefaultMavenResourcesFiltering - Copying 0 resource from src\main\resources to target\classes
2026-04-17 16:00:18,488 [Worker-20: Building] INFO  o.a.m.s.f.DefaultMavenResourcesFiltering - skip non existing resourceDirectory C:\Users\ASUS\OneDrive\Desktop\Sprint\connect-sphere\eureka-server\src\test\resources
2026-04-17 16:03:08,782 [Worker-5: Import Getting Started Content] INFO  o.e.m.c.i.l.LifecycleMappingFactory - Using org.eclipse.m2e.jdt.JarLifecycleMapping lifecycle mapping for MavenProject: com.connectsphere.config:config-server:0.0.1-SNAPSHOT @ C:\Users\ASUS\OneDrive\Desktop\Sprint\connect-sphere\config-server\pom.xml.
2026-04-17 16:03:09,029 [Worker-5: Import Getting Started Content] INFO  o.e.m.j.i.AbstractJavaProjectConfigurator - Adding source folder /config-server/src/main/java
2026-04-17 16:03:09,030 [Worker-5: Import Getting Started Content] INFO  o.e.m.j.i.AbstractJavaProjectConfigurator - Adding resource folder /config-server/src/main/resources
2026-04-17 16:03:09,033 [Worker-5: Import Getting Started Content] INFO  o.e.m.j.i.AbstractJavaProjectConfigurator - Adding resource folder /config-server/src/main/resources
2026-04-17 16:03:09,036 [Worker-5: Import Getting Started Content] INFO  o.e.m.j.i.AbstractJavaProjectConfigurator - Adding source folder /config-server/src/test/java
2026-04-17 16:03:09,037 [Worker-5: Import Getting Started Content] INFO  o.e.m.j.i.AbstractJavaProjectConfigurator - Adding resource folder /config-server/src/test/resources
2026-04-17 16:03:09,185 [Worker-5: Import Getting Started Content] INFO  o.e.m.c.i.p.ProjectConfigurationManager - Imported and configured 1 project(s) in 0 sec
2026-04-17 16:03:09,187 [Worker-5: Import Getting Started Content] INFO  o.e.m.c.i.p.ProjectConfigurationManager - Update started
2026-04-17 16:03:12,148 [Worker-5: Import Getting Started Content] INFO  o.e.m.c.i.l.LifecycleMappingFactory - Using org.eclipse.m2e.jdt.JarLifecycleMapping lifecycle mapping for MavenProject: com.connectsphere.config:config-server:0.0.1-SNAPSHOT @ C:\Users\ASUS\OneDrive\Desktop\Sprint\connect-sphere\config-server\pom.xml.
2026-04-17 16:03:13,337 [Worker-5: Import Getting Started Content] INFO  o.e.m.j.i.AbstractJavaProjectConfigurator - Adding source folder /config-server/src/main/java
2026-04-17 16:03:13,337 [Worker-5: Import Getting Started Content] INFO  o.e.m.j.i.AbstractJavaProjectConfigurator - Adding resource folder /config-server/src/main/resources
2026-04-17 16:03:13,337 [Worker-5: Import Getting Started Content] INFO  o.e.m.j.i.AbstractJavaProjectConfigurator - Adding resource folder /config-server/src/main/resources
2026-04-17 16:03:13,337 [Worker-5: Import Getting Started Content] INFO  o.e.m.j.i.AbstractJavaProjectConfigurator - Adding source folder /config-server/src/test/java
2026-04-17 16:03:13,341 [Worker-5: Import Getting Started Content] INFO  o.e.m.j.i.AbstractJavaProjectConfigurator - Adding resource folder /config-server/src/test/resources
2026-04-17 16:03:14,643 [Worker-5: Import Getting Started Content] INFO  o.e.m.c.i.p.ProjectConfigurationManager - Update completed for 1 poms: local refresh takes 0.00 sec, refresh facades takes 4.00 sec, update config takes 1.00 sec 
2026-04-17 16:03:15,367 [Worker-21: Building] INFO  o.a.m.s.f.DefaultMavenResourcesFiltering - Copying 1 resource from src\main\resources to target\classes
2026-04-17 16:03:15,387 [Worker-21: Building] INFO  o.a.m.s.f.DefaultMavenResourcesFiltering - Copying 0 resource from src\main\resources to target\classes
2026-04-17 16:03:15,394 [Worker-21: Building] INFO  o.a.m.s.f.DefaultMavenResourcesFiltering - skip non existing resourceDirectory C:\Users\ASUS\OneDrive\Desktop\Sprint\connect-sphere\config-server\src\test\resources
2026-04-17 16:03:49,808 [Worker-9: Building] INFO  o.e.m.c.i.e.AbstractTransferListenerAdapter - Downloading https://repo.maven.apache.org/maven2/org/springframework/cloud/spring-cloud-config-server/4.1.0/spring-cloud-config-server-4.1.0.pom
2026-04-17 16:03:49,844 [Worker-9: Building] INFO  o.e.m.c.i.e.AbstractTransferListenerAdapter - Downloaded https://repo.maven.apache.org/maven2/org/springframework/cloud/spring-cloud-config-server/4.1.0/spring-cloud-config-server-4.1.0.pom
2026-04-17 16:03:50,096 [Worker-9: Building] INFO  o.e.m.c.i.e.AbstractTransferListenerAdapter - Downloading https://repo.maven.apache.org/maven2/org/eclipse/jgit/org.eclipse.jgit/6.6.1.202309021850-r/org.eclipse.jgit-6.6.1.202309021850-r.pom
2026-04-17 16:03:50,112 [Worker-9: Building] INFO  o.e.m.c.i.e.AbstractTransferListenerAdapter - Downloaded https://repo.maven.apache.org/maven2/org/eclipse/jgit/org.eclipse.jgit/6.6.1.202309021850-r/org.eclipse.jgit-6.6.1.202309021850-r.pom
2026-04-17 16:03:50,164 [Worker-9: Building] INFO  o.e.m.c.i.e.AbstractTransferListenerAdapter - Downloading https://repo.maven.apache.org/maven2/org/eclipse/jgit/org.eclipse.jgit-parent/6.6.1.202309021850-r/org.eclipse.jgit-parent-6.6.1.202309021850-r.pom
2026-04-17 16:03:50,194 [Worker-9: Building] INFO  o.e.m.c.i.e.AbstractTransferListenerAdapter - Downloaded https://repo.maven.apache.org/maven2/org/eclipse/jgit/org.eclipse.jgit-parent/6.6.1.202309021850-r/org.eclipse.jgit-parent-6.6.1.202309021850-r.pom
2026-04-17 16:03:50,258 [Worker-9: Building] INFO  o.e.m.c.i.e.AbstractTransferListenerAdapter - Downloading https://repo.maven.apache.org/maven2/com/googlecode/javaewah/JavaEWAH/1.2.3/JavaEWAH-1.2.3.pom
2026-04-17 16:03:50,278 [Worker-9: Building] INFO  o.e.m.c.i.e.AbstractTransferListenerAdapter - Downloaded https://repo.maven.apache.org/maven2/com/googlecode/javaewah/JavaEWAH/1.2.3/JavaEWAH-1.2.3.pom
2026-04-17 16:03:50,331 [Worker-9: Building] INFO  o.e.m.c.i.e.AbstractTransferListenerAdapter - Downloading https://repo.maven.apache.org/maven2/org/sonatype/oss/oss-parent/5/oss-parent-5.pom
2026-04-17 16:03:50,358 [Worker-9: Building] INFO  o.e.m.c.i.e.AbstractTransferListenerAdapter - Downloaded https://repo.maven.apache.org/maven2/org/sonatype/oss/oss-parent/5/oss-parent-5.pom
2026-04-17 16:03:50,422 [Worker-9: Building] INFO  o.e.m.c.i.e.AbstractTransferListenerAdapter - Downloading https://repo.maven.apache.org/maven2/org/eclipse/jgit/org.eclipse.jgit.http.apache/6.6.1.202309021850-r/org.eclipse.jgit.http.apache-6.6.1.202309021850-r.pom
2026-04-17 16:03:50,450 [Worker-9: Building] INFO  o.e.m.c.i.e.AbstractTransferListenerAdapter - Downloaded https://repo.maven.apache.org/maven2/org/eclipse/jgit/org.eclipse.jgit.http.apache/6.6.1.202309021850-r/org.eclipse.jgit.http.apache-6.6.1.202309021850-r.pom
2026-04-17 16:03:50,524 [Worker-9: Building] INFO  o.e.m.c.i.e.AbstractTransferListenerAdapter - Downloading https://repo.maven.apache.org/maven2/org/eclipse/jgit/org.eclipse.jgit.ssh.apache/6.6.1.202309021850-r/org.eclipse.jgit.ssh.apache-6.6.1.202309021850-r.pom
2026-04-17 16:03:50,547 [Worker-9: Building] INFO  o.e.m.c.i.e.AbstractTransferListenerAdapter - Downloaded https://repo.maven.apache.org/maven2/org/eclipse/jgit/org.eclipse.jgit.ssh.apache/6.6.1.202309021850-r/org.eclipse.jgit.ssh.apache-6.6.1.202309021850-r.pom
2026-04-17 16:03:50,604 [Worker-9: Building] INFO  o.e.m.c.i.e.AbstractTransferListenerAdapter - Downloading https://repo.maven.apache.org/maven2/org/apache/sshd/sshd-osgi/2.10.0/sshd-osgi-2.10.0.pom
2026-04-17 16:03:50,630 [Worker-9: Building] INFO  o.e.m.c.i.e.AbstractTransferListenerAdapter - Downloaded https://repo.maven.apache.org/maven2/org/apache/sshd/sshd-osgi/2.10.0/sshd-osgi-2.10.0.pom
2026-04-17 16:03:50,732 [Worker-9: Building] INFO  o.e.m.c.i.e.AbstractTransferListenerAdapter - Downloading https://repo.maven.apache.org/maven2/org/apache/sshd/sshd/2.10.0/sshd-2.10.0.pom
2026-04-17 16:03:50,789 [Worker-9: Building] INFO  o.e.m.c.i.e.AbstractTransferListenerAdapter - Downloaded https://repo.maven.apache.org/maven2/org/apache/sshd/sshd/2.10.0/sshd-2.10.0.pom
2026-04-17 16:03:50,909 [Worker-9: Building] INFO  o.e.m.c.i.e.AbstractTransferListenerAdapter - Downloading https://repo.maven.apache.org/maven2/org/springframework/spring-framework-bom/5.3.27/spring-framework-bom-5.3.27.pom
2026-04-17 16:03:50,956 [Worker-9: Building] INFO  o.e.m.c.i.e.AbstractTransferListenerAdapter - Downloaded https://repo.maven.apache.org/maven2/org/springframework/spring-framework-bom/5.3.27/spring-framework-bom-5.3.27.pom
2026-04-17 16:03:51,021 [Worker-9: Building] INFO  o.e.m.c.i.e.AbstractTransferListenerAdapter - Downloading https://repo.maven.apache.org/maven2/org/slf4j/jcl-over-slf4j/2.0.9/jcl-over-slf4j-2.0.9.pom
2026-04-17 16:03:51,044 [Worker-9: Building] INFO  o.e.m.c.i.e.AbstractTransferListenerAdapter - Downloaded https://repo.maven.apache.org/maven2/org/slf4j/jcl-over-slf4j/2.0.9/jcl-over-slf4j-2.0.9.pom
2026-04-17 16:03:51,088 [Worker-9: Building] INFO  o.e.m.c.i.e.AbstractTransferListenerAdapter - Downloading https://repo.maven.apache.org/maven2/org/apache/sshd/sshd-sftp/2.10.0/sshd-sftp-2.10.0.pom
2026-04-17 16:03:51,109 [Worker-9: Building] INFO  o.e.m.c.i.e.AbstractTransferListenerAdapter - Downloaded https://repo.maven.apache.org/maven2/org/apache/sshd/sshd-sftp/2.10.0/sshd-sftp-2.10.0.pom
2026-04-17 16:03:51,163 [Worker-9: Building] INFO  o.e.m.c.i.e.AbstractTransferListenerAdapter - Downloading https://repo.maven.apache.org/maven2/org/testcontainers/testcontainers-bom/1.16.2/testcontainers-bom-1.16.2.pom
2026-04-17 16:03:51,189 [Worker-9: Building] INFO  o.e.m.c.i.e.AbstractTransferListenerAdapter - Downloaded https://repo.maven.apache.org/maven2/org/testcontainers/testcontainers-bom/1.16.2/testcontainers-bom-1.16.2.pom
2026-04-17 16:03:51,249 [Worker-9: Building] INFO  o.e.m.c.i.e.AbstractTransferListenerAdapter - Downloading https://repo.maven.apache.org/maven2/net/i2p/crypto/eddsa/0.3.0/eddsa-0.3.0.pom
2026-04-17 16:03:51,279 [Worker-9: Building] INFO  o.e.m.c.i.e.AbstractTransferListenerAdapter - Downloaded https://repo.maven.apache.org/maven2/net/i2p/crypto/eddsa/0.3.0/eddsa-0.3.0.pom
2026-04-17 16:03:52,036 [Worker-9: Building] INFO  o.e.m.c.i.e.AbstractTransferListenerAdapter - Downloading https://repo.maven.apache.org/maven2/org/springframework/cloud/spring-cloud-config-server/4.1.0/spring-cloud-config-server-4.1.0.jar
2026-04-17 16:03:52,278 [Worker-9: Building] INFO  o.e.m.c.i.e.AbstractTransferListenerAdapter - Downloaded https://repo.maven.apache.org/maven2/org/springframework/cloud/spring-cloud-config-server/4.1.0/spring-cloud-config-server-4.1.0.jar
2026-04-17 16:03:52,326 [BasicRepositoryConnector-repo.maven.apache.org-0-1] INFO  o.e.m.c.i.e.AbstractTransferListenerAdapter - Downloading https://repo.maven.apache.org/maven2/com/googlecode/javaewah/JavaEWAH/1.2.3/JavaEWAH-1.2.3.jar
2026-04-17 16:03:52,406 [BasicRepositoryConnector-repo.maven.apache.org-0-1] INFO  o.e.m.c.i.e.AbstractTransferListenerAdapter - Downloaded https://repo.maven.apache.org/maven2/com/googlecode/javaewah/JavaEWAH/1.2.3/JavaEWAH-1.2.3.jar
2026-04-17 16:03:52,419 [BasicRepositoryConnector-repo.maven.apache.org-0-0] INFO  o.e.m.c.i.e.AbstractTransferListenerAdapter - Downloading https://repo.maven.apache.org/maven2/org/eclipse/jgit/org.eclipse.jgit/6.6.1.202309021850-r/org.eclipse.jgit-6.6.1.202309021850-r.jar
2026-04-17 16:03:52,452 [BasicRepositoryConnector-repo.maven.apache.org-0-1] INFO  o.e.m.c.i.e.AbstractTransferListenerAdapter - Downloading https://repo.maven.apache.org/maven2/org/slf4j/jcl-over-slf4j/2.0.9/jcl-over-slf4j-2.0.9.jar
2026-04-17 16:03:52,471 [BasicRepositoryConnector-repo.maven.apache.org-0-4] INFO  o.e.m.c.i.e.AbstractTransferListenerAdapter - Downloading https://repo.maven.apache.org/maven2/org/apache/sshd/sshd-osgi/2.10.0/sshd-osgi-2.10.0.jar
2026-04-17 16:03:52,471 [BasicRepositoryConnector-repo.maven.apache.org-0-2] INFO  o.e.m.c.i.e.AbstractTransferListenerAdapter - Downloading https://repo.maven.apache.org/maven2/org/eclipse/jgit/org.eclipse.jgit.http.apache/6.6.1.202309021850-r/org.eclipse.jgit.http.apache-6.6.1.202309021850-r.jar
2026-04-17 16:03:52,471 [BasicRepositoryConnector-repo.maven.apache.org-0-3] INFO  o.e.m.c.i.e.AbstractTransferListenerAdapter - Downloading https://repo.maven.apache.org/maven2/org/eclipse/jgit/org.eclipse.jgit.ssh.apache/6.6.1.202309021850-r/org.eclipse.jgit.ssh.apache-6.6.1.202309021850-r.jar
2026-04-17 16:03:52,596 [BasicRepositoryConnector-repo.maven.apache.org-0-3] INFO  o.e.m.c.i.e.AbstractTransferListenerAdapter - Downloaded https://repo.maven.apache.org/maven2/org/eclipse/jgit/org.eclipse.jgit.ssh.apache/6.6.1.202309021850-r/org.eclipse.jgit.ssh.apache-6.6.1.202309021850-r.jar
2026-04-17 16:03:52,676 [BasicRepositoryConnector-repo.maven.apache.org-0-3] INFO  o.e.m.c.i.e.AbstractTransferListenerAdapter - Downloading https://repo.maven.apache.org/maven2/org/apache/sshd/sshd-sftp/2.10.0/sshd-sftp-2.10.0.jar
2026-04-17 16:03:52,804 [BasicRepositoryConnector-repo.maven.apache.org-0-3] INFO  o.e.m.c.i.e.AbstractTransferListenerAdapter - Downloaded https://repo.maven.apache.org/maven2/org/apache/sshd/sshd-sftp/2.10.0/sshd-sftp-2.10.0.jar
2026-04-17 16:03:52,846 [BasicRepositoryConnector-repo.maven.apache.org-0-4] INFO  o.e.m.c.i.e.AbstractTransferListenerAdapter - Downloaded https://repo.maven.apache.org/maven2/org/apache/sshd/sshd-osgi/2.10.0/sshd-osgi-2.10.0.jar
2026-04-17 16:03:52,886 [BasicRepositoryConnector-repo.maven.apache.org-0-1] INFO  o.e.m.c.i.e.AbstractTransferListenerAdapter - Downloaded https://repo.maven.apache.org/maven2/org/slf4j/jcl-over-slf4j/2.0.9/jcl-over-slf4j-2.0.9.jar
2026-04-17 16:03:52,951 [BasicRepositoryConnector-repo.maven.apache.org-0-3] INFO  o.e.m.c.i.e.AbstractTransferListenerAdapter - Downloading https://repo.maven.apache.org/maven2/net/i2p/crypto/eddsa/0.3.0/eddsa-0.3.0.jar
2026-04-17 16:03:53,003 [BasicRepositoryConnector-repo.maven.apache.org-0-3] INFO  o.e.m.c.i.e.AbstractTransferListenerAdapter - Downloaded https://repo.maven.apache.org/maven2/net/i2p/crypto/eddsa/0.3.0/eddsa-0.3.0.jar
2026-04-17 16:03:53,095 [BasicRepositoryConnector-repo.maven.apache.org-0-0] INFO  o.e.m.c.i.e.AbstractTransferListenerAdapter - Downloaded https://repo.maven.apache.org/maven2/org/eclipse/jgit/org.eclipse.jgit/6.6.1.202309021850-r/org.eclipse.jgit-6.6.1.202309021850-r.jar
2026-04-17 16:03:53,476 [BasicRepositoryConnector-repo.maven.apache.org-0-2] INFO  o.e.m.c.i.e.AbstractTransferListenerAdapter - Downloaded https://repo.maven.apache.org/maven2/org/eclipse/jgit/org.eclipse.jgit.http.apache/6.6.1.202309021850-r/org.eclipse.jgit.http.apache-6.6.1.202309021850-r.jar
2026-04-17 16:03:53,656 [Worker-9: Building] INFO  o.e.m.c.i.l.LifecycleMappingFactory - Using org.eclipse.m2e.jdt.JarLifecycleMapping lifecycle mapping for MavenProject: com.connectsphere:config-server:1.0.0 @ C:\Users\ASUS\OneDrive\Desktop\Sprint\connect-sphere\config-server\pom.xml.
2026-04-17 16:03:54,639 [Worker-9: Building] INFO  o.e.m.c.i.l.LifecycleMappingFactory - Using org.eclipse.m2e.jdt.JarLifecycleMapping lifecycle mapping for MavenProject: com.connectsphere:auth-service:1.0.0 @ C:\Users\ASUS\OneDrive\Desktop\Sprint\connect-sphere\auth-service\pom.xml.
2026-04-17 16:03:55,754 [Worker-9: Building] INFO  o.e.m.c.i.l.LifecycleMappingFactory - Using org.eclipse.m2e.jdt.JarLifecycleMapping lifecycle mapping for MavenProject: com.connectsphere:eureka-server:1.0.0 @ C:\Users\ASUS\OneDrive\Desktop\Sprint\connect-sphere\eureka-server\pom.xml.
2026-04-17 16:03:56,609 [Worker-9: Building] INFO  o.a.m.s.f.DefaultMavenResourcesFiltering - Copying 0 resource from src\main\resources to target\classes
2026-04-17 16:03:56,609 [Worker-9: Building] INFO  o.a.m.s.f.DefaultMavenResourcesFiltering - Copying 0 resource from src\main\resources to target\classes
2026-04-17 16:03:56,612 [Worker-9: Building] INFO  o.a.m.s.f.DefaultMavenResourcesFiltering - skip non existing resourceDirectory C:\Users\ASUS\OneDrive\Desktop\Sprint\connect-sphere\config-server\src\test\resources
2026-04-17 16:03:56,975 [Worker-26: Updating Maven Project] INFO  o.e.m.c.i.p.ProjectConfigurationManager - Update started
2026-04-17 16:03:57,907 [Worker-26: Updating Maven Project] INFO  o.e.m.c.i.l.LifecycleMappingFactory - Using org.eclipse.m2e.jdt.JarLifecycleMapping lifecycle mapping for MavenProject: com.connectsphere:config-server:1.0.0 @ C:\Users\ASUS\OneDrive\Desktop\Sprint\connect-sphere\config-server\pom.xml.
2026-04-17 16:03:58,038 [Worker-5: Download sources and javadoc] INFO  o.e.m.c.i.e.AbstractTransferListenerAdapter - Downloading https://repo.maven.apache.org/maven2/org/springframework/cloud/spring-cloud-config-server/4.1.0/spring-cloud-config-server-4.1.0-sources.jar
2026-04-17 16:03:58,150 [Worker-5: Download sources and javadoc] INFO  o.e.m.c.i.e.AbstractTransferListenerAdapter - Downloaded https://repo.maven.apache.org/maven2/org/springframework/cloud/spring-cloud-config-server/4.1.0/spring-cloud-config-server-4.1.0-sources.jar
2026-04-17 16:03:58,153 [Worker-5: Download sources and javadoc] INFO  o.e.m.j.internal.DownloadSourcesJob - Downloaded sources for org.springframework.cloud:spring-cloud-config-server:4.1.0
2026-04-17 16:03:58,326 [Worker-5: Download sources and javadoc] INFO  o.e.m.c.i.e.AbstractTransferListenerAdapter - Downloading https://repo.maven.apache.org/maven2/org/eclipse/jgit/org.eclipse.jgit/6.6.1.202309021850-r/org.eclipse.jgit-6.6.1.202309021850-r-sources.jar
2026-04-17 16:03:58,648 [Worker-5: Download sources and javadoc] INFO  o.e.m.c.i.e.AbstractTransferListenerAdapter - Downloaded https://repo.maven.apache.org/maven2/org/eclipse/jgit/org.eclipse.jgit/6.6.1.202309021850-r/org.eclipse.jgit-6.6.1.202309021850-r-sources.jar
2026-04-17 16:03:58,653 [Worker-5: Download sources and javadoc] INFO  o.e.m.j.internal.DownloadSourcesJob - Downloaded sources for org.eclipse.jgit:org.eclipse.jgit:6.6.1.202309021850-r
2026-04-17 16:03:58,774 [Worker-5: Download sources and javadoc] INFO  o.e.m.c.i.e.AbstractTransferListenerAdapter - Downloading https://repo.maven.apache.org/maven2/com/googlecode/javaewah/JavaEWAH/1.2.3/JavaEWAH-1.2.3-sources.jar
2026-04-17 16:03:58,803 [Worker-26: Updating Maven Project] INFO  o.e.m.j.i.AbstractJavaProjectConfigurator - Adding source folder /config-server/src/main/java
2026-04-17 16:03:58,804 [Worker-26: Updating Maven Project] INFO  o.e.m.j.i.AbstractJavaProjectConfigurator - Adding resource folder /config-server/src/main/resources
2026-04-17 16:03:58,804 [Worker-26: Updating Maven Project] INFO  o.e.m.j.i.AbstractJavaProjectConfigurator - Adding resource folder /config-server/src/main/resources
2026-04-17 16:03:58,804 [Worker-26: Updating Maven Project] INFO  o.e.m.j.i.AbstractJavaProjectConfigurator - Adding source folder /config-server/src/test/java
2026-04-17 16:03:58,805 [Worker-26: Updating Maven Project] INFO  o.e.m.j.i.AbstractJavaProjectConfigurator - Adding resource folder /config-server/src/test/resources
2026-04-17 16:03:58,853 [Worker-5: Download sources and javadoc] INFO  o.e.m.c.i.e.AbstractTransferListenerAdapter - Downloaded https://repo.maven.apache.org/maven2/com/googlecode/javaewah/JavaEWAH/1.2.3/JavaEWAH-1.2.3-sources.jar
2026-04-17 16:03:58,855 [Worker-5: Download sources and javadoc] INFO  o.e.m.j.internal.DownloadSourcesJob - Downloaded sources for com.googlecode.javaewah:JavaEWAH:1.2.3
2026-04-17 16:03:58,964 [Worker-5: Download sources and javadoc] INFO  o.e.m.c.i.e.AbstractTransferListenerAdapter - Downloading https://repo.maven.apache.org/maven2/org/eclipse/jgit/org.eclipse.jgit.http.apache/6.6.1.202309021850-r/org.eclipse.jgit.http.apache-6.6.1.202309021850-r-sources.jar
2026-04-17 16:03:59,098 [Worker-26: Updating Maven Project] INFO  o.e.m.c.i.p.ProjectConfigurationManager - Update completed for 1 poms: local refresh takes 0.00 sec, refresh facades takes 1.00 sec, update config takes 0.00 sec 
2026-04-17 16:03:59,267 [Worker-5: Download sources and javadoc] INFO  o.e.m.c.i.e.AbstractTransferListenerAdapter - Downloaded https://repo.maven.apache.org/maven2/org/eclipse/jgit/org.eclipse.jgit.http.apache/6.6.1.202309021850-r/org.eclipse.jgit.http.apache-6.6.1.202309021850-r-sources.jar
2026-04-17 16:03:59,271 [Worker-5: Download sources and javadoc] INFO  o.e.m.j.internal.DownloadSourcesJob - Downloaded sources for org.eclipse.jgit:org.eclipse.jgit.http.apache:6.6.1.202309021850-r
2026-04-17 16:03:59,397 [Worker-5: Download sources and javadoc] INFO  o.e.m.c.i.e.AbstractTransferListenerAdapter - Downloading https://repo.maven.apache.org/maven2/org/apache/httpcomponents/httpclient/4.5.14/httpclient-4.5.14-sources.jar
2026-04-17 16:03:59,472 [Worker-23: Building] INFO  o.a.m.s.f.DefaultMavenResourcesFiltering - Copying 1 resource from src\main\resources to target\classes
2026-04-17 16:03:59,479 [Worker-23: Building] INFO  o.a.m.s.f.DefaultMavenResourcesFiltering - Copying 0 resource from src\main\resources to target\classes
2026-04-17 16:03:59,482 [Worker-23: Building] INFO  o.a.m.s.f.DefaultMavenResourcesFiltering - skip non existing resourceDirectory C:\Users\ASUS\OneDrive\Desktop\Sprint\connect-sphere\config-server\src\test\resources
2026-04-17 16:03:59,576 [Worker-5: Download sources and javadoc] INFO  o.e.m.c.i.e.AbstractTransferListenerAdapter - Downloaded https://repo.maven.apache.org/maven2/org/apache/httpcomponents/httpclient/4.5.14/httpclient-4.5.14-sources.jar
2026-04-17 16:03:59,579 [Worker-5: Download sources and javadoc] INFO  o.e.m.j.internal.DownloadSourcesJob - Downloaded sources for org.apache.httpcomponents:httpclient:4.5.14
2026-04-17 16:03:59,695 [Worker-5: Download sources and javadoc] INFO  o.e.m.c.i.e.AbstractTransferListenerAdapter - Downloading https://repo.maven.apache.org/maven2/org/eclipse/jgit/org.eclipse.jgit.ssh.apache/6.6.1.202309021850-r/org.eclipse.jgit.ssh.apache-6.6.1.202309021850-r-sources.jar
2026-04-17 16:03:59,789 [Worker-5: Download sources and javadoc] INFO  o.e.m.c.i.e.AbstractTransferListenerAdapter - Downloaded https://repo.maven.apache.org/maven2/org/eclipse/jgit/org.eclipse.jgit.ssh.apache/6.6.1.202309021850-r/org.eclipse.jgit.ssh.apache-6.6.1.202309021850-r-sources.jar
2026-04-17 16:03:59,792 [Worker-5: Download sources and javadoc] INFO  o.e.m.j.internal.DownloadSourcesJob - Downloaded sources for org.eclipse.jgit:org.eclipse.jgit.ssh.apache:6.6.1.202309021850-r
2026-04-17 16:03:59,925 [Worker-5: Download sources and javadoc] INFO  o.e.m.c.i.e.AbstractTransferListenerAdapter - Downloading https://repo.maven.apache.org/maven2/org/apache/sshd/sshd-osgi/2.10.0/sshd-osgi-2.10.0-sources.jar
2026-04-17 16:04:00,325 [Worker-5: Download sources and javadoc] INFO  o.e.m.c.i.e.AbstractTransferListenerAdapter - Downloaded https://repo.maven.apache.org/maven2/org/apache/sshd/sshd-osgi/2.10.0/sshd-osgi-2.10.0-sources.jar
2026-04-17 16:04:00,328 [Worker-5: Download sources and javadoc] INFO  o.e.m.j.internal.DownloadSourcesJob - Downloaded sources for org.apache.sshd:sshd-osgi:2.10.0
2026-04-17 16:04:00,437 [Worker-5: Download sources and javadoc] INFO  o.e.m.c.i.e.AbstractTransferListenerAdapter - Downloading https://repo.maven.apache.org/maven2/org/slf4j/jcl-over-slf4j/2.0.9/jcl-over-slf4j-2.0.9-sources.jar
2026-04-17 16:04:00,741 [Worker-5: Download sources and javadoc] INFO  o.e.m.c.i.e.AbstractTransferListenerAdapter - Downloaded https://repo.maven.apache.org/maven2/org/slf4j/jcl-over-slf4j/2.0.9/jcl-over-slf4j-2.0.9-sources.jar
2026-04-17 16:04:00,744 [Worker-5: Download sources and javadoc] INFO  o.e.m.j.internal.DownloadSourcesJob - Downloaded sources for org.slf4j:jcl-over-slf4j:2.0.9
2026-04-17 16:04:00,892 [Worker-5: Download sources and javadoc] INFO  o.e.m.c.i.e.AbstractTransferListenerAdapter - Downloading https://repo.maven.apache.org/maven2/org/apache/sshd/sshd-sftp/2.10.0/sshd-sftp-2.10.0-sources.jar
2026-04-17 16:04:01,055 [Worker-5: Download sources and javadoc] INFO  o.e.m.c.i.e.AbstractTransferListenerAdapter - Downloaded https://repo.maven.apache.org/maven2/org/apache/sshd/sshd-sftp/2.10.0/sshd-sftp-2.10.0-sources.jar
2026-04-17 16:04:01,059 [Worker-5: Download sources and javadoc] INFO  o.e.m.j.internal.DownloadSourcesJob - Downloaded sources for org.apache.sshd:sshd-sftp:2.10.0
2026-04-17 16:04:01,190 [Worker-5: Download sources and javadoc] INFO  o.e.m.c.i.e.AbstractTransferListenerAdapter - Downloading https://repo.maven.apache.org/maven2/net/i2p/crypto/eddsa/0.3.0/eddsa-0.3.0-sources.jar
2026-04-17 16:04:01,215 [Worker-5: Download sources and javadoc] INFO  o.e.m.c.i.e.AbstractTransferListenerAdapter - Downloaded https://repo.maven.apache.org/maven2/net/i2p/crypto/eddsa/0.3.0/eddsa-0.3.0-sources.jar
2026-04-17 16:04:01,218 [Worker-5: Download sources and javadoc] INFO  o.e.m.j.internal.DownloadSourcesJob - Downloaded sources for net.i2p.crypto:eddsa:0.3.0
2026-04-17 16:04:34,150 [Worker-9: Building] INFO  o.a.m.s.f.DefaultMavenResourcesFiltering - Copying 1 resource from src\main\resources to target\classes
2026-04-17 16:04:34,153 [Worker-9: Building] INFO  o.a.m.s.f.DefaultMavenResourcesFiltering - Copying 0 resource from src\main\resources to target\classes
2026-04-17 16:04:34,157 [Worker-9: Building] INFO  o.a.m.s.f.DefaultMavenResourcesFiltering - skip non existing resourceDirectory C:\Users\ASUS\OneDrive\Desktop\Sprint\connect-sphere\config-server\src\test\resources
2026-04-17 16:04:41,138 [Worker-9: Building] INFO  o.a.m.s.f.DefaultMavenResourcesFiltering - Copying 0 resource from src\main\resources to target\classes
2026-04-17 16:04:41,139 [Worker-9: Building] INFO  o.a.m.s.f.DefaultMavenResourcesFiltering - Copying 0 resource from src\main\resources to target\classes
2026-04-17 16:04:41,141 [Worker-9: Building] INFO  o.a.m.s.f.DefaultMavenResourcesFiltering - skip non existing resourceDirectory C:\Users\ASUS\OneDrive\Desktop\Sprint\connect-sphere\config-server\src\test\resources
2026-04-17 16:05:32,758 [Worker-26: Building] INFO  o.a.m.s.f.DefaultMavenResourcesFiltering - Copying 0 resource from src\main\resources to target\classes
2026-04-17 16:05:32,759 [Worker-26: Building] INFO  o.a.m.s.f.DefaultMavenResourcesFiltering - Copying 1 resource from src\main\resources to target\classes
2026-04-17 16:05:32,768 [Worker-26: Building] INFO  o.a.m.s.f.DefaultMavenResourcesFiltering - skip non existing resourceDirectory C:\Users\ASUS\OneDrive\Desktop\Sprint\connect-sphere\config-server\src\test\resources
2026-04-17 16:06:53,224 [Worker-9: Building] INFO  o.a.m.s.f.DefaultMavenResourcesFiltering - Copying 0 resource from src\main\resources to target\classes
2026-04-17 16:06:53,227 [Worker-9: Building] INFO  o.a.m.s.f.DefaultMavenResourcesFiltering - Copying 1 resource from src\main\resources to target\classes
2026-04-17 16:06:53,231 [Worker-9: Building] INFO  o.a.m.s.f.DefaultMavenResourcesFiltering - skip non existing resourceDirectory C:\Users\ASUS\OneDrive\Desktop\Sprint\connect-sphere\config-server\src\test\resources
2026-04-17 16:07:01,049 [Worker-24: Building] INFO  o.a.m.s.f.DefaultMavenResourcesFiltering - Copying 1 resource from src\main\resources to target\classes
2026-04-17 16:07:01,058 [Worker-24: Building] INFO  o.a.m.s.f.DefaultMavenResourcesFiltering - Copying 2 resources from src\main\resources to target\classes
2026-04-17 16:07:01,061 [Worker-24: Building] INFO  o.a.m.s.f.DefaultMavenResourcesFiltering - skip non existing resourceDirectory C:\Users\ASUS\OneDrive\Desktop\Sprint\connect-sphere\config-server\src\test\resources
2026-04-17 16:07:27,966 [Worker-23: Building] INFO  o.a.m.s.f.DefaultMavenResourcesFiltering - Copying 0 resource from src\main\resources to target\classes
2026-04-17 16:07:27,966 [Worker-23: Building] INFO  o.a.m.s.f.DefaultMavenResourcesFiltering - Copying 1 resource from src\main\resources to target\classes
2026-04-17 16:07:27,970 [Worker-23: Building] INFO  o.a.m.s.f.DefaultMavenResourcesFiltering - skip non existing resourceDirectory C:\Users\ASUS\OneDrive\Desktop\Sprint\connect-sphere\config-server\src\test\resources
2026-04-17 16:07:45,100 [Worker-5: Building] INFO  o.a.m.s.f.DefaultMavenResourcesFiltering - Copying 0 resource from src\main\resources to target\classes
2026-04-17 16:07:45,101 [Worker-5: Building] INFO  o.a.m.s.f.DefaultMavenResourcesFiltering - Copying 1 resource from src\main\resources to target\classes
2026-04-17 16:07:45,105 [Worker-5: Building] INFO  o.a.m.s.f.DefaultMavenResourcesFiltering - skip non existing resourceDirectory C:\Users\ASUS\OneDrive\Desktop\Sprint\connect-sphere\config-server\src\test\resources
2026-04-17 16:08:05,060 [Worker-23: Building] INFO  o.a.m.s.f.DefaultMavenResourcesFiltering - Copying 0 resource from src\main\resources to target\classes
2026-04-17 16:08:05,061 [Worker-23: Building] INFO  o.a.m.s.f.DefaultMavenResourcesFiltering - Copying 0 resource from src\main\resources to target\classes
2026-04-17 16:08:05,067 [Worker-23: Building] INFO  o.a.m.s.f.DefaultMavenResourcesFiltering - skip non existing resourceDirectory C:\Users\ASUS\OneDrive\Desktop\Sprint\connect-sphere\config-server\src\test\resources
2026-04-17 16:08:15,289 [Worker-21: Building] INFO  o.a.m.s.f.DefaultMavenResourcesFiltering - Copying 0 resource from src\main\resources to target\classes
2026-04-17 16:08:15,291 [Worker-21: Building] INFO  o.a.m.s.f.DefaultMavenResourcesFiltering - Copying 1 resource from src\main\resources to target\classes
2026-04-17 16:08:15,295 [Worker-21: Building] INFO  o.a.m.s.f.DefaultMavenResourcesFiltering - skip non existing resourceDirectory C:\Users\ASUS\OneDrive\Desktop\Sprint\connect-sphere\config-server\src\test\resources
2026-04-17 16:08:18,832 [Worker-23: Building] INFO  o.a.m.s.f.DefaultMavenResourcesFiltering - Copying 0 resource from src\main\resources to target\classes
2026-04-17 16:08:18,833 [Worker-23: Building] INFO  o.a.m.s.f.DefaultMavenResourcesFiltering - Copying 1 resource from src\main\resources to target\classes
2026-04-17 16:08:18,837 [Worker-23: Building] INFO  o.a.m.s.f.DefaultMavenResourcesFiltering - skip non existing resourceDirectory C:\Users\ASUS\OneDrive\Desktop\Sprint\connect-sphere\config-server\src\test\resources
2026-04-17 16:08:45,309 [Worker-26: Building] INFO  o.a.m.s.f.DefaultMavenResourcesFiltering - Copying 0 resource from src\main\resources to target\classes
2026-04-17 16:08:45,311 [Worker-26: Building] INFO  o.a.m.s.f.DefaultMavenResourcesFiltering - Copying 1 resource from src\main\resources to target\classes
2026-04-17 16:08:45,317 [Worker-26: Building] INFO  o.a.m.s.f.DefaultMavenResourcesFiltering - skip non existing resourceDirectory C:\Users\ASUS\OneDrive\Desktop\Sprint\connect-sphere\config-server\src\test\resources
2026-04-17 16:08:48,171 [Worker-9: Building] INFO  o.a.m.s.f.DefaultMavenResourcesFiltering - Copying 0 resource from src\main\resources to target\classes
2026-04-17 16:08:48,172 [Worker-9: Building] INFO  o.a.m.s.f.DefaultMavenResourcesFiltering - Copying 1 resource from src\main\resources to target\classes
2026-04-17 16:08:48,177 [Worker-9: Building] INFO  o.a.m.s.f.DefaultMavenResourcesFiltering - skip non existing resourceDirectory C:\Users\ASUS\OneDrive\Desktop\Sprint\connect-sphere\config-server\src\test\resources
2026-04-17 16:09:12,959 [Worker-21: Building] INFO  o.a.m.s.f.DefaultMavenResourcesFiltering - Copying 0 resource from src\main\resources to target\classes
2026-04-17 16:09:12,961 [Worker-21: Building] INFO  o.a.m.s.f.DefaultMavenResourcesFiltering - Copying 1 resource from src\main\resources to target\classes
2026-04-17 16:09:12,967 [Worker-21: Building] INFO  o.a.m.s.f.DefaultMavenResourcesFiltering - skip non existing resourceDirectory C:\Users\ASUS\OneDrive\Desktop\Sprint\connect-sphere\config-server\src\test\resources
2026-04-17 16:09:32,026 [Worker-27: Building] INFO  o.a.m.s.f.DefaultMavenResourcesFiltering - Copying 0 resource from src\main\resources to target\classes
2026-04-17 16:09:32,029 [Worker-27: Building] INFO  o.a.m.s.f.DefaultMavenResourcesFiltering - Copying 1 resource from src\main\resources to target\classes
2026-04-17 16:09:32,035 [Worker-27: Building] INFO  o.a.m.s.f.DefaultMavenResourcesFiltering - skip non existing resourceDirectory C:\Users\ASUS\OneDrive\Desktop\Sprint\connect-sphere\config-server\src\test\resources
2026-04-17 16:09:44,775 [Worker-27: Building] INFO  o.a.m.s.f.DefaultMavenResourcesFiltering - Copying 0 resource from src\main\resources to target\classes
2026-04-17 16:09:44,776 [Worker-27: Building] INFO  o.a.m.s.f.DefaultMavenResourcesFiltering - Copying 0 resource from src\main\resources to target\classes
2026-04-17 16:09:44,778 [Worker-27: Building] INFO  o.a.m.s.f.DefaultMavenResourcesFiltering - skip non existing resourceDirectory C:\Users\ASUS\OneDrive\Desktop\Sprint\connect-sphere\config-server\src\test\resources
2026-04-17 16:09:57,867 [Worker-23: Building] INFO  o.a.m.s.f.DefaultMavenResourcesFiltering - Copying 0 resource from src\main\resources to target\classes
2026-04-17 16:09:57,871 [Worker-23: Building] INFO  o.a.m.s.f.DefaultMavenResourcesFiltering - Copying 1 resource from src\main\resources to target\classes
2026-04-17 16:09:57,877 [Worker-23: Building] INFO  o.a.m.s.f.DefaultMavenResourcesFiltering - skip non existing resourceDirectory C:\Users\ASUS\OneDrive\Desktop\Sprint\connect-sphere\config-server\src\test\resources
2026-04-17 16:10:06,950 [Worker-9: Building] INFO  o.a.m.s.f.DefaultMavenResourcesFiltering - Copying 0 resource from src\main\resources to target\classes
2026-04-17 16:10:06,952 [Worker-9: Building] INFO  o.a.m.s.f.DefaultMavenResourcesFiltering - Copying 2 resources from src\main\resources to target\classes
2026-04-17 16:10:06,962 [Worker-9: Building] INFO  o.a.m.s.f.DefaultMavenResourcesFiltering - skip non existing resourceDirectory C:\Users\ASUS\OneDrive\Desktop\Sprint\connect-sphere\config-server\src\test\resources
2026-04-17 16:10:25,581 [Worker-27: Building] INFO  o.a.m.s.f.DefaultMavenResourcesFiltering - Copying 0 resource from src\main\resources to target\classes
2026-04-17 16:10:25,583 [Worker-27: Building] INFO  o.a.m.s.f.DefaultMavenResourcesFiltering - Copying 1 resource from src\main\resources to target\classes
2026-04-17 16:10:25,588 [Worker-27: Building] INFO  o.a.m.s.f.DefaultMavenResourcesFiltering - skip non existing resourceDirectory C:\Users\ASUS\OneDrive\Desktop\Sprint\connect-sphere\config-server\src\test\resources
2026-04-17 16:10:30,979 [Worker-23: Building] INFO  o.a.m.s.f.DefaultMavenResourcesFiltering - Copying 0 resource from src\main\resources to target\classes
2026-04-17 16:10:30,980 [Worker-23: Building] INFO  o.a.m.s.f.DefaultMavenResourcesFiltering - Copying 1 resource from src\main\resources to target\classes
2026-04-17 16:10:30,983 [Worker-23: Building] INFO  o.a.m.s.f.DefaultMavenResourcesFiltering - skip non existing resourceDirectory C:\Users\ASUS\OneDrive\Desktop\Sprint\connect-sphere\config-server\src\test\resources
2026-04-17 16:10:56,385 [Worker-27: Building] INFO  o.a.m.s.f.DefaultMavenResourcesFiltering - Copying 0 resource from src\main\resources to target\classes
2026-04-17 16:10:56,387 [Worker-27: Building] INFO  o.a.m.s.f.DefaultMavenResourcesFiltering - Copying 1 resource from src\main\resources to target\classes
2026-04-17 16:10:56,393 [Worker-27: Building] INFO  o.a.m.s.f.DefaultMavenResourcesFiltering - skip non existing resourceDirectory C:\Users\ASUS\OneDrive\Desktop\Sprint\connect-sphere\config-server\src\test\resources
2026-04-17 16:11:03,308 [Worker-24: Building] INFO  o.a.m.s.f.DefaultMavenResourcesFiltering - Copying 0 resource from src\main\resources to target\classes
2026-04-17 16:11:03,312 [Worker-24: Building] INFO  o.a.m.s.f.DefaultMavenResourcesFiltering - Copying 1 resource from src\main\resources to target\classes
2026-04-17 16:11:03,318 [Worker-24: Building] INFO  o.a.m.s.f.DefaultMavenResourcesFiltering - skip non existing resourceDirectory C:\Users\ASUS\OneDrive\Desktop\Sprint\connect-sphere\config-server\src\test\resources
2026-04-17 16:16:33,513 [Worker-25: Import Getting Started Content] INFO  o.e.m.c.i.l.LifecycleMappingFactory - Using org.eclipse.m2e.jdt.JarLifecycleMapping lifecycle mapping for MavenProject: com.connectsphere.gateway:api-gateway:0.0.1-SNAPSHOT @ C:\Users\ASUS\OneDrive\Desktop\Sprint\connect-sphere\api-gateway\pom.xml.
2026-04-17 16:16:33,726 [Worker-25: Import Getting Started Content] INFO  o.e.m.j.i.AbstractJavaProjectConfigurator - Adding source folder /api-gateway/src/main/java
2026-04-17 16:16:33,727 [Worker-25: Import Getting Started Content] INFO  o.e.m.j.i.AbstractJavaProjectConfigurator - Adding resource folder /api-gateway/src/main/resources
2026-04-17 16:16:33,730 [Worker-25: Import Getting Started Content] INFO  o.e.m.j.i.AbstractJavaProjectConfigurator - Adding resource folder /api-gateway/src/main/resources
2026-04-17 16:16:33,733 [Worker-25: Import Getting Started Content] INFO  o.e.m.j.i.AbstractJavaProjectConfigurator - Adding source folder /api-gateway/src/test/java
2026-04-17 16:16:33,734 [Worker-25: Import Getting Started Content] INFO  o.e.m.j.i.AbstractJavaProjectConfigurator - Adding resource folder /api-gateway/src/test/resources
2026-04-17 16:16:33,884 [Worker-25: Import Getting Started Content] INFO  o.e.m.c.i.p.ProjectConfigurationManager - Imported and configured 1 project(s) in 0 sec
2026-04-17 16:16:33,886 [Worker-25: Import Getting Started Content] INFO  o.e.m.c.i.p.ProjectConfigurationManager - Update started
2026-04-17 16:16:34,080 [Worker-25: Import Getting Started Content] INFO  o.e.m.c.i.l.LifecycleMappingFactory - Using org.eclipse.m2e.jdt.JarLifecycleMapping lifecycle mapping for MavenProject: com.connectsphere.gateway:api-gateway:0.0.1-SNAPSHOT @ C:\Users\ASUS\OneDrive\Desktop\Sprint\connect-sphere\api-gateway\pom.xml.
2026-04-17 16:16:34,244 [Worker-25: Import Getting Started Content] INFO  o.e.m.j.i.AbstractJavaProjectConfigurator - Adding source folder /api-gateway/src/main/java
2026-04-17 16:16:34,245 [Worker-25: Import Getting Started Content] INFO  o.e.m.j.i.AbstractJavaProjectConfigurator - Adding resource folder /api-gateway/src/main/resources
2026-04-17 16:16:34,245 [Worker-25: Import Getting Started Content] INFO  o.e.m.j.i.AbstractJavaProjectConfigurator - Adding resource folder /api-gateway/src/main/resources
2026-04-17 16:16:34,246 [Worker-25: Import Getting Started Content] INFO  o.e.m.j.i.AbstractJavaProjectConfigurator - Adding source folder /api-gateway/src/test/java
2026-04-17 16:16:34,246 [Worker-25: Import Getting Started Content] INFO  o.e.m.j.i.AbstractJavaProjectConfigurator - Adding resource folder /api-gateway/src/test/resources
2026-04-17 16:16:34,357 [Worker-25: Import Getting Started Content] INFO  o.e.m.c.i.p.ProjectConfigurationManager - Update completed for 1 poms: local refresh takes 0.00 sec, refresh facades takes 0.00 sec, update config takes 0.00 sec 
2026-04-17 16:16:34,605 [Worker-28: Building] INFO  o.a.m.s.f.DefaultMavenResourcesFiltering - Copying 1 resource from src\main\resources to target\classes
2026-04-17 16:16:34,617 [Worker-28: Building] INFO  o.a.m.s.f.DefaultMavenResourcesFiltering - Copying 0 resource from src\main\resources to target\classes
2026-04-17 16:16:34,621 [Worker-28: Building] INFO  o.a.m.s.f.DefaultMavenResourcesFiltering - skip non existing resourceDirectory C:\Users\ASUS\OneDrive\Desktop\Sprint\connect-sphere\api-gateway\src\test\resources
2026-04-17 16:17:00,001 [Worker-29: Building] INFO  o.e.m.c.i.l.LifecycleMappingFactory - Using org.eclipse.m2e.jdt.JarLifecycleMapping lifecycle mapping for MavenProject: com.connectsphere:api-gateway:1.0.0 @ C:\Users\ASUS\OneDrive\Desktop\Sprint\connect-sphere\api-gateway\pom.xml.
2026-04-17 16:17:01,139 [Worker-29: Building] INFO  o.a.m.s.f.DefaultMavenResourcesFiltering - Copying 0 resource from src\main\resources to target\classes
2026-04-17 16:17:01,139 [Worker-29: Building] INFO  o.a.m.s.f.DefaultMavenResourcesFiltering - Copying 0 resource from src\main\resources to target\classes
2026-04-17 16:17:01,142 [Worker-29: Building] INFO  o.a.m.s.f.DefaultMavenResourcesFiltering - skip non existing resourceDirectory C:\Users\ASUS\OneDrive\Desktop\Sprint\connect-sphere\api-gateway\src\test\resources
2026-04-17 16:17:01,385 [Worker-29: Updating Maven Project] INFO  o.e.m.c.i.p.ProjectConfigurationManager - Update started
2026-04-17 16:17:01,653 [Worker-29: Updating Maven Project] INFO  o.e.m.c.i.l.LifecycleMappingFactory - Using org.eclipse.m2e.jdt.JarLifecycleMapping lifecycle mapping for MavenProject: com.connectsphere:api-gateway:1.0.0 @ C:\Users\ASUS\OneDrive\Desktop\Sprint\connect-sphere\api-gateway\pom.xml.
2026-04-17 16:17:02,338 [Worker-29: Updating Maven Project] INFO  o.e.m.j.i.AbstractJavaProjectConfigurator - Adding source folder /api-gateway/src/main/java
2026-04-17 16:17:02,338 [Worker-29: Updating Maven Project] INFO  o.e.m.j.i.AbstractJavaProjectConfigurator - Adding resource folder /api-gateway/src/main/resources
2026-04-17 16:17:02,339 [Worker-29: Updating Maven Project] INFO  o.e.m.j.i.AbstractJavaProjectConfigurator - Adding resource folder /api-gateway/src/main/resources
2026-04-17 16:17:02,339 [Worker-29: Updating Maven Project] INFO  o.e.m.j.i.AbstractJavaProjectConfigurator - Adding source folder /api-gateway/src/test/java
2026-04-17 16:17:02,339 [Worker-29: Updating Maven Project] INFO  o.e.m.j.i.AbstractJavaProjectConfigurator - Adding resource folder /api-gateway/src/test/resources
2026-04-17 16:17:03,034 [Worker-29: Updating Maven Project] INFO  o.e.m.c.i.p.ProjectConfigurationManager - Update completed for 1 poms: local refresh takes 0.00 sec, refresh facades takes 0.00 sec, update config takes 0.00 sec 
2026-04-17 16:17:03,357 [Worker-23: Building] INFO  o.a.m.s.f.DefaultMavenResourcesFiltering - Copying 1 resource from src\main\resources to target\classes
2026-04-17 16:17:03,365 [Worker-23: Building] INFO  o.a.m.s.f.DefaultMavenResourcesFiltering - Copying 0 resource from src\main\resources to target\classes
2026-04-17 16:17:03,367 [Worker-23: Building] INFO  o.a.m.s.f.DefaultMavenResourcesFiltering - skip non existing resourceDirectory C:\Users\ASUS\OneDrive\Desktop\Sprint\connect-sphere\api-gateway\src\test\resources
2026-04-17 16:17:16,991 [Worker-29: Building] INFO  o.a.m.s.f.DefaultMavenResourcesFiltering - Copying 1 resource from src\main\resources to target\classes
2026-04-17 16:17:16,996 [Worker-29: Building] INFO  o.a.m.s.f.DefaultMavenResourcesFiltering - Copying 0 resource from src\main\resources to target\classes
2026-04-17 16:17:16,998 [Worker-29: Building] INFO  o.a.m.s.f.DefaultMavenResourcesFiltering - skip non existing resourceDirectory C:\Users\ASUS\OneDrive\Desktop\Sprint\connect-sphere\api-gateway\src\test\resources
2026-04-17 16:17:36,501 [Worker-29: Building] INFO  o.a.m.s.f.DefaultMavenResourcesFiltering - Copying 1 resource from src\main\resources to target\classes
2026-04-17 16:17:36,508 [Worker-29: Building] INFO  o.a.m.s.f.DefaultMavenResourcesFiltering - Copying 0 resource from src\main\resources to target\classes
2026-04-17 16:17:36,512 [Worker-29: Building] INFO  o.a.m.s.f.DefaultMavenResourcesFiltering - skip non existing resourceDirectory C:\Users\ASUS\OneDrive\Desktop\Sprint\connect-sphere\api-gateway\src\test\resources
2026-04-17 16:17:58,312 [Worker-28: Building] INFO  o.a.m.s.f.DefaultMavenResourcesFiltering - Copying 1 resource from src\main\resources to target\classes
2026-04-17 16:17:58,318 [Worker-28: Building] INFO  o.a.m.s.f.DefaultMavenResourcesFiltering - Copying 0 resource from src\main\resources to target\classes
2026-04-17 16:17:58,322 [Worker-28: Building] INFO  o.a.m.s.f.DefaultMavenResourcesFiltering - skip non existing resourceDirectory C:\Users\ASUS\OneDrive\Desktop\Sprint\connect-sphere\api-gateway\src\test\resources
2026-04-17 16:18:31,349 [Worker-23: Building] INFO  o.a.m.s.f.DefaultMavenResourcesFiltering - Copying 1 resource from src\main\resources to target\classes
2026-04-17 16:18:31,350 [Worker-23: Building] INFO  o.a.m.s.f.DefaultMavenResourcesFiltering - Copying 0 resource from src\main\resources to target\classes
2026-04-17 16:18:31,353 [Worker-23: Building] INFO  o.a.m.s.f.DefaultMavenResourcesFiltering - skip non existing resourceDirectory C:\Users\ASUS\OneDrive\Desktop\Sprint\connect-sphere\api-gateway\src\test\resources
2026-04-17 16:18:45,777 [Worker-28: Building] INFO  o.a.m.s.f.DefaultMavenResourcesFiltering - Copying 0 resource from src\main\resources to target\classes
2026-04-17 16:18:45,777 [Worker-28: Building] INFO  o.a.m.s.f.DefaultMavenResourcesFiltering - Copying 0 resource from src\main\resources to target\classes
2026-04-17 16:18:45,779 [Worker-28: Building] INFO  o.a.m.s.f.DefaultMavenResourcesFiltering - skip non existing resourceDirectory C:\Users\ASUS\OneDrive\Desktop\Sprint\connect-sphere\api-gateway\src\test\resources
2026-04-17 16:20:34,383 [Worker-28: Building] INFO  o.a.m.s.f.DefaultMavenResourcesFiltering - Copying 1 resource from src\main\resources to target\classes
2026-04-17 16:20:34,424 [Worker-28: Building] INFO  o.a.m.s.f.DefaultMavenResourcesFiltering - Copying 0 resource from src\main\resources to target\classes
2026-04-17 16:20:34,428 [Worker-28: Building] INFO  o.a.m.s.f.DefaultMavenResourcesFiltering - skip non existing resourceDirectory C:\Users\ASUS\OneDrive\Desktop\Sprint\connect-sphere\api-gateway\src\test\resources
2026-04-17 16:25:11,967 [Worker-32: Building] INFO  o.a.m.s.f.DefaultMavenResourcesFiltering - Copying 1 resource from src\main\resources to target\classes
2026-04-17 16:25:11,976 [Worker-32: Building] INFO  o.a.m.s.f.DefaultMavenResourcesFiltering - Copying 0 resource from src\main\resources to target\classes
2026-04-17 16:25:11,979 [Worker-32: Building] INFO  o.a.m.s.f.DefaultMavenResourcesFiltering - skip non existing resourceDirectory C:\Users\ASUS\OneDrive\Desktop\Sprint\connect-sphere\api-gateway\src\test\resources
2026-04-17 16:33:28,505 [Worker-4: Loading available Gradle versions] INFO  o.e.b.c.i.u.g.PublishedGradleVersions - Gradle version information cache is up-to-date. Trying to read.
2026-04-17 16:38:36,000 [Worker-17: Building] INFO  o.a.m.s.f.DefaultMavenResourcesFiltering - Copying 1 resource from src\main\resources to target\classes
2026-04-17 16:38:36,084 [Worker-17: Building] INFO  o.a.m.s.f.DefaultMavenResourcesFiltering - Copying 0 resource from src\main\resources to target\classes
2026-04-17 16:38:36,107 [Worker-17: Building] INFO  o.a.m.s.f.DefaultMavenResourcesFiltering - skip non existing resourceDirectory C:\Users\ASUS\OneDrive\Desktop\Sprint\connect-sphere\auth-service\src\test\resources
2026-04-17 16:46:59,934 [Worker-21: Building] INFO  o.a.m.s.f.DefaultMavenResourcesFiltering - Copying 0 resource from src\main\resources to target\classes
2026-04-17 16:46:59,934 [Worker-21: Building] INFO  o.a.m.s.f.DefaultMavenResourcesFiltering - Copying 0 resource from src\main\resources to target\classes
2026-04-17 16:46:59,939 [Worker-21: Building] INFO  o.a.m.s.f.DefaultMavenResourcesFiltering - skip non existing resourceDirectory C:\Users\ASUS\OneDrive\Desktop\Sprint\connect-sphere\auth-service\src\test\resources
2026-04-17 16:47:08,194 [main] INFO  o.e.m.jdt.internal.UnitTestSupport - Updating AuthServiceImplTest from maven configuration
2026-04-17 16:48:03,642 [Worker-21: Ready state poller] ERROR reactor.core.publisher.Operators - Operator called default onErrorDropped
reactor.core.Exceptions$ErrorCallbackNotImplemented: java.lang.IllegalStateException: Unexpected null value present!
Caused by: java.lang.IllegalStateException: Unexpected null value present!
	at org.eclipse.lsp4e.internal.NullSafetyHelper.castNonNull(NullSafetyHelper.java:36)
	at org.eclipse.lsp4e.LanguageServerWrapper.lambda$19(LanguageServerWrapper.java:938)
	at java.base/java.util.concurrent.CompletableFuture.uniApplyNow(CompletableFuture.java:684)
	at java.base/java.util.concurrent.CompletableFuture.uniApplyStage(CompletableFuture.java:662)
	at java.base/java.util.concurrent.CompletableFuture.thenApply(CompletableFuture.java:2200)
	at org.eclipse.lsp4e.LanguageServerWrapper.getServerCapabilitiesAsync(LanguageServerWrapper.java:938)
	at org.eclipse.lsp4e.LanguageServiceAccessor.capabilitiesComplyAsync(LanguageServiceAccessor.java:226)
	at org.eclipse.lsp4e.LanguageServiceAccessor.getStartedWrappersAsync(LanguageServiceAccessor.java:475)
	at org.eclipse.lsp4e.LanguageServiceAccessor.getStartedWrappersAsync(LanguageServiceAccessor.java:461)
	at org.eclipse.lsp4e.LanguageServers$LanguageServerProjectExecutor.getServers(LanguageServers.java:332)
	at org.eclipse.lsp4e.LanguageServers.executeOnServers(LanguageServers.java:441)
	at org.eclipse.lsp4e.LanguageServers.collectAll(LanguageServers.java:92)
	at org.eclipse.lsp4e.LanguageServers.collectAll(LanguageServers.java:75)
	at org.springframework.ide.eclipse.boot.dash.liveprocess.DefaultLiveProcessCommandExecutor.executeCommand(DefaultLiveProcessCommandExecutor.java:54)
	at org.springframework.ide.eclipse.boot.dash.BootDashActivator$1.stateChanged(BootDashActivator.java:219)
	at org.springframework.ide.eclipse.boot.dash.BootDashActivator$1.stateChanged(BootDashActivator.java:1)
	at org.springframework.ide.eclipse.boot.dash.util.RunStateTracker.updateOwnerStatesAndFireEvents(RunStateTracker.java:216)
	at org.springframework.ide.eclipse.boot.dash.util.RunStateTracker$1.gotValue(RunStateTracker.java:151)
	at org.springframework.ide.eclipse.boot.dash.util.RunStateTracker$1.gotValue(RunStateTracker.java:1)
	at org.springsource.ide.eclipse.commons.livexp.core.LiveExpression.changed(LiveExpression.java:137)
	at org.springsource.ide.eclipse.commons.livexp.core.LiveExpression.refresh(LiveExpression.java:81)
	at org.springsource.ide.eclipse.commons.livexp.core.LiveVariable.setValue(LiveVariable.java:46)
	at org.springframework.ide.eclipse.boot.dash.util.AbstractPollingAppReadyStateMonitor$1.run(AbstractPollingAppReadyStateMonitor.java:51)
	at org.eclipse.core.internal.jobs.Worker.run(Worker.java:63)
2026-04-17 16:50:28,308 [LS-org.eclipse.languageserver.languages.springboot#listener-0] ERROR reactor.core.publisher.Operators - Operator called default onErrorDropped
reactor.core.Exceptions$ErrorCallbackNotImplemented: java.lang.IllegalStateException: Unexpected null value present!
Caused by: java.lang.IllegalStateException: Unexpected null value present!
	at org.eclipse.lsp4e.internal.NullSafetyHelper.castNonNull(NullSafetyHelper.java:36)
	at org.eclipse.lsp4e.LanguageServerWrapper.lambda$19(LanguageServerWrapper.java:938)
	at java.base/java.util.concurrent.CompletableFuture.uniApplyNow(CompletableFuture.java:684)
	at java.base/java.util.concurrent.CompletableFuture.uniApplyStage(CompletableFuture.java:662)
	at java.base/java.util.concurrent.CompletableFuture.thenApply(CompletableFuture.java:2200)
	at org.eclipse.lsp4e.LanguageServerWrapper.getServerCapabilitiesAsync(LanguageServerWrapper.java:938)
	at org.eclipse.lsp4e.LanguageServiceAccessor.capabilitiesComplyAsync(LanguageServiceAccessor.java:226)
	at org.eclipse.lsp4e.LanguageServiceAccessor.getStartedWrappersAsync(LanguageServiceAccessor.java:475)
	at org.eclipse.lsp4e.LanguageServiceAccessor.getStartedWrappersAsync(LanguageServiceAccessor.java:461)
	at org.eclipse.lsp4e.LanguageServers$LanguageServerProjectExecutor.getServers(LanguageServers.java:332)
	at org.eclipse.lsp4e.LanguageServers.executeOnServers(LanguageServers.java:441)
	at org.eclipse.lsp4e.LanguageServers.collectAll(LanguageServers.java:92)
	at org.eclipse.lsp4e.LanguageServers.collectAll(LanguageServers.java:75)
	at org.springframework.ide.eclipse.boot.dash.liveprocess.DefaultLiveProcessCommandExecutor.executeCommand(DefaultLiveProcessCommandExecutor.java:62)
	at org.springframework.ide.eclipse.boot.dash.BootDashActivator$1.stateChanged(BootDashActivator.java:229)
	at org.springframework.ide.eclipse.boot.dash.BootDashActivator$1.stateChanged(BootDashActivator.java:1)
	at org.springframework.ide.eclipse.boot.dash.util.RunStateTracker.updateOwnerStatesAndFireEvents(RunStateTracker.java:216)
	at org.springframework.ide.eclipse.boot.dash.util.RunStateTracker.processTerminated(RunStateTracker.java:267)
	at org.springframework.ide.eclipse.boot.util.ProcessTracker.processTerminated(ProcessTracker.java:112)
	at org.springframework.ide.eclipse.boot.util.ProcessTracker.handleDebugEvent(ProcessTracker.java:78)
	at org.springframework.ide.eclipse.boot.util.ProcessTracker$1.handleDebugEvents(ProcessTracker.java:48)
	at org.eclipse.debug.core.DebugPlugin$EventNotifier.run(DebugPlugin.java:1287)
	at org.eclipse.core.runtime.SafeRunner.run(SafeRunner.java:47)
	at org.eclipse.debug.core.DebugPlugin$EventNotifier.dispatch(DebugPlugin.java:1321)
	at org.eclipse.debug.core.DebugPlugin$EventDispatchJob.run(DebugPlugin.java:498)
	at org.eclipse.core.internal.jobs.Worker.run(Worker.java:63)
2026-04-17 16:50:54,592 [LS-org.eclipse.languageserver.languages.springboot#listener-0] ERROR reactor.core.publisher.Operators - Operator called default onErrorDropped
reactor.core.Exceptions$ErrorCallbackNotImplemented: java.lang.IllegalStateException: Unexpected null value present!
Caused by: java.lang.IllegalStateException: Unexpected null value present!
	at org.eclipse.lsp4e.internal.NullSafetyHelper.castNonNull(NullSafetyHelper.java:36)
	at org.eclipse.lsp4e.LanguageServerWrapper.lambda$19(LanguageServerWrapper.java:938)
	at java.base/java.util.concurrent.CompletableFuture.uniApplyNow(CompletableFuture.java:684)
	at java.base/java.util.concurrent.CompletableFuture.uniApplyStage(CompletableFuture.java:662)
	at java.base/java.util.concurrent.CompletableFuture.thenApply(CompletableFuture.java:2200)
	at org.eclipse.lsp4e.LanguageServerWrapper.getServerCapabilitiesAsync(LanguageServerWrapper.java:938)
	at org.eclipse.lsp4e.LanguageServiceAccessor.capabilitiesComplyAsync(LanguageServiceAccessor.java:226)
	at org.eclipse.lsp4e.LanguageServiceAccessor.getStartedWrappersAsync(LanguageServiceAccessor.java:475)
	at org.eclipse.lsp4e.LanguageServiceAccessor.getStartedWrappersAsync(LanguageServiceAccessor.java:461)
	at org.eclipse.lsp4e.LanguageServers$LanguageServerProjectExecutor.getServers(LanguageServers.java:332)
	at org.eclipse.lsp4e.LanguageServers.executeOnServers(LanguageServers.java:441)
	at org.eclipse.lsp4e.LanguageServers.collectAll(LanguageServers.java:92)
	at org.eclipse.lsp4e.LanguageServers.collectAll(LanguageServers.java:75)
	at org.springframework.ide.eclipse.boot.dash.liveprocess.DefaultLiveProcessCommandExecutor.executeCommand(DefaultLiveProcessCommandExecutor.java:62)
	at org.springframework.ide.eclipse.boot.dash.BootDashActivator$1.stateChanged(BootDashActivator.java:229)
	at org.springframework.ide.eclipse.boot.dash.BootDashActivator$1.stateChanged(BootDashActivator.java:1)
	at org.springframework.ide.eclipse.boot.dash.util.RunStateTracker.updateOwnerStatesAndFireEvents(RunStateTracker.java:216)
	at org.springframework.ide.eclipse.boot.dash.util.RunStateTracker.processTerminated(RunStateTracker.java:267)
	at org.springframework.ide.eclipse.boot.util.ProcessTracker.processTerminated(ProcessTracker.java:112)
	at org.springframework.ide.eclipse.boot.util.ProcessTracker.handleDebugEvent(ProcessTracker.java:78)
	at org.springframework.ide.eclipse.boot.util.ProcessTracker$1.handleDebugEvents(ProcessTracker.java:48)
	at org.eclipse.debug.core.DebugPlugin$EventNotifier.run(DebugPlugin.java:1287)
	at org.eclipse.core.runtime.SafeRunner.run(SafeRunner.java:47)
	at org.eclipse.debug.core.DebugPlugin$EventNotifier.dispatch(DebugPlugin.java:1321)
	at org.eclipse.debug.core.DebugPlugin$EventDispatchJob.run(DebugPlugin.java:498)
	at org.eclipse.core.internal.jobs.Worker.run(Worker.java:63)
2026-04-18 21:34:56,211 [Worker-6: Loading available Gradle versions] INFO  o.e.b.c.i.u.g.PublishedGradleVersions - Gradle version information cache is out-of-date. Trying to update.
2026-04-18 21:35:16,074 [Worker-9: Building] INFO  o.a.m.s.f.DefaultMavenResourcesFiltering - Copying 1 resource from src\main\resources to target\classes
2026-04-18 21:35:16,120 [Worker-9: Building] INFO  o.a.m.s.f.DefaultMavenResourcesFiltering - Copying 8 resources from src\main\resources to target\classes
2026-04-18 21:35:16,142 [Worker-9: Building] INFO  o.a.m.s.f.DefaultMavenResourcesFiltering - skip non existing resourceDirectory C:\Users\ASUS\OneDrive\Desktop\Sprint\connect-sphere\config-server\src\test\resources
2026-04-18 21:35:22,750 [Worker-7: Building] INFO  o.a.m.s.f.DefaultMavenResourcesFiltering - Copying 1 resource from src\main\resources to target\classes
2026-04-18 21:35:22,772 [Worker-7: Building] INFO  o.a.m.s.f.DefaultMavenResourcesFiltering - Copying 8 resources from src\main\resources to target\classes
2026-04-18 21:35:22,800 [Worker-7: Building] INFO  o.a.m.s.f.DefaultMavenResourcesFiltering - skip non existing resourceDirectory C:\Users\ASUS\OneDrive\Desktop\Sprint\connect-sphere\config-server\src\test\resources
2026-04-18 21:37:27,608 [Worker-11: Import Getting Started Content] INFO  o.e.m.c.i.l.LifecycleMappingFactory - Using org.eclipse.m2e.jdt.JarLifecycleMapping lifecycle mapping for MavenProject: com.connectsphere.post:post-service:0.0.1-SNAPSHOT @ C:\Users\ASUS\OneDrive\Desktop\Sprint\connect-sphere\post-service\pom.xml.
2026-04-18 21:37:29,801 [Worker-11: Import Getting Started Content] INFO  o.e.m.j.i.AbstractJavaProjectConfigurator - Adding source folder /post-service/src/main/java
2026-04-18 21:37:29,803 [Worker-11: Import Getting Started Content] INFO  o.e.m.j.i.AbstractJavaProjectConfigurator - Adding resource folder /post-service/src/main/resources
2026-04-18 21:37:29,806 [Worker-11: Import Getting Started Content] INFO  o.e.m.j.i.AbstractJavaProjectConfigurator - Adding resource folder /post-service/src/main/resources
2026-04-18 21:37:29,809 [Worker-11: Import Getting Started Content] INFO  o.e.m.j.i.AbstractJavaProjectConfigurator - Adding source folder /post-service/src/test/java
2026-04-18 21:37:29,810 [Worker-11: Import Getting Started Content] INFO  o.e.m.j.i.AbstractJavaProjectConfigurator - Adding resource folder /post-service/src/test/resources
2026-04-18 21:37:30,967 [Worker-11: Import Getting Started Content] INFO  o.e.m.c.i.p.ProjectConfigurationManager - Imported and configured 1 project(s) in 6 sec
2026-04-18 21:37:30,970 [Worker-11: Import Getting Started Content] INFO  o.e.m.c.i.p.ProjectConfigurationManager - Update started
2026-04-18 21:37:31,237 [Worker-11: Import Getting Started Content] INFO  o.e.m.c.i.l.LifecycleMappingFactory - Using org.eclipse.m2e.jdt.JarLifecycleMapping lifecycle mapping for MavenProject: com.connectsphere.post:post-service:0.0.1-SNAPSHOT @ C:\Users\ASUS\OneDrive\Desktop\Sprint\connect-sphere\post-service\pom.xml.
2026-04-18 21:37:31,498 [Worker-11: Import Getting Started Content] INFO  o.e.m.j.i.AbstractJavaProjectConfigurator - Adding source folder /post-service/src/main/java
2026-04-18 21:37:31,499 [Worker-11: Import Getting Started Content] INFO  o.e.m.j.i.AbstractJavaProjectConfigurator - Adding resource folder /post-service/src/main/resources
2026-04-18 21:37:31,500 [Worker-11: Import Getting Started Content] INFO  o.e.m.j.i.AbstractJavaProjectConfigurator - Adding resource folder /post-service/src/main/resources
2026-04-18 21:37:31,500 [Worker-11: Import Getting Started Content] INFO  o.e.m.j.i.AbstractJavaProjectConfigurator - Adding source folder /post-service/src/test/java
2026-04-18 21:37:31,500 [Worker-11: Import Getting Started Content] INFO  o.e.m.j.i.AbstractJavaProjectConfigurator - Adding resource folder /post-service/src/test/resources
2026-04-18 21:37:31,677 [Worker-11: Import Getting Started Content] INFO  o.e.m.c.i.p.ProjectConfigurationManager - Update completed for 1 poms: local refresh takes 0.00 sec, refresh facades takes 0.00 sec, update config takes 0.00 sec 
2026-04-18 21:37:32,483 [Worker-5: Building] INFO  o.a.m.s.f.DefaultMavenResourcesFiltering - Copying 1 resource from src\main\resources to target\classes
2026-04-18 21:37:32,555 [Worker-5: Building] INFO  o.a.m.s.f.DefaultMavenResourcesFiltering - Copying 0 resource from src\main\resources to target\classes
2026-04-18 21:37:32,564 [Worker-5: Building] INFO  o.a.m.s.f.DefaultMavenResourcesFiltering - skip non existing resourceDirectory C:\Users\ASUS\OneDrive\Desktop\Sprint\connect-sphere\post-service\src\test\resources
2026-04-18 21:38:45,376 [Worker-8: Building] INFO  o.e.m.c.i.l.LifecycleMappingFactory - Using org.eclipse.m2e.jdt.JarLifecycleMapping lifecycle mapping for MavenProject: com.connectsphere:post-service:1.0.0 @ C:\Users\ASUS\OneDrive\Desktop\Sprint\connect-sphere\post-service\pom.xml.
2026-04-18 21:38:45,951 [Worker-8: Building] INFO  o.a.m.s.f.DefaultMavenResourcesFiltering - Copying 0 resource from src\main\resources to target\classes
2026-04-18 21:38:45,951 [Worker-8: Building] INFO  o.a.m.s.f.DefaultMavenResourcesFiltering - Copying 0 resource from src\main\resources to target\classes
2026-04-18 21:38:45,954 [Worker-8: Building] INFO  o.a.m.s.f.DefaultMavenResourcesFiltering - skip non existing resourceDirectory C:\Users\ASUS\OneDrive\Desktop\Sprint\connect-sphere\post-service\src\test\resources
2026-04-18 21:38:46,306 [Worker-8: Updating Maven Project] INFO  o.e.m.c.i.p.ProjectConfigurationManager - Update started
2026-04-18 21:38:46,624 [Worker-8: Updating Maven Project] INFO  o.e.m.c.i.l.LifecycleMappingFactory - Using org.eclipse.m2e.jdt.JarLifecycleMapping lifecycle mapping for MavenProject: com.connectsphere:post-service:1.0.0 @ C:\Users\ASUS\OneDrive\Desktop\Sprint\connect-sphere\post-service\pom.xml.
2026-04-18 21:38:47,438 [Worker-8: Updating Maven Project] INFO  o.e.m.j.i.AbstractJavaProjectConfigurator - Adding source folder /post-service/src/main/java
2026-04-18 21:38:47,439 [Worker-8: Updating Maven Project] INFO  o.e.m.j.i.AbstractJavaProjectConfigurator - Adding resource folder /post-service/src/main/resources
2026-04-18 21:38:47,439 [Worker-8: Updating Maven Project] INFO  o.e.m.j.i.AbstractJavaProjectConfigurator - Adding resource folder /post-service/src/main/resources
2026-04-18 21:38:47,440 [Worker-8: Updating Maven Project] INFO  o.e.m.j.i.AbstractJavaProjectConfigurator - Adding source folder /post-service/src/test/java
2026-04-18 21:38:47,440 [Worker-8: Updating Maven Project] INFO  o.e.m.j.i.AbstractJavaProjectConfigurator - Adding resource folder /post-service/src/test/resources
2026-04-18 21:38:47,813 [Worker-8: Updating Maven Project] INFO  o.e.m.c.i.p.ProjectConfigurationManager - Update completed for 1 poms: local refresh takes 0.00 sec, refresh facades takes 1.00 sec, update config takes 0.00 sec 
2026-04-18 21:38:48,229 [Worker-10: Building] INFO  o.a.m.s.f.DefaultMavenResourcesFiltering - Copying 1 resource from src\main\resources to target\classes
2026-04-18 21:38:48,247 [Worker-10: Building] INFO  o.a.m.s.f.DefaultMavenResourcesFiltering - Copying 0 resource from src\main\resources to target\classes
2026-04-18 21:38:48,250 [Worker-10: Building] INFO  o.a.m.s.f.DefaultMavenResourcesFiltering - skip non existing resourceDirectory C:\Users\ASUS\OneDrive\Desktop\Sprint\connect-sphere\post-service\src\test\resources
2026-04-19 08:22:40,303 [Worker-19: Building] INFO  o.a.m.s.f.DefaultMavenResourcesFiltering - Copying 1 resource from src\main\resources to target\classes
2026-04-19 08:22:41,347 [Worker-19: Building] INFO  o.a.m.s.f.DefaultMavenResourcesFiltering - Copying 0 resource from src\main\resources to target\classes
2026-04-19 08:22:41,487 [Worker-19: Building] INFO  o.a.m.s.f.DefaultMavenResourcesFiltering - skip non existing resourceDirectory C:\Users\ASUS\OneDrive\Desktop\Sprint\connect-sphere\auth-service\src\test\resources
2026-04-19 08:23:34,277 [LS-org.eclipse.languageserver.languages.springboot#listener-0] ERROR reactor.core.publisher.Operators - Operator called default onErrorDropped
reactor.core.Exceptions$ErrorCallbackNotImplemented: java.lang.IllegalStateException: Unexpected null value present!
Caused by: java.lang.IllegalStateException: Unexpected null value present!
	at org.eclipse.lsp4e.internal.NullSafetyHelper.castNonNull(NullSafetyHelper.java:36)
	at org.eclipse.lsp4e.LanguageServerWrapper.lambda$19(LanguageServerWrapper.java:938)
	at java.base/java.util.concurrent.CompletableFuture.uniApplyNow(CompletableFuture.java:684)
	at java.base/java.util.concurrent.CompletableFuture.uniApplyStage(CompletableFuture.java:662)
	at java.base/java.util.concurrent.CompletableFuture.thenApply(CompletableFuture.java:2200)
	at org.eclipse.lsp4e.LanguageServerWrapper.getServerCapabilitiesAsync(LanguageServerWrapper.java:938)
	at org.eclipse.lsp4e.LanguageServiceAccessor.capabilitiesComplyAsync(LanguageServiceAccessor.java:226)
	at org.eclipse.lsp4e.LanguageServiceAccessor.getStartedWrappersAsync(LanguageServiceAccessor.java:475)
	at org.eclipse.lsp4e.LanguageServiceAccessor.getStartedWrappersAsync(LanguageServiceAccessor.java:461)
	at org.eclipse.lsp4e.LanguageServers$LanguageServerProjectExecutor.getServers(LanguageServers.java:332)
	at org.eclipse.lsp4e.LanguageServers.executeOnServers(LanguageServers.java:441)
	at org.eclipse.lsp4e.LanguageServers.collectAll(LanguageServers.java:92)
	at org.eclipse.lsp4e.LanguageServers.collectAll(LanguageServers.java:75)
	at org.springframework.ide.eclipse.boot.dash.liveprocess.DefaultLiveProcessCommandExecutor.executeCommand(DefaultLiveProcessCommandExecutor.java:54)
	at org.springframework.ide.eclipse.boot.dash.BootDashActivator$1.stateChanged(BootDashActivator.java:219)
	at org.springframework.ide.eclipse.boot.dash.BootDashActivator$1.stateChanged(BootDashActivator.java:1)
	at org.springframework.ide.eclipse.boot.dash.util.RunStateTracker.updateOwnerStatesAndFireEvents(RunStateTracker.java:216)
	at org.springframework.ide.eclipse.boot.dash.util.RunStateTracker$1.gotValue(RunStateTracker.java:151)
	at org.springframework.ide.eclipse.boot.dash.util.RunStateTracker$1.gotValue(RunStateTracker.java:1)
	at org.springsource.ide.eclipse.commons.livexp.core.LiveExpression.changed(LiveExpression.java:137)
	at org.springsource.ide.eclipse.commons.livexp.core.LiveExpression.refresh(LiveExpression.java:81)
	at org.springsource.ide.eclipse.commons.livexp.core.LiveVariable.setValue(LiveVariable.java:46)
	at org.springframework.ide.eclipse.boot.dash.util.AbstractPollingAppReadyStateMonitor$1.run(AbstractPollingAppReadyStateMonitor.java:51)
	at org.eclipse.core.internal.jobs.Worker.run(Worker.java:63)
2026-04-19 08:24:49,307 [LS-org.eclipse.languageserver.languages.springboot#listener-0] ERROR reactor.core.publisher.Operators - Operator called default onErrorDropped
reactor.core.Exceptions$ErrorCallbackNotImplemented: java.lang.IllegalStateException: Unexpected null value present!
Caused by: java.lang.IllegalStateException: Unexpected null value present!
	at org.eclipse.lsp4e.internal.NullSafetyHelper.castNonNull(NullSafetyHelper.java:36)
	at org.eclipse.lsp4e.LanguageServerWrapper.lambda$19(LanguageServerWrapper.java:938)
	at java.base/java.util.concurrent.CompletableFuture.uniApplyNow(CompletableFuture.java:684)
	at java.base/java.util.concurrent.CompletableFuture.uniApplyStage(CompletableFuture.java:662)
	at java.base/java.util.concurrent.CompletableFuture.thenApply(CompletableFuture.java:2200)
	at org.eclipse.lsp4e.LanguageServerWrapper.getServerCapabilitiesAsync(LanguageServerWrapper.java:938)
	at org.eclipse.lsp4e.LanguageServiceAccessor.capabilitiesComplyAsync(LanguageServiceAccessor.java:226)
	at org.eclipse.lsp4e.LanguageServiceAccessor.getStartedWrappersAsync(LanguageServiceAccessor.java:475)
	at org.eclipse.lsp4e.LanguageServiceAccessor.getStartedWrappersAsync(LanguageServiceAccessor.java:461)
	at org.eclipse.lsp4e.LanguageServers$LanguageServerProjectExecutor.getServers(LanguageServers.java:332)
	at org.eclipse.lsp4e.LanguageServers.executeOnServers(LanguageServers.java:441)
	at org.eclipse.lsp4e.LanguageServers.collectAll(LanguageServers.java:92)
	at org.eclipse.lsp4e.LanguageServers.collectAll(LanguageServers.java:75)
	at org.springframework.ide.eclipse.boot.dash.liveprocess.DefaultLiveProcessCommandExecutor.executeCommand(DefaultLiveProcessCommandExecutor.java:62)
	at org.springframework.ide.eclipse.boot.dash.BootDashActivator$1.stateChanged(BootDashActivator.java:229)
	at org.springframework.ide.eclipse.boot.dash.BootDashActivator$1.stateChanged(BootDashActivator.java:1)
	at org.springframework.ide.eclipse.boot.dash.util.RunStateTracker.updateOwnerStatesAndFireEvents(RunStateTracker.java:216)
	at org.springframework.ide.eclipse.boot.dash.util.RunStateTracker.processTerminated(RunStateTracker.java:267)
	at org.springframework.ide.eclipse.boot.util.ProcessTracker.processTerminated(ProcessTracker.java:112)
	at org.springframework.ide.eclipse.boot.util.ProcessTracker.handleDebugEvent(ProcessTracker.java:78)
	at org.springframework.ide.eclipse.boot.util.ProcessTracker$1.handleDebugEvents(ProcessTracker.java:48)
	at org.eclipse.debug.core.DebugPlugin$EventNotifier.run(DebugPlugin.java:1287)
	at org.eclipse.core.runtime.SafeRunner.run(SafeRunner.java:47)
	at org.eclipse.debug.core.DebugPlugin$EventNotifier.dispatch(DebugPlugin.java:1321)
	at org.eclipse.debug.core.DebugPlugin$EventDispatchJob.run(DebugPlugin.java:498)
	at org.eclipse.core.internal.jobs.Worker.run(Worker.java:63)
2026-04-19 08:25:12,885 [Worker-18: Building] INFO  o.a.m.s.f.DefaultMavenResourcesFiltering - Copying 1 resource from src\main\resources to target\classes
2026-04-19 08:25:12,888 [Worker-18: Building] INFO  o.a.m.s.f.DefaultMavenResourcesFiltering - Copying 0 resource from src\main\resources to target\classes
2026-04-19 08:25:12,892 [Worker-18: Building] INFO  o.a.m.s.f.DefaultMavenResourcesFiltering - skip non existing resourceDirectory C:\Users\ASUS\OneDrive\Desktop\Sprint\connect-sphere\post-service\src\test\resources
2026-04-19 08:25:20,044 [Worker-16: Building] INFO  o.a.m.s.f.DefaultMavenResourcesFiltering - Copying 1 resource from src\main\resources to target\classes
2026-04-19 08:25:20,054 [Worker-16: Building] INFO  o.a.m.s.f.DefaultMavenResourcesFiltering - Copying 0 resource from src\main\resources to target\classes
2026-04-19 08:25:20,057 [Worker-16: Building] INFO  o.a.m.s.f.DefaultMavenResourcesFiltering - skip non existing resourceDirectory C:\Users\ASUS\OneDrive\Desktop\Sprint\connect-sphere\post-service\src\test\resources
2026-04-19 08:25:51,259 [Worker-22: Building] INFO  o.a.m.s.f.DefaultMavenResourcesFiltering - Copying 2 resources from src\main\resources to target\classes
2026-04-19 08:25:51,282 [Worker-22: Building] INFO  o.a.m.s.f.DefaultMavenResourcesFiltering - Copying 0 resource from src\main\resources to target\classes
2026-04-19 08:25:51,289 [Worker-22: Building] INFO  o.a.m.s.f.DefaultMavenResourcesFiltering - skip non existing resourceDirectory C:\Users\ASUS\OneDrive\Desktop\Sprint\connect-sphere\post-service\src\test\resources
2026-04-19 08:25:57,531 [Worker-19: Building] INFO  o.a.m.s.f.DefaultMavenResourcesFiltering - Copying 2 resources from src\main\resources to target\classes
2026-04-19 08:25:57,549 [Worker-19: Building] INFO  o.a.m.s.f.DefaultMavenResourcesFiltering - Copying 0 resource from src\main\resources to target\classes
2026-04-19 08:25:57,552 [Worker-19: Building] INFO  o.a.m.s.f.DefaultMavenResourcesFiltering - skip non existing resourceDirectory C:\Users\ASUS\OneDrive\Desktop\Sprint\connect-sphere\post-service\src\test\resources
2026-04-19 08:26:03,292 [Worker-18: Building] INFO  o.a.m.s.f.DefaultMavenResourcesFiltering - Copying 2 resources from src\main\resources to target\classes
2026-04-19 08:26:03,305 [Worker-18: Building] INFO  o.a.m.s.f.DefaultMavenResourcesFiltering - Copying 0 resource from src\main\resources to target\classes
2026-04-19 08:26:03,308 [Worker-18: Building] INFO  o.a.m.s.f.DefaultMavenResourcesFiltering - skip non existing resourceDirectory C:\Users\ASUS\OneDrive\Desktop\Sprint\connect-sphere\post-service\src\test\resources
2026-04-19 08:26:26,029 [Worker-16: Building] INFO  o.a.m.s.f.DefaultMavenResourcesFiltering - Copying 2 resources from src\main\resources to target\classes
2026-04-19 08:26:26,038 [Worker-16: Building] INFO  o.a.m.s.f.DefaultMavenResourcesFiltering - Copying 0 resource from src\main\resources to target\classes
2026-04-19 08:26:26,041 [Worker-16: Building] INFO  o.a.m.s.f.DefaultMavenResourcesFiltering - skip non existing resourceDirectory C:\Users\ASUS\OneDrive\Desktop\Sprint\connect-sphere\post-service\src\test\resources
2026-04-19 08:26:33,400 [Worker-16: Building] INFO  o.a.m.s.f.DefaultMavenResourcesFiltering - Copying 2 resources from src\main\resources to target\classes
2026-04-19 08:26:33,409 [Worker-16: Building] INFO  o.a.m.s.f.DefaultMavenResourcesFiltering - Copying 0 resource from src\main\resources to target\classes
2026-04-19 08:26:33,413 [Worker-16: Building] INFO  o.a.m.s.f.DefaultMavenResourcesFiltering - skip non existing resourceDirectory C:\Users\ASUS\OneDrive\Desktop\Sprint\connect-sphere\post-service\src\test\resources
2026-04-19 08:26:45,187 [Worker-21: Building] INFO  o.a.m.s.f.DefaultMavenResourcesFiltering - Copying 2 resources from src\main\resources to target\classes
2026-04-19 08:26:45,195 [Worker-21: Building] INFO  o.a.m.s.f.DefaultMavenResourcesFiltering - Copying 0 resource from src\main\resources to target\classes
2026-04-19 08:26:45,198 [Worker-21: Building] INFO  o.a.m.s.f.DefaultMavenResourcesFiltering - skip non existing resourceDirectory C:\Users\ASUS\OneDrive\Desktop\Sprint\connect-sphere\post-service\src\test\resources
2026-04-19 08:26:53,477 [Worker-19: Building] INFO  o.a.m.s.f.DefaultMavenResourcesFiltering - Copying 2 resources from src\main\resources to target\classes
2026-04-19 08:26:53,484 [Worker-19: Building] INFO  o.a.m.s.f.DefaultMavenResourcesFiltering - Copying 0 resource from src\main\resources to target\classes
2026-04-19 08:26:53,486 [Worker-19: Building] INFO  o.a.m.s.f.DefaultMavenResourcesFiltering - skip non existing resourceDirectory C:\Users\ASUS\OneDrive\Desktop\Sprint\connect-sphere\post-service\src\test\resources
2026-04-19 08:27:01,945 [Worker-11: Building] INFO  o.a.m.s.f.DefaultMavenResourcesFiltering - Copying 2 resources from src\main\resources to target\classes
2026-04-19 08:27:01,953 [Worker-11: Building] INFO  o.a.m.s.f.DefaultMavenResourcesFiltering - Copying 0 resource from src\main\resources to target\classes
2026-04-19 08:27:01,954 [Worker-11: Building] INFO  o.a.m.s.f.DefaultMavenResourcesFiltering - skip non existing resourceDirectory C:\Users\ASUS\OneDrive\Desktop\Sprint\connect-sphere\post-service\src\test\resources
2026-04-19 08:27:07,812 [Worker-16: Building] INFO  o.a.m.s.f.DefaultMavenResourcesFiltering - Copying 2 resources from src\main\resources to target\classes
2026-04-19 08:27:07,823 [Worker-16: Building] INFO  o.a.m.s.f.DefaultMavenResourcesFiltering - Copying 0 resource from src\main\resources to target\classes
2026-04-19 08:27:07,826 [Worker-16: Building] INFO  o.a.m.s.f.DefaultMavenResourcesFiltering - skip non existing resourceDirectory C:\Users\ASUS\OneDrive\Desktop\Sprint\connect-sphere\post-service\src\test\resources
2026-04-19 08:27:17,159 [Worker-20: Building] INFO  o.a.m.s.f.DefaultMavenResourcesFiltering - Copying 2 resources from src\main\resources to target\classes
2026-04-19 08:27:17,169 [Worker-20: Building] INFO  o.a.m.s.f.DefaultMavenResourcesFiltering - Copying 0 resource from src\main\resources to target\classes
2026-04-19 08:27:17,173 [Worker-20: Building] INFO  o.a.m.s.f.DefaultMavenResourcesFiltering - skip non existing resourceDirectory C:\Users\ASUS\OneDrive\Desktop\Sprint\connect-sphere\post-service\src\test\resources
2026-04-19 08:27:24,165 [Worker-19: Building] INFO  o.a.m.s.f.DefaultMavenResourcesFiltering - Copying 2 resources from src\main\resources to target\classes
2026-04-19 08:27:24,177 [Worker-19: Building] INFO  o.a.m.s.f.DefaultMavenResourcesFiltering - Copying 0 resource from src\main\resources to target\classes
2026-04-19 08:27:24,181 [Worker-19: Building] INFO  o.a.m.s.f.DefaultMavenResourcesFiltering - skip non existing resourceDirectory C:\Users\ASUS\OneDrive\Desktop\Sprint\connect-sphere\post-service\src\test\resources
2026-04-19 08:27:35,922 [Worker-16: Building] INFO  o.a.m.s.f.DefaultMavenResourcesFiltering - Copying 2 resources from src\main\resources to target\classes
2026-04-19 08:27:35,931 [Worker-16: Building] INFO  o.a.m.s.f.DefaultMavenResourcesFiltering - Copying 0 resource from src\main\resources to target\classes
2026-04-19 08:27:35,934 [Worker-16: Building] INFO  o.a.m.s.f.DefaultMavenResourcesFiltering - skip non existing resourceDirectory C:\Users\ASUS\OneDrive\Desktop\Sprint\connect-sphere\post-service\src\test\resources
2026-04-19 08:28:54,073 [Worker-20: Building] INFO  o.a.m.s.f.DefaultMavenResourcesFiltering - Copying 2 resources from src\main\resources to target\classes
2026-04-19 08:28:54,087 [Worker-20: Building] INFO  o.a.m.s.f.DefaultMavenResourcesFiltering - Copying 0 resource from src\main\resources to target\classes
2026-04-19 08:28:54,094 [Worker-20: Building] INFO  o.a.m.s.f.DefaultMavenResourcesFiltering - skip non existing resourceDirectory C:\Users\ASUS\OneDrive\Desktop\Sprint\connect-sphere\post-service\src\test\resources
2026-04-19 08:29:05,596 [Worker-20: Building] INFO  o.a.m.s.f.DefaultMavenResourcesFiltering - Copying 2 resources from src\main\resources to target\classes
2026-04-19 08:29:05,631 [Worker-20: Building] INFO  o.a.m.s.f.DefaultMavenResourcesFiltering - Copying 0 resource from src\main\resources to target\classes
2026-04-19 08:29:05,635 [Worker-20: Building] INFO  o.a.m.s.f.DefaultMavenResourcesFiltering - skip non existing resourceDirectory C:\Users\ASUS\OneDrive\Desktop\Sprint\connect-sphere\post-service\src\test\resources
2026-04-19 08:29:14,640 [Worker-22: Building] INFO  o.a.m.s.f.DefaultMavenResourcesFiltering - Copying 2 resources from src\main\resources to target\classes
2026-04-19 08:29:14,666 [Worker-22: Building] INFO  o.a.m.s.f.DefaultMavenResourcesFiltering - Copying 0 resource from src\main\resources to target\classes
2026-04-19 08:29:14,669 [Worker-22: Building] INFO  o.a.m.s.f.DefaultMavenResourcesFiltering - skip non existing resourceDirectory C:\Users\ASUS\OneDrive\Desktop\Sprint\connect-sphere\post-service\src\test\resources
2026-04-19 08:29:23,296 [Worker-21: Building] INFO  o.a.m.s.f.DefaultMavenResourcesFiltering - Copying 2 resources from src\main\resources to target\classes
2026-04-19 08:29:23,305 [Worker-21: Building] INFO  o.a.m.s.f.DefaultMavenResourcesFiltering - Copying 0 resource from src\main\resources to target\classes
2026-04-19 08:29:23,308 [Worker-21: Building] INFO  o.a.m.s.f.DefaultMavenResourcesFiltering - skip non existing resourceDirectory C:\Users\ASUS\OneDrive\Desktop\Sprint\connect-sphere\post-service\src\test\resources
2026-04-19 08:29:32,392 [Worker-18: Building] INFO  o.a.m.s.f.DefaultMavenResourcesFiltering - Copying 2 resources from src\main\resources to target\classes
2026-04-19 08:29:32,402 [Worker-18: Building] INFO  o.a.m.s.f.DefaultMavenResourcesFiltering - Copying 0 resource from src\main\resources to target\classes
2026-04-19 08:29:32,405 [Worker-18: Building] INFO  o.a.m.s.f.DefaultMavenResourcesFiltering - skip non existing resourceDirectory C:\Users\ASUS\OneDrive\Desktop\Sprint\connect-sphere\post-service\src\test\resources
2026-04-19 08:29:46,021 [Worker-18: Building] INFO  o.a.m.s.f.DefaultMavenResourcesFiltering - Copying 2 resources from src\main\resources to target\classes
2026-04-19 08:29:46,037 [Worker-18: Building] INFO  o.a.m.s.f.DefaultMavenResourcesFiltering - Copying 0 resource from src\main\resources to target\classes
2026-04-19 08:29:46,093 [Worker-18: Building] INFO  o.a.m.s.f.DefaultMavenResourcesFiltering - skip non existing resourceDirectory C:\Users\ASUS\OneDrive\Desktop\Sprint\connect-sphere\post-service\src\test\resources
2026-04-19 08:31:02,035 [Worker-22: Building] INFO  o.a.m.s.f.DefaultMavenResourcesFiltering - Copying 2 resources from src\main\resources to target\classes
2026-04-19 08:31:02,053 [Worker-22: Building] INFO  o.a.m.s.f.DefaultMavenResourcesFiltering - Copying 0 resource from src\main\resources to target\classes
2026-04-19 08:31:02,056 [Worker-22: Building] INFO  o.a.m.s.f.DefaultMavenResourcesFiltering - skip non existing resourceDirectory C:\Users\ASUS\OneDrive\Desktop\Sprint\connect-sphere\post-service\src\test\resources
2026-04-19 08:31:13,911 [Worker-18: Building] INFO  o.a.m.s.f.DefaultMavenResourcesFiltering - Copying 0 resource from src\main\resources to target\classes
2026-04-19 08:31:13,912 [Worker-18: Building] INFO  o.a.m.s.f.DefaultMavenResourcesFiltering - Copying 0 resource from src\main\resources to target\classes
2026-04-19 08:31:13,914 [Worker-18: Building] INFO  o.a.m.s.f.DefaultMavenResourcesFiltering - skip non existing resourceDirectory C:\Users\ASUS\OneDrive\Desktop\Sprint\connect-sphere\post-service\src\test\resources
2026-04-19 08:31:42,395 [Worker-18: Building] INFO  o.a.m.s.f.DefaultMavenResourcesFiltering - Copying 0 resource from src\main\resources to target\classes
2026-04-19 08:31:42,396 [Worker-18: Building] INFO  o.a.m.s.f.DefaultMavenResourcesFiltering - Copying 0 resource from src\main\resources to target\classes
2026-04-19 08:31:42,400 [Worker-18: Building] INFO  o.a.m.s.f.DefaultMavenResourcesFiltering - skip non existing resourceDirectory C:\Users\ASUS\OneDrive\Desktop\Sprint\connect-sphere\post-service\src\test\resources
2026-04-19 08:32:50,728 [Worker-22: Building] INFO  o.a.m.s.f.DefaultMavenResourcesFiltering - Copying 0 resource from src\main\resources to target\classes
2026-04-19 08:32:50,729 [Worker-22: Building] INFO  o.a.m.s.f.DefaultMavenResourcesFiltering - Copying 0 resource from src\main\resources to target\classes
2026-04-19 08:32:50,731 [Worker-22: Building] INFO  o.a.m.s.f.DefaultMavenResourcesFiltering - skip non existing resourceDirectory C:\Users\ASUS\OneDrive\Desktop\Sprint\connect-sphere\post-service\src\test\resources
2026-04-19 08:35:15,484 [Worker-23: Import Getting Started Content] INFO  o.e.m.c.i.l.LifecycleMappingFactory - Using org.eclipse.m2e.jdt.JarLifecycleMapping lifecycle mapping for MavenProject: com.connectsphere.comment:comment-service:0.0.1-SNAPSHOT @ C:\Users\ASUS\OneDrive\Desktop\Sprint\connect-sphere\comment-service\pom.xml.
2026-04-19 08:35:16,055 [Worker-23: Import Getting Started Content] INFO  o.e.m.j.i.AbstractJavaProjectConfigurator - Adding source folder /comment-service/src/main/java
2026-04-19 08:35:16,056 [Worker-23: Import Getting Started Content] INFO  o.e.m.j.i.AbstractJavaProjectConfigurator - Adding resource folder /comment-service/src/main/resources
2026-04-19 08:35:16,059 [Worker-23: Import Getting Started Content] INFO  o.e.m.j.i.AbstractJavaProjectConfigurator - Adding resource folder /comment-service/src/main/resources
2026-04-19 08:35:16,063 [Worker-23: Import Getting Started Content] INFO  o.e.m.j.i.AbstractJavaProjectConfigurator - Adding source folder /comment-service/src/test/java
2026-04-19 08:35:16,064 [Worker-23: Import Getting Started Content] INFO  o.e.m.j.i.AbstractJavaProjectConfigurator - Adding resource folder /comment-service/src/test/resources
2026-04-19 08:35:16,381 [Worker-23: Import Getting Started Content] INFO  o.e.m.c.i.p.ProjectConfigurationManager - Imported and configured 1 project(s) in 7 sec
2026-04-19 08:35:16,383 [Worker-23: Import Getting Started Content] INFO  o.e.m.c.i.p.ProjectConfigurationManager - Update started
2026-04-19 08:35:16,743 [Worker-23: Import Getting Started Content] INFO  o.e.m.c.i.l.LifecycleMappingFactory - Using org.eclipse.m2e.jdt.JarLifecycleMapping lifecycle mapping for MavenProject: com.connectsphere.comment:comment-service:0.0.1-SNAPSHOT @ C:\Users\ASUS\OneDrive\Desktop\Sprint\connect-sphere\comment-service\pom.xml.
2026-04-19 08:35:17,228 [Worker-23: Import Getting Started Content] INFO  o.e.m.j.i.AbstractJavaProjectConfigurator - Adding source folder /comment-service/src/main/java
2026-04-19 08:35:17,231 [Worker-23: Import Getting Started Content] INFO  o.e.m.j.i.AbstractJavaProjectConfigurator - Adding resource folder /comment-service/src/main/resources
2026-04-19 08:35:17,259 [Worker-23: Import Getting Started Content] INFO  o.e.m.j.i.AbstractJavaProjectConfigurator - Adding resource folder /comment-service/src/main/resources
2026-04-19 08:35:17,267 [Worker-23: Import Getting Started Content] INFO  o.e.m.j.i.AbstractJavaProjectConfigurator - Adding source folder /comment-service/src/test/java
2026-04-19 08:35:17,273 [Worker-23: Import Getting Started Content] INFO  o.e.m.j.i.AbstractJavaProjectConfigurator - Adding resource folder /comment-service/src/test/resources
2026-04-19 08:35:17,628 [Worker-23: Import Getting Started Content] INFO  o.e.m.c.i.p.ProjectConfigurationManager - Update completed for 1 poms: local refresh takes 0.00 sec, refresh facades takes 0.00 sec, update config takes 0.00 sec 
2026-04-19 08:35:18,075 [Worker-23: Building] INFO  o.a.m.s.f.DefaultMavenResourcesFiltering - Copying 1 resource from src\main\resources to target\classes
2026-04-19 08:35:18,162 [Worker-23: Building] INFO  o.a.m.s.f.DefaultMavenResourcesFiltering - Copying 0 resource from src\main\resources to target\classes
2026-04-19 08:35:18,169 [Worker-23: Building] INFO  o.a.m.s.f.DefaultMavenResourcesFiltering - skip non existing resourceDirectory C:\Users\ASUS\OneDrive\Desktop\Sprint\connect-sphere\comment-service\src\test\resources
2026-04-19 08:35:25,993 [Worker-26: Building] INFO  o.e.m.c.i.l.LifecycleMappingFactory - Using org.eclipse.m2e.jdt.JarLifecycleMapping lifecycle mapping for MavenProject: com.connectsphere:comment-service:1.0.0 @ C:\Users\ASUS\OneDrive\Desktop\Sprint\connect-sphere\comment-service\pom.xml.
2026-04-19 08:35:26,662 [Worker-26: Building] INFO  o.a.m.s.f.DefaultMavenResourcesFiltering - Copying 0 resource from src\main\resources to target\classes
2026-04-19 08:35:26,666 [Worker-26: Building] INFO  o.a.m.s.f.DefaultMavenResourcesFiltering - Copying 0 resource from src\main\resources to target\classes
2026-04-19 08:35:26,676 [Worker-26: Building] INFO  o.a.m.s.f.DefaultMavenResourcesFiltering - skip non existing resourceDirectory C:\Users\ASUS\OneDrive\Desktop\Sprint\connect-sphere\comment-service\src\test\resources
2026-04-19 08:35:27,141 [Worker-18: Updating Maven Project] INFO  o.e.m.c.i.p.ProjectConfigurationManager - Update started
2026-04-19 08:35:27,574 [Worker-18: Updating Maven Project] INFO  o.e.m.c.i.l.LifecycleMappingFactory - Using org.eclipse.m2e.jdt.JarLifecycleMapping lifecycle mapping for MavenProject: com.connectsphere:comment-service:1.0.0 @ C:\Users\ASUS\OneDrive\Desktop\Sprint\connect-sphere\comment-service\pom.xml.
2026-04-19 08:35:28,449 [Worker-18: Updating Maven Project] INFO  o.e.m.j.i.AbstractJavaProjectConfigurator - Adding source folder /comment-service/src/main/java
2026-04-19 08:35:28,450 [Worker-18: Updating Maven Project] INFO  o.e.m.j.i.AbstractJavaProjectConfigurator - Adding resource folder /comment-service/src/main/resources
2026-04-19 08:35:28,452 [Worker-18: Updating Maven Project] INFO  o.e.m.j.i.AbstractJavaProjectConfigurator - Adding resource folder /comment-service/src/main/resources
2026-04-19 08:35:28,452 [Worker-18: Updating Maven Project] INFO  o.e.m.j.i.AbstractJavaProjectConfigurator - Adding source folder /comment-service/src/test/java
2026-04-19 08:35:28,453 [Worker-18: Updating Maven Project] INFO  o.e.m.j.i.AbstractJavaProjectConfigurator - Adding resource folder /comment-service/src/test/resources
2026-04-19 08:35:30,944 [Worker-18: Updating Maven Project] INFO  o.e.m.c.i.p.ProjectConfigurationManager - Update completed for 1 poms: local refresh takes 0.00 sec, refresh facades takes 1.00 sec, update config takes 1.00 sec 
2026-04-19 08:35:34,433 [Worker-23: Building] INFO  o.a.m.s.f.DefaultMavenResourcesFiltering - Copying 1 resource from src\main\resources to target\classes
2026-04-19 08:35:34,449 [Worker-23: Building] INFO  o.a.m.s.f.DefaultMavenResourcesFiltering - Copying 0 resource from src\main\resources to target\classes
2026-04-19 08:35:34,461 [Worker-23: Building] INFO  o.a.m.s.f.DefaultMavenResourcesFiltering - skip non existing resourceDirectory C:\Users\ASUS\OneDrive\Desktop\Sprint\connect-sphere\comment-service\src\test\resources
2026-04-19 08:35:48,258 [Worker-23: Building] INFO  o.a.m.s.f.DefaultMavenResourcesFiltering - Copying 1 resource from src\main\resources to target\classes
2026-04-19 08:35:48,259 [Worker-23: Building] INFO  o.a.m.s.f.DefaultMavenResourcesFiltering - Copying 0 resource from src\main\resources to target\classes
2026-04-19 08:35:48,261 [Worker-23: Building] INFO  o.a.m.s.f.DefaultMavenResourcesFiltering - skip non existing resourceDirectory C:\Users\ASUS\OneDrive\Desktop\Sprint\connect-sphere\comment-service\src\test\resources
2026-04-19 08:35:54,181 [Worker-18: Building] INFO  o.a.m.s.f.DefaultMavenResourcesFiltering - Copying 0 resource from src\main\resources to target\classes
2026-04-19 08:35:54,181 [Worker-18: Building] INFO  o.a.m.s.f.DefaultMavenResourcesFiltering - Copying 0 resource from src\main\resources to target\classes
2026-04-19 08:35:54,184 [Worker-18: Building] INFO  o.a.m.s.f.DefaultMavenResourcesFiltering - skip non existing resourceDirectory C:\Users\ASUS\OneDrive\Desktop\Sprint\connect-sphere\comment-service\src\test\resources
2026-04-19 08:35:56,929 [Worker-24: Building] INFO  o.a.m.s.f.DefaultMavenResourcesFiltering - Copying 1 resource from src\main\resources to target\classes
2026-04-19 08:35:56,935 [Worker-24: Building] INFO  o.a.m.s.f.DefaultMavenResourcesFiltering - Copying 0 resource from src\main\resources to target\classes
2026-04-19 08:35:56,939 [Worker-24: Building] INFO  o.a.m.s.f.DefaultMavenResourcesFiltering - skip non existing resourceDirectory C:\Users\ASUS\OneDrive\Desktop\Sprint\connect-sphere\comment-service\src\test\resources
2026-04-19 08:38:39,350 [Worker-27: Building] INFO  o.a.m.s.f.DefaultMavenResourcesFiltering - Copying 1 resource from src\main\resources to target\classes
2026-04-19 08:38:39,355 [Worker-27: Building] INFO  o.a.m.s.f.DefaultMavenResourcesFiltering - Copying 0 resource from src\main\resources to target\classes
2026-04-19 08:38:39,358 [Worker-27: Building] INFO  o.a.m.s.f.DefaultMavenResourcesFiltering - skip non existing resourceDirectory C:\Users\ASUS\OneDrive\Desktop\Sprint\connect-sphere\comment-service\src\test\resources
2026-04-19 08:38:48,299 [Worker-28: Building] INFO  o.a.m.s.f.DefaultMavenResourcesFiltering - Copying 1 resource from src\main\resources to target\classes
2026-04-19 08:38:48,330 [Worker-28: Building] INFO  o.a.m.s.f.DefaultMavenResourcesFiltering - Copying 0 resource from src\main\resources to target\classes
2026-04-19 08:38:48,336 [Worker-28: Building] INFO  o.a.m.s.f.DefaultMavenResourcesFiltering - skip non existing resourceDirectory C:\Users\ASUS\OneDrive\Desktop\Sprint\connect-sphere\comment-service\src\test\resources
2026-04-19 08:38:57,506 [Worker-28: Building] INFO  o.a.m.s.f.DefaultMavenResourcesFiltering - Copying 1 resource from src\main\resources to target\classes
2026-04-19 08:38:57,512 [Worker-28: Building] INFO  o.a.m.s.f.DefaultMavenResourcesFiltering - Copying 0 resource from src\main\resources to target\classes
2026-04-19 08:38:57,515 [Worker-28: Building] INFO  o.a.m.s.f.DefaultMavenResourcesFiltering - skip non existing resourceDirectory C:\Users\ASUS\OneDrive\Desktop\Sprint\connect-sphere\comment-service\src\test\resources
2026-04-19 08:39:04,586 [Worker-28: Building] INFO  o.a.m.s.f.DefaultMavenResourcesFiltering - Copying 1 resource from src\main\resources to target\classes
2026-04-19 08:39:04,590 [Worker-28: Building] INFO  o.a.m.s.f.DefaultMavenResourcesFiltering - Copying 0 resource from src\main\resources to target\classes
2026-04-19 08:39:04,593 [Worker-28: Building] INFO  o.a.m.s.f.DefaultMavenResourcesFiltering - skip non existing resourceDirectory C:\Users\ASUS\OneDrive\Desktop\Sprint\connect-sphere\comment-service\src\test\resources
2026-04-19 08:39:10,220 [Worker-29: Building] INFO  o.a.m.s.f.DefaultMavenResourcesFiltering - Copying 1 resource from src\main\resources to target\classes
2026-04-19 08:39:10,224 [Worker-29: Building] INFO  o.a.m.s.f.DefaultMavenResourcesFiltering - Copying 0 resource from src\main\resources to target\classes
2026-04-19 08:39:10,226 [Worker-29: Building] INFO  o.a.m.s.f.DefaultMavenResourcesFiltering - skip non existing resourceDirectory C:\Users\ASUS\OneDrive\Desktop\Sprint\connect-sphere\comment-service\src\test\resources
2026-04-19 08:39:15,567 [Worker-28: Building] INFO  o.a.m.s.f.DefaultMavenResourcesFiltering - Copying 1 resource from src\main\resources to target\classes
2026-04-19 08:39:15,571 [Worker-28: Building] INFO  o.a.m.s.f.DefaultMavenResourcesFiltering - Copying 0 resource from src\main\resources to target\classes
2026-04-19 08:39:15,573 [Worker-28: Building] INFO  o.a.m.s.f.DefaultMavenResourcesFiltering - skip non existing resourceDirectory C:\Users\ASUS\OneDrive\Desktop\Sprint\connect-sphere\comment-service\src\test\resources
2026-04-19 08:39:21,801 [Worker-30: Building] INFO  o.a.m.s.f.DefaultMavenResourcesFiltering - Copying 1 resource from src\main\resources to target\classes
2026-04-19 08:39:21,806 [Worker-30: Building] INFO  o.a.m.s.f.DefaultMavenResourcesFiltering - Copying 0 resource from src\main\resources to target\classes
2026-04-19 08:39:21,809 [Worker-30: Building] INFO  o.a.m.s.f.DefaultMavenResourcesFiltering - skip non existing resourceDirectory C:\Users\ASUS\OneDrive\Desktop\Sprint\connect-sphere\comment-service\src\test\resources
2026-04-19 08:39:26,592 [Worker-30: Building] INFO  o.a.m.s.f.DefaultMavenResourcesFiltering - Copying 1 resource from src\main\resources to target\classes
2026-04-19 08:39:26,597 [Worker-30: Building] INFO  o.a.m.s.f.DefaultMavenResourcesFiltering - Copying 0 resource from src\main\resources to target\classes
2026-04-19 08:39:26,599 [Worker-30: Building] INFO  o.a.m.s.f.DefaultMavenResourcesFiltering - skip non existing resourceDirectory C:\Users\ASUS\OneDrive\Desktop\Sprint\connect-sphere\comment-service\src\test\resources
2026-04-19 08:39:31,188 [Worker-30: Building] INFO  o.a.m.s.f.DefaultMavenResourcesFiltering - Copying 1 resource from src\main\resources to target\classes
2026-04-19 08:39:31,192 [Worker-30: Building] INFO  o.a.m.s.f.DefaultMavenResourcesFiltering - Copying 0 resource from src\main\resources to target\classes
2026-04-19 08:39:31,195 [Worker-30: Building] INFO  o.a.m.s.f.DefaultMavenResourcesFiltering - skip non existing resourceDirectory C:\Users\ASUS\OneDrive\Desktop\Sprint\connect-sphere\comment-service\src\test\resources
2026-04-19 08:39:37,352 [Worker-29: Building] INFO  o.a.m.s.f.DefaultMavenResourcesFiltering - Copying 1 resource from src\main\resources to target\classes
2026-04-19 08:39:37,356 [Worker-29: Building] INFO  o.a.m.s.f.DefaultMavenResourcesFiltering - Copying 0 resource from src\main\resources to target\classes
2026-04-19 08:39:37,359 [Worker-29: Building] INFO  o.a.m.s.f.DefaultMavenResourcesFiltering - skip non existing resourceDirectory C:\Users\ASUS\OneDrive\Desktop\Sprint\connect-sphere\comment-service\src\test\resources
2026-04-19 08:39:43,212 [Worker-32: Building] INFO  o.a.m.s.f.DefaultMavenResourcesFiltering - Copying 1 resource from src\main\resources to target\classes
2026-04-19 08:39:43,217 [Worker-32: Building] INFO  o.a.m.s.f.DefaultMavenResourcesFiltering - Copying 0 resource from src\main\resources to target\classes
2026-04-19 08:39:43,221 [Worker-32: Building] INFO  o.a.m.s.f.DefaultMavenResourcesFiltering - skip non existing resourceDirectory C:\Users\ASUS\OneDrive\Desktop\Sprint\connect-sphere\comment-service\src\test\resources
2026-04-19 08:39:49,690 [Worker-30: Building] INFO  o.a.m.s.f.DefaultMavenResourcesFiltering - Copying 1 resource from src\main\resources to target\classes
2026-04-19 08:39:49,696 [Worker-30: Building] INFO  o.a.m.s.f.DefaultMavenResourcesFiltering - Copying 0 resource from src\main\resources to target\classes
2026-04-19 08:39:49,700 [Worker-30: Building] INFO  o.a.m.s.f.DefaultMavenResourcesFiltering - skip non existing resourceDirectory C:\Users\ASUS\OneDrive\Desktop\Sprint\connect-sphere\comment-service\src\test\resources
2026-04-19 08:39:59,335 [Worker-30: Building] INFO  o.a.m.s.f.DefaultMavenResourcesFiltering - Copying 1 resource from src\main\resources to target\classes
2026-04-19 08:39:59,342 [Worker-30: Building] INFO  o.a.m.s.f.DefaultMavenResourcesFiltering - Copying 0 resource from src\main\resources to target\classes
2026-04-19 08:39:59,344 [Worker-30: Building] INFO  o.a.m.s.f.DefaultMavenResourcesFiltering - skip non existing resourceDirectory C:\Users\ASUS\OneDrive\Desktop\Sprint\connect-sphere\comment-service\src\test\resources
2026-04-19 08:40:04,581 [Worker-32: Building] INFO  o.a.m.s.f.DefaultMavenResourcesFiltering - Copying 1 resource from src\main\resources to target\classes
2026-04-19 08:40:04,589 [Worker-32: Building] INFO  o.a.m.s.f.DefaultMavenResourcesFiltering - Copying 0 resource from src\main\resources to target\classes
2026-04-19 08:40:04,592 [Worker-32: Building] INFO  o.a.m.s.f.DefaultMavenResourcesFiltering - skip non existing resourceDirectory C:\Users\ASUS\OneDrive\Desktop\Sprint\connect-sphere\comment-service\src\test\resources
2026-04-19 08:40:12,996 [Worker-29: Building] INFO  o.a.m.s.f.DefaultMavenResourcesFiltering - Copying 1 resource from src\main\resources to target\classes
2026-04-19 08:40:13,004 [Worker-29: Building] INFO  o.a.m.s.f.DefaultMavenResourcesFiltering - Copying 0 resource from src\main\resources to target\classes
2026-04-19 08:40:13,006 [Worker-29: Building] INFO  o.a.m.s.f.DefaultMavenResourcesFiltering - skip non existing resourceDirectory C:\Users\ASUS\OneDrive\Desktop\Sprint\connect-sphere\comment-service\src\test\resources
2026-04-19 08:40:36,424 [Worker-25: Building] INFO  o.a.m.s.f.DefaultMavenResourcesFiltering - Copying 1 resource from src\main\resources to target\classes
2026-04-19 08:40:36,429 [Worker-25: Building] INFO  o.a.m.s.f.DefaultMavenResourcesFiltering - Copying 0 resource from src\main\resources to target\classes
2026-04-19 08:40:36,433 [Worker-25: Building] INFO  o.a.m.s.f.DefaultMavenResourcesFiltering - skip non existing resourceDirectory C:\Users\ASUS\OneDrive\Desktop\Sprint\connect-sphere\comment-service\src\test\resources
2026-04-19 08:41:38,976 [Worker-27: Building] INFO  o.a.m.s.f.DefaultMavenResourcesFiltering - Copying 0 resource from src\main\resources to target\classes
2026-04-19 08:41:38,977 [Worker-27: Building] INFO  o.a.m.s.f.DefaultMavenResourcesFiltering - Copying 0 resource from src\main\resources to target\classes
2026-04-19 08:41:38,980 [Worker-27: Building] INFO  o.a.m.s.f.DefaultMavenResourcesFiltering - skip non existing resourceDirectory C:\Users\ASUS\OneDrive\Desktop\Sprint\connect-sphere\comment-service\src\test\resources
2026-04-19 08:42:13,025 [Worker-31: Building] INFO  o.a.m.s.f.DefaultMavenResourcesFiltering - Copying 1 resource from src\main\resources to target\classes
2026-04-19 08:42:13,030 [Worker-31: Building] INFO  o.a.m.s.f.DefaultMavenResourcesFiltering - Copying 0 resource from src\main\resources to target\classes
2026-04-19 08:42:13,032 [Worker-31: Building] INFO  o.a.m.s.f.DefaultMavenResourcesFiltering - skip non existing resourceDirectory C:\Users\ASUS\OneDrive\Desktop\Sprint\connect-sphere\comment-service\src\test\resources
2026-04-19 09:55:44,513 [Worker-34: Building] INFO  o.a.m.s.f.DefaultMavenResourcesFiltering - Copying 1 resource from src\main\resources to target\classes
2026-04-19 09:55:44,545 [Worker-34: Building] INFO  o.a.m.s.f.DefaultMavenResourcesFiltering - Copying 0 resource from src\main\resources to target\classes
2026-04-19 09:55:44,549 [Worker-34: Building] INFO  o.a.m.s.f.DefaultMavenResourcesFiltering - skip non existing resourceDirectory C:\Users\ASUS\OneDrive\Desktop\Sprint\connect-sphere\auth-service\src\test\resources
2026-04-19 09:56:00,115 [Worker-34: Building] INFO  o.a.m.s.f.DefaultMavenResourcesFiltering - Copying 1 resource from src\main\resources to target\classes
2026-04-19 09:56:00,125 [Worker-34: Building] INFO  o.a.m.s.f.DefaultMavenResourcesFiltering - Copying 0 resource from src\main\resources to target\classes
2026-04-19 09:56:00,127 [Worker-34: Building] INFO  o.a.m.s.f.DefaultMavenResourcesFiltering - skip non existing resourceDirectory C:\Users\ASUS\OneDrive\Desktop\Sprint\connect-sphere\auth-service\src\test\resources
2026-04-19 09:56:23,154 [Worker-39: Building] INFO  o.a.m.s.f.DefaultMavenResourcesFiltering - Copying 1 resource from src\main\resources to target\classes
2026-04-19 09:56:23,169 [Worker-39: Building] INFO  o.a.m.s.f.DefaultMavenResourcesFiltering - Copying 0 resource from src\main\resources to target\classes
2026-04-19 09:56:23,173 [Worker-39: Building] INFO  o.a.m.s.f.DefaultMavenResourcesFiltering - skip non existing resourceDirectory C:\Users\ASUS\OneDrive\Desktop\Sprint\connect-sphere\auth-service\src\test\resources
2026-04-19 09:56:39,140 [Worker-34: Building] INFO  o.a.m.s.f.DefaultMavenResourcesFiltering - Copying 1 resource from src\main\resources to target\classes
2026-04-19 09:56:39,151 [Worker-34: Building] INFO  o.a.m.s.f.DefaultMavenResourcesFiltering - Copying 0 resource from src\main\resources to target\classes
2026-04-19 09:56:39,153 [Worker-34: Building] INFO  o.a.m.s.f.DefaultMavenResourcesFiltering - skip non existing resourceDirectory C:\Users\ASUS\OneDrive\Desktop\Sprint\connect-sphere\auth-service\src\test\resources
2026-04-19 10:01:15,016 [Worker-39: Building] INFO  o.a.m.s.f.DefaultMavenResourcesFiltering - Copying 1 resource from src\main\resources to target\classes
2026-04-19 10:01:15,030 [Worker-39: Building] INFO  o.a.m.s.f.DefaultMavenResourcesFiltering - Copying 0 resource from src\main\resources to target\classes
2026-04-19 10:01:15,033 [Worker-39: Building] INFO  o.a.m.s.f.DefaultMavenResourcesFiltering - skip non existing resourceDirectory C:\Users\ASUS\OneDrive\Desktop\Sprint\connect-sphere\auth-service\src\test\resources
2026-04-19 10:02:15,373 [Worker-39: Building] INFO  o.a.m.s.f.DefaultMavenResourcesFiltering - Copying 1 resource from src\main\resources to target\classes
2026-04-19 10:02:15,389 [Worker-39: Building] INFO  o.a.m.s.f.DefaultMavenResourcesFiltering - Copying 0 resource from src\main\resources to target\classes
2026-04-19 10:02:15,394 [Worker-39: Building] INFO  o.a.m.s.f.DefaultMavenResourcesFiltering - skip non existing resourceDirectory C:\Users\ASUS\OneDrive\Desktop\Sprint\connect-sphere\auth-service\src\test\resources
2026-04-19 10:03:41,972 [Worker-41: Building] INFO  o.a.m.s.f.DefaultMavenResourcesFiltering - Copying 1 resource from src\main\resources to target\classes
2026-04-19 10:03:42,887 [Worker-41: Building] INFO  o.a.m.s.f.DefaultMavenResourcesFiltering - Copying 0 resource from src\main\resources to target\classes
2026-04-19 10:03:43,015 [Worker-41: Building] INFO  o.a.m.s.f.DefaultMavenResourcesFiltering - skip non existing resourceDirectory C:\Users\ASUS\OneDrive\Desktop\Sprint\connect-sphere\api-gateway\src\test\resources
2026-04-19 10:03:43,729 [Worker-41: Building] INFO  o.a.m.s.f.DefaultMavenResourcesFiltering - Copying 0 resource from src\main\resources to target\classes
2026-04-19 10:03:43,732 [Worker-41: Building] INFO  o.a.m.s.f.DefaultMavenResourcesFiltering - Copying 0 resource from src\main\resources to target\classes
2026-04-19 10:03:43,736 [Worker-41: Building] INFO  o.a.m.s.f.DefaultMavenResourcesFiltering - skip non existing resourceDirectory C:\Users\ASUS\OneDrive\Desktop\Sprint\connect-sphere\auth-service\src\test\resources
2026-04-19 10:14:45,903 [Worker-45: Building] INFO  o.a.m.s.f.DefaultMavenResourcesFiltering - Copying 1 resource from src\main\resources to target\classes
2026-04-19 10:14:45,916 [Worker-45: Building] INFO  o.a.m.s.f.DefaultMavenResourcesFiltering - Copying 0 resource from src\main\resources to target\classes
2026-04-19 10:14:45,920 [Worker-45: Building] INFO  o.a.m.s.f.DefaultMavenResourcesFiltering - skip non existing resourceDirectory C:\Users\ASUS\OneDrive\Desktop\Sprint\connect-sphere\auth-service\src\test\resources
2026-04-19 13:56:21,042 [Worker-7: Loading available Gradle versions] INFO  o.e.b.c.i.u.g.PublishedGradleVersions - Gradle version information cache is up-to-date. Trying to read.
2026-04-19 13:56:27,711 [Worker-15: Building] INFO  o.a.m.s.f.DefaultMavenResourcesFiltering - Copying 1 resource from src\main\resources to target\classes
2026-04-19 13:56:27,772 [Worker-15: Building] INFO  o.a.m.s.f.DefaultMavenResourcesFiltering - Copying 0 resource from src\main\resources to target\classes
2026-04-19 13:56:27,779 [Worker-15: Building] INFO  o.a.m.s.f.DefaultMavenResourcesFiltering - skip non existing resourceDirectory C:\Users\ASUS\OneDrive\Desktop\Sprint\connectsphere-backend\auth-service\src\test\resources
2026-04-19 13:58:06,686 [Worker-0: Building] INFO  o.a.m.s.f.DefaultMavenResourcesFiltering - Copying 1 resource from src\main\resources to target\classes
2026-04-19 13:58:06,722 [Worker-0: Building] INFO  o.a.m.s.f.DefaultMavenResourcesFiltering - Copying 0 resource from src\main\resources to target\classes
2026-04-19 13:58:06,725 [Worker-0: Building] INFO  o.a.m.s.f.DefaultMavenResourcesFiltering - skip non existing resourceDirectory C:\Users\ASUS\OneDrive\Desktop\Sprint\connectsphere-backend\api-gateway\src\test\resources
2026-04-19 13:58:07,296 [Worker-0: Building] INFO  o.a.m.s.f.DefaultMavenResourcesFiltering - Copying 1 resource from src\main\resources to target\classes
2026-04-19 13:58:07,300 [Worker-0: Building] INFO  o.a.m.s.f.DefaultMavenResourcesFiltering - Copying 0 resource from src\main\resources to target\classes
2026-04-19 13:58:07,303 [Worker-0: Building] INFO  o.a.m.s.f.DefaultMavenResourcesFiltering - skip non existing resourceDirectory C:\Users\ASUS\OneDrive\Desktop\Sprint\connectsphere-backend\auth-service\src\test\resources
2026-04-19 13:58:07,407 [Worker-0: Building] INFO  o.a.m.s.f.DefaultMavenResourcesFiltering - Copying 1 resource from src\main\resources to target\classes
2026-04-19 13:58:07,411 [Worker-0: Building] INFO  o.a.m.s.f.DefaultMavenResourcesFiltering - Copying 8 resources from src\main\resources to target\classes
2026-04-19 13:58:07,428 [Worker-0: Building] INFO  o.a.m.s.f.DefaultMavenResourcesFiltering - skip non existing resourceDirectory C:\Users\ASUS\OneDrive\Desktop\Sprint\connectsphere-backend\config-server\src\test\resources
2026-04-19 13:58:07,523 [Worker-0: Building] INFO  o.a.m.s.f.DefaultMavenResourcesFiltering - Copying 1 resource from src\main\resources to target\classes
2026-04-19 13:58:07,525 [Worker-0: Building] INFO  o.a.m.s.f.DefaultMavenResourcesFiltering - Copying 0 resource from src\main\resources to target\classes
2026-04-19 13:58:07,527 [Worker-0: Building] INFO  o.a.m.s.f.DefaultMavenResourcesFiltering - skip non existing resourceDirectory C:\Users\ASUS\OneDrive\Desktop\Sprint\connectsphere-backend\eureka-server\src\test\resources
2026-04-19 13:58:07,956 [Worker-0: Building] INFO  o.a.m.s.f.DefaultMavenResourcesFiltering - Copying 1 resource from src\main\resources to target\classes
2026-04-19 13:58:07,958 [Worker-0: Building] INFO  o.a.m.s.f.DefaultMavenResourcesFiltering - Copying 0 resource from src\main\resources to target\classes
2026-04-19 13:58:07,960 [Worker-0: Building] INFO  o.a.m.s.f.DefaultMavenResourcesFiltering - skip non existing resourceDirectory C:\Users\ASUS\OneDrive\Desktop\Sprint\connectsphere-backend\post-service\src\test\resources
2026-04-19 14:57:29,140 [Worker-4: Importing Maven projects] INFO  o.e.m.c.i.l.LifecycleMappingFactory - Using org.eclipse.m2e.jdt.JarLifecycleMapping lifecycle mapping for MavenProject: com.connectsphere:comment-service:1.0.0 @ C:\Users\ASUS\OneDrive\Desktop\Sprint\connectsphere-backend\comment-service\pom.xml.
2026-04-19 14:57:29,883 [Worker-4: Importing Maven projects] INFO  o.e.m.j.i.AbstractJavaProjectConfigurator - Adding source folder /comment-service/src/main/java
2026-04-19 14:57:29,889 [Worker-4: Importing Maven projects] INFO  o.e.m.j.i.AbstractJavaProjectConfigurator - Adding resource folder /comment-service/src/main/resources
2026-04-19 14:57:29,892 [Worker-4: Importing Maven projects] INFO  o.e.m.j.i.AbstractJavaProjectConfigurator - Adding resource folder /comment-service/src/main/resources
2026-04-19 14:57:29,894 [Worker-4: Importing Maven projects] INFO  o.e.m.j.i.AbstractJavaProjectConfigurator - Adding source folder /comment-service/src/test/java
2026-04-19 14:57:29,896 [Worker-4: Importing Maven projects] INFO  o.e.m.j.i.AbstractJavaProjectConfigurator - Adding resource folder /comment-service/src/test/resources
2026-04-19 14:57:30,221 [Worker-4: Importing Maven projects] INFO  o.e.m.c.i.p.ProjectConfigurationManager - Imported and configured 1 project(s) in 2 sec
2026-04-19 14:57:31,662 [Worker-4: Building] INFO  o.a.m.s.f.DefaultMavenResourcesFiltering - Copying 1 resource from src\main\resources to target\classes
2026-04-19 14:57:31,725 [Worker-4: Building] INFO  o.a.m.s.f.DefaultMavenResourcesFiltering - Copying 0 resource from src\main\resources to target\classes
2026-04-19 14:57:31,731 [Worker-4: Building] INFO  o.a.m.s.f.DefaultMavenResourcesFiltering - skip non existing resourceDirectory C:\Users\ASUS\OneDrive\Desktop\Sprint\connectsphere-backend\comment-service\src\test\resources
2026-04-19 14:58:57,468 [Worker-18: Updating Maven Project] INFO  o.e.m.c.i.p.ProjectConfigurationManager - Update started
2026-04-19 14:58:57,763 [Worker-18: Updating Maven Project] INFO  o.e.m.c.i.l.LifecycleMappingFactory - Using org.eclipse.m2e.jdt.JarLifecycleMapping lifecycle mapping for MavenProject: com.connectsphere:comment-service:1.0.0 @ C:\Users\ASUS\OneDrive\Desktop\Sprint\connectsphere-backend\comment-service\pom.xml.
2026-04-19 14:58:58,654 [Worker-18: Updating Maven Project] INFO  o.e.m.j.i.AbstractJavaProjectConfigurator - Adding source folder /comment-service/src/main/java
2026-04-19 14:58:58,654 [Worker-18: Updating Maven Project] INFO  o.e.m.j.i.AbstractJavaProjectConfigurator - Adding resource folder /comment-service/src/main/resources
2026-04-19 14:58:58,655 [Worker-18: Updating Maven Project] INFO  o.e.m.j.i.AbstractJavaProjectConfigurator - Adding resource folder /comment-service/src/main/resources
2026-04-19 14:58:58,655 [Worker-18: Updating Maven Project] INFO  o.e.m.j.i.AbstractJavaProjectConfigurator - Adding source folder /comment-service/src/test/java
2026-04-19 14:58:58,656 [Worker-18: Updating Maven Project] INFO  o.e.m.j.i.AbstractJavaProjectConfigurator - Adding resource folder /comment-service/src/test/resources
2026-04-19 14:58:59,013 [Worker-18: Updating Maven Project] INFO  o.e.m.c.i.p.ProjectConfigurationManager - Update completed for 1 poms: local refresh takes 0.00 sec, refresh facades takes 1.00 sec, update config takes 0.00 sec 
2026-04-19 14:58:59,636 [Worker-5: Building] INFO  o.a.m.s.f.DefaultMavenResourcesFiltering - Copying 1 resource from src\main\resources to target\classes
2026-04-19 14:58:59,670 [Worker-5: Building] INFO  o.a.m.s.f.DefaultMavenResourcesFiltering - Copying 0 resource from src\main\resources to target\classes
2026-04-19 14:58:59,675 [Worker-5: Building] INFO  o.a.m.s.f.DefaultMavenResourcesFiltering - skip non existing resourceDirectory C:\Users\ASUS\OneDrive\Desktop\Sprint\connectsphere-backend\comment-service\src\test\resources
2026-04-19 20:50:52,510 [Worker-2: Loading available Gradle versions] INFO  o.e.b.c.i.u.g.PublishedGradleVersions - Gradle version information cache is up-to-date. Trying to read.
2026-04-19 20:51:52,156 [Worker-3: Building] INFO  o.e.m.c.i.l.LifecycleMappingFactory - Using org.eclipse.m2e.jdt.JarLifecycleMapping lifecycle mapping for MavenProject: com.connectsphere:comment-service:1.0.0 @ C:\Users\ASUS\OneDrive\Desktop\Sprint\connectsphere-backend\comment-service\pom.xml.
2026-04-19 20:52:06,173 [Worker-3: Building] INFO  o.a.m.s.f.DefaultMavenResourcesFiltering - Copying 1 resource from src\main\resources to target\classes
2026-04-19 20:52:06,887 [Worker-3: Building] INFO  o.a.m.s.f.DefaultMavenResourcesFiltering - Copying 0 resource from src\main\resources to target\classes
2026-04-19 20:52:06,910 [Worker-3: Building] INFO  o.a.m.s.f.DefaultMavenResourcesFiltering - skip non existing resourceDirectory C:\Users\ASUS\OneDrive\Desktop\Sprint\connectsphere-backend\comment-service\src\test\resources
2026-04-19 20:52:18,910 [Worker-4: Building] INFO  o.a.m.s.f.DefaultMavenResourcesFiltering - Copying 1 resource from src\main\resources to target\classes
2026-04-19 20:52:18,922 [Worker-4: Building] INFO  o.a.m.s.f.DefaultMavenResourcesFiltering - Copying 0 resource from src\main\resources to target\classes
2026-04-19 20:52:18,930 [Worker-4: Building] INFO  o.a.m.s.f.DefaultMavenResourcesFiltering - skip non existing resourceDirectory C:\Users\ASUS\OneDrive\Desktop\Sprint\connectsphere-backend\comment-service\src\test\resources
2026-04-19 21:02:11,123 [Worker-1: Loading available Gradle versions] INFO  o.e.b.c.i.u.g.PublishedGradleVersions - Gradle version information cache is up-to-date. Trying to read.
2026-04-19 21:03:25,882 [main] INFO  o.e.m.jdt.internal.UnitTestSupport - Updating CommentServiceImplTest from maven configuration
2026-04-19 21:03:28,535 [main] ERROR o.e.m.jdt.internal.UnitTestSupport - Cannot invoke "org.apache.maven.project.MavenProject.getProperties()" because "mavenProject" is null
java.lang.NullPointerException: Cannot invoke "org.apache.maven.project.MavenProject.getProperties()" because "mavenProject" is null
	at org.eclipse.m2e.jdt.internal.UnitTestSupport.resolveDeferredVariables(UnitTestSupport.java:442)
	at org.eclipse.m2e.jdt.internal.UnitTestSupport$ConfigurationManager.getTestLaunchArguments(UnitTestSupport.java:416)
	at org.eclipse.m2e.jdt.internal.UnitTestSupport$ConfigurationManager.getTestLaunchArguments(UnitTestSupport.java:327)
	at org.eclipse.m2e.jdt.internal.UnitTestSupport$ConfigurationManager.setupLaunchConfiguration(UnitTestSupport.java:251)
	at org.eclipse.m2e.jdt.internal.UnitTestSupport.setupLaunchConfigurationFromMavenConfiguration(UnitTestSupport.java:182)
	at org.eclipse.m2e.jdt.internal.launch.MavenLaunchConfigurationListener.launchConfigurationAdded(MavenLaunchConfigurationListener.java:47)
	at org.eclipse.debug.internal.core.LaunchManager$ConfigurationNotifier.run(LaunchManager.java:214)
	at org.eclipse.core.runtime.SafeRunner.run(SafeRunner.java:47)
	at org.eclipse.debug.internal.core.LaunchManager$ConfigurationNotifier.notify(LaunchManager.java:204)
	at org.eclipse.debug.internal.core.LaunchManager.launchConfigurationAdded(LaunchManager.java:1983)
	at org.eclipse.debug.internal.core.LaunchConfigurationWorkingCopy.writeNewFile(LaunchConfigurationWorkingCopy.java:378)
	at org.eclipse.debug.internal.core.LaunchConfigurationWorkingCopy.doSave0(LaunchConfigurationWorkingCopy.java:259)
	at org.eclipse.debug.internal.core.LaunchConfigurationWorkingCopy.doSave(LaunchConfigurationWorkingCopy.java:229)
	at org.eclipse.debug.internal.core.LaunchConfigurationWorkingCopy.doSave(LaunchConfigurationWorkingCopy.java:187)
	at org.eclipse.jdt.junit.launcher.JUnitLaunchShortcut.performLaunch(JUnitLaunchShortcut.java:240)
	at org.eclipse.jdt.junit.launcher.JUnitLaunchShortcut.launch(JUnitLaunchShortcut.java:206)
	at org.eclipse.jdt.junit.launcher.JUnitLaunchShortcut.launch(JUnitLaunchShortcut.java:129)
	at org.eclipse.debug.internal.ui.launchConfigurations.LaunchShortcutExtension.launch(LaunchShortcutExtension.java:412)
	at org.eclipse.debug.internal.ui.actions.LaunchShortcutAction.runInternal(LaunchShortcutAction.java:94)
	at org.eclipse.debug.internal.ui.actions.LaunchShortcutAction.runWithEvent(LaunchShortcutAction.java:146)
	at org.eclipse.jface.action.ActionContributionItem.handleWidgetSelection(ActionContributionItem.java:581)
	at org.eclipse.jface.action.ActionContributionItem.lambda$4(ActionContributionItem.java:415)
	at org.eclipse.swt.widgets.EventTable.sendEvent(EventTable.java:91)
	at org.eclipse.swt.widgets.Display.sendEvent(Display.java:4321)
	at org.eclipse.swt.widgets.Widget.sendEvent(Widget.java:1208)
	at org.eclipse.swt.widgets.Widget.sendEvent(Widget.java:1232)
	at org.eclipse.swt.widgets.Widget.sendEvent(Widget.java:1217)
	at org.eclipse.swt.widgets.Widget.notifyListeners(Widget.java:854)
	at org.eclipse.jface.action.ActionContributionItem.lambda$8(ActionContributionItem.java:1206)
	at org.eclipse.swt.widgets.EventTable.sendEvent(EventTable.java:91)
	at org.eclipse.swt.widgets.Display.sendEvent(Display.java:4321)
	at org.eclipse.swt.widgets.Widget.sendEvent(Widget.java:1208)
	at org.eclipse.swt.widgets.Display.runDeferredEvents(Display.java:4119)
	at org.eclipse.swt.widgets.Display.readAndDispatch(Display.java:3707)
	at org.eclipse.e4.ui.internal.workbench.swt.PartRenderingEngine$5.run(PartRenderingEngine.java:1151)
	at org.eclipse.core.databinding.observable.Realm.runWithDefault(Realm.java:339)
	at org.eclipse.e4.ui.internal.workbench.swt.PartRenderingEngine.run(PartRenderingEngine.java:1042)
	at org.eclipse.e4.ui.internal.workbench.E4Workbench.createAndRunUI(E4Workbench.java:153)
	at org.eclipse.ui.internal.Workbench.lambda$3(Workbench.java:668)
	at org.eclipse.core.databinding.observable.Realm.runWithDefault(Realm.java:339)
	at org.eclipse.ui.internal.Workbench.createAndRunWorkbench(Workbench.java:576)
	at org.eclipse.ui.PlatformUI.createAndRunWorkbench(PlatformUI.java:173)
	at org.eclipse.ui.internal.ide.application.IDEApplication.start(IDEApplication.java:178)
	at org.eclipse.equinox.internal.app.EclipseAppHandle.run(EclipseAppHandle.java:208)
	at org.eclipse.core.runtime.internal.adaptor.EclipseAppLauncher.runApplication(EclipseAppLauncher.java:149)
	at org.eclipse.core.runtime.internal.adaptor.EclipseAppLauncher.start(EclipseAppLauncher.java:115)
	at org.eclipse.core.runtime.adaptor.EclipseStarter.run(EclipseStarter.java:467)
	at org.eclipse.core.runtime.adaptor.EclipseStarter.run(EclipseStarter.java:298)
	at java.base/jdk.internal.reflect.DirectMethodHandleAccessor.invoke(DirectMethodHandleAccessor.java:103)
	at java.base/java.lang.reflect.Method.invoke(Method.java:580)
	at org.eclipse.equinox.launcher.Main.invokeFramework(Main.java:670)
	at org.eclipse.equinox.launcher.Main.basicRun(Main.java:607)
	at org.eclipse.equinox.launcher.Main.run(Main.java:1492)
2026-04-19 22:19:14,610 [Worker-14: Import Getting Started Content] INFO  o.e.m.c.i.l.LifecycleMappingFactory - Using org.eclipse.m2e.jdt.JarLifecycleMapping lifecycle mapping for MavenProject: com.connectsphere.like:like-service:0.0.1-SNAPSHOT @ C:\Users\ASUS\OneDrive\Desktop\Sprint\connectsphere-backend\like-service\pom.xml.
2026-04-19 22:19:21,923 [Worker-14: Import Getting Started Content] INFO  o.e.m.j.i.AbstractJavaProjectConfigurator - Adding source folder /like-service/src/main/java
2026-04-19 22:19:21,928 [Worker-14: Import Getting Started Content] INFO  o.e.m.j.i.AbstractJavaProjectConfigurator - Adding resource folder /like-service/src/main/resources
2026-04-19 22:19:21,939 [Worker-14: Import Getting Started Content] INFO  o.e.m.j.i.AbstractJavaProjectConfigurator - Adding resource folder /like-service/src/main/resources
2026-04-19 22:19:21,940 [Worker-14: Import Getting Started Content] INFO  o.e.m.j.i.AbstractJavaProjectConfigurator - Adding source folder /like-service/src/test/java
2026-04-19 22:19:21,940 [Worker-14: Import Getting Started Content] INFO  o.e.m.j.i.AbstractJavaProjectConfigurator - Adding resource folder /like-service/src/test/resources
2026-04-19 22:19:24,079 [Worker-14: Import Getting Started Content] INFO  o.e.m.c.i.p.ProjectConfigurationManager - Imported and configured 1 project(s) in 16 sec
2026-04-19 22:19:24,083 [Worker-14: Import Getting Started Content] INFO  o.e.m.c.i.p.ProjectConfigurationManager - Update started
2026-04-19 22:19:24,368 [Worker-14: Import Getting Started Content] INFO  o.e.m.c.i.l.LifecycleMappingFactory - Using org.eclipse.m2e.jdt.JarLifecycleMapping lifecycle mapping for MavenProject: com.connectsphere.like:like-service:0.0.1-SNAPSHOT @ C:\Users\ASUS\OneDrive\Desktop\Sprint\connectsphere-backend\like-service\pom.xml.
2026-04-19 22:19:24,980 [Worker-14: Import Getting Started Content] INFO  o.e.m.j.i.AbstractJavaProjectConfigurator - Adding source folder /like-service/src/main/java
2026-04-19 22:19:24,981 [Worker-14: Import Getting Started Content] INFO  o.e.m.j.i.AbstractJavaProjectConfigurator - Adding resource folder /like-service/src/main/resources
2026-04-19 22:19:24,982 [Worker-14: Import Getting Started Content] INFO  o.e.m.j.i.AbstractJavaProjectConfigurator - Adding resource folder /like-service/src/main/resources
2026-04-19 22:19:24,982 [Worker-14: Import Getting Started Content] INFO  o.e.m.j.i.AbstractJavaProjectConfigurator - Adding source folder /like-service/src/test/java
2026-04-19 22:19:24,986 [Worker-14: Import Getting Started Content] INFO  o.e.m.j.i.AbstractJavaProjectConfigurator - Adding resource folder /like-service/src/test/resources
2026-04-19 22:19:25,497 [Worker-14: Import Getting Started Content] INFO  o.e.m.c.i.p.ProjectConfigurationManager - Update completed for 1 poms: local refresh takes 0.00 sec, refresh facades takes 0.00 sec, update config takes 0.00 sec 
2026-04-19 22:19:26,644 [Worker-18: Building] INFO  o.a.m.s.f.DefaultMavenResourcesFiltering - Copying 1 resource from src\main\resources to target\classes
2026-04-19 22:19:26,743 [Worker-18: Building] INFO  o.a.m.s.f.DefaultMavenResourcesFiltering - Copying 0 resource from src\main\resources to target\classes
2026-04-19 22:19:26,750 [Worker-18: Building] INFO  o.a.m.s.f.DefaultMavenResourcesFiltering - skip non existing resourceDirectory C:\Users\ASUS\OneDrive\Desktop\Sprint\connectsphere-backend\like-service\src\test\resources
2026-04-19 22:19:43,385 [Worker-19: Building] INFO  o.e.m.c.i.l.LifecycleMappingFactory - Using org.eclipse.m2e.jdt.JarLifecycleMapping lifecycle mapping for MavenProject: com.connectsphere:like-service:1.0.0 @ C:\Users\ASUS\OneDrive\Desktop\Sprint\connectsphere-backend\like-service\pom.xml.
2026-04-19 22:19:44,147 [Worker-19: Building] INFO  o.a.m.s.f.DefaultMavenResourcesFiltering - Copying 0 resource from src\main\resources to target\classes
2026-04-19 22:19:44,148 [Worker-19: Building] INFO  o.a.m.s.f.DefaultMavenResourcesFiltering - Copying 0 resource from src\main\resources to target\classes
2026-04-19 22:19:44,153 [Worker-19: Building] INFO  o.a.m.s.f.DefaultMavenResourcesFiltering - skip non existing resourceDirectory C:\Users\ASUS\OneDrive\Desktop\Sprint\connectsphere-backend\like-service\src\test\resources
2026-04-19 22:19:45,315 [Worker-19: Updating Maven Project] INFO  o.e.m.c.i.p.ProjectConfigurationManager - Update started
2026-04-19 22:19:45,741 [Worker-19: Updating Maven Project] INFO  o.e.m.c.i.l.LifecycleMappingFactory - Using org.eclipse.m2e.jdt.JarLifecycleMapping lifecycle mapping for MavenProject: com.connectsphere:like-service:1.0.0 @ C:\Users\ASUS\OneDrive\Desktop\Sprint\connectsphere-backend\like-service\pom.xml.
2026-04-19 22:19:46,860 [Worker-19: Updating Maven Project] INFO  o.e.m.j.i.AbstractJavaProjectConfigurator - Adding source folder /like-service/src/main/java
2026-04-19 22:19:46,861 [Worker-19: Updating Maven Project] INFO  o.e.m.j.i.AbstractJavaProjectConfigurator - Adding resource folder /like-service/src/main/resources
2026-04-19 22:19:46,861 [Worker-19: Updating Maven Project] INFO  o.e.m.j.i.AbstractJavaProjectConfigurator - Adding resource folder /like-service/src/main/resources
2026-04-19 22:19:46,861 [Worker-19: Updating Maven Project] INFO  o.e.m.j.i.AbstractJavaProjectConfigurator - Adding source folder /like-service/src/test/java
2026-04-19 22:19:46,862 [Worker-19: Updating Maven Project] INFO  o.e.m.j.i.AbstractJavaProjectConfigurator - Adding resource folder /like-service/src/test/resources
2026-04-19 22:19:47,368 [Worker-19: Updating Maven Project] INFO  o.e.m.c.i.p.ProjectConfigurationManager - Update completed for 1 poms: local refresh takes 0.00 sec, refresh facades takes 1.00 sec, update config takes 0.00 sec 
2026-04-19 22:19:48,141 [Worker-19: Building] INFO  o.a.m.s.f.DefaultMavenResourcesFiltering - Copying 1 resource from src\main\resources to target\classes
2026-04-19 22:19:48,153 [Worker-19: Building] INFO  o.a.m.s.f.DefaultMavenResourcesFiltering - Copying 0 resource from src\main\resources to target\classes
2026-04-19 22:19:48,157 [Worker-19: Building] INFO  o.a.m.s.f.DefaultMavenResourcesFiltering - skip non existing resourceDirectory C:\Users\ASUS\OneDrive\Desktop\Sprint\connectsphere-backend\like-service\src\test\resources
2026-04-19 22:19:57,321 [Worker-14: Building] INFO  o.a.m.s.f.DefaultMavenResourcesFiltering - Copying 1 resource from src\main\resources to target\classes
2026-04-19 22:19:57,328 [Worker-14: Building] INFO  o.a.m.s.f.DefaultMavenResourcesFiltering - Copying 0 resource from src\main\resources to target\classes
2026-04-19 22:19:57,331 [Worker-14: Building] INFO  o.a.m.s.f.DefaultMavenResourcesFiltering - skip non existing resourceDirectory C:\Users\ASUS\OneDrive\Desktop\Sprint\connectsphere-backend\like-service\src\test\resources
2026-04-19 22:20:09,095 [Worker-12: Building] INFO  o.a.m.s.f.DefaultMavenResourcesFiltering - Copying 0 resource from src\main\resources to target\classes
2026-04-19 22:20:09,096 [Worker-12: Building] INFO  o.a.m.s.f.DefaultMavenResourcesFiltering - Copying 0 resource from src\main\resources to target\classes
2026-04-19 22:20:09,098 [Worker-12: Building] INFO  o.a.m.s.f.DefaultMavenResourcesFiltering - skip non existing resourceDirectory C:\Users\ASUS\OneDrive\Desktop\Sprint\connectsphere-backend\like-service\src\test\resources
2026-04-19 22:21:57,857 [Worker-12: Building Workspace] INFO  o.a.m.s.f.DefaultMavenResourcesFiltering - Copying 1 resource from src\main\resources to target\classes
2026-04-19 22:21:57,864 [Worker-12: Building Workspace] INFO  o.a.m.s.f.DefaultMavenResourcesFiltering - Copying 0 resource from src\main\resources to target\classes
2026-04-19 22:21:57,868 [Worker-12: Building Workspace] INFO  o.a.m.s.f.DefaultMavenResourcesFiltering - skip non existing resourceDirectory C:\Users\ASUS\OneDrive\Desktop\Sprint\connectsphere-backend\like-service\src\test\resources
2026-04-19 22:23:20,424 [Worker-17: Building] INFO  o.a.m.s.f.DefaultMavenResourcesFiltering - Copying 1 resource from src\main\resources to target\classes
2026-04-19 22:23:20,436 [Worker-17: Building] INFO  o.a.m.s.f.DefaultMavenResourcesFiltering - Copying 0 resource from src\main\resources to target\classes
2026-04-19 22:23:20,439 [Worker-17: Building] INFO  o.a.m.s.f.DefaultMavenResourcesFiltering - skip non existing resourceDirectory C:\Users\ASUS\OneDrive\Desktop\Sprint\connectsphere-backend\like-service\src\test\resources
2026-04-19 22:23:28,399 [Worker-12: Building] INFO  o.a.m.s.f.DefaultMavenResourcesFiltering - Copying 1 resource from src\main\resources to target\classes
2026-04-19 22:23:28,407 [Worker-12: Building] INFO  o.a.m.s.f.DefaultMavenResourcesFiltering - Copying 0 resource from src\main\resources to target\classes
2026-04-19 22:23:28,410 [Worker-12: Building] INFO  o.a.m.s.f.DefaultMavenResourcesFiltering - skip non existing resourceDirectory C:\Users\ASUS\OneDrive\Desktop\Sprint\connectsphere-backend\like-service\src\test\resources
2026-04-19 22:23:35,718 [Worker-12: Building] INFO  o.a.m.s.f.DefaultMavenResourcesFiltering - Copying 1 resource from src\main\resources to target\classes
2026-04-19 22:23:35,727 [Worker-12: Building] INFO  o.a.m.s.f.DefaultMavenResourcesFiltering - Copying 0 resource from src\main\resources to target\classes
2026-04-19 22:23:35,732 [Worker-12: Building] INFO  o.a.m.s.f.DefaultMavenResourcesFiltering - skip non existing resourceDirectory C:\Users\ASUS\OneDrive\Desktop\Sprint\connectsphere-backend\like-service\src\test\resources
2026-04-19 22:23:48,774 [Worker-17: Building] INFO  o.a.m.s.f.DefaultMavenResourcesFiltering - Copying 1 resource from src\main\resources to target\classes
2026-04-19 22:23:48,887 [Worker-17: Building] INFO  o.a.m.s.f.DefaultMavenResourcesFiltering - Copying 0 resource from src\main\resources to target\classes
2026-04-19 22:23:48,894 [Worker-17: Building] INFO  o.a.m.s.f.DefaultMavenResourcesFiltering - skip non existing resourceDirectory C:\Users\ASUS\OneDrive\Desktop\Sprint\connectsphere-backend\like-service\src\test\resources
2026-04-19 22:23:56,378 [Worker-19: Building] INFO  o.a.m.s.f.DefaultMavenResourcesFiltering - Copying 1 resource from src\main\resources to target\classes
2026-04-19 22:23:56,384 [Worker-19: Building] INFO  o.a.m.s.f.DefaultMavenResourcesFiltering - Copying 0 resource from src\main\resources to target\classes
2026-04-19 22:23:56,389 [Worker-19: Building] INFO  o.a.m.s.f.DefaultMavenResourcesFiltering - skip non existing resourceDirectory C:\Users\ASUS\OneDrive\Desktop\Sprint\connectsphere-backend\like-service\src\test\resources
2026-04-19 22:24:14,749 [Worker-19: Building] INFO  o.a.m.s.f.DefaultMavenResourcesFiltering - Copying 1 resource from src\main\resources to target\classes
2026-04-19 22:24:14,755 [Worker-19: Building] INFO  o.a.m.s.f.DefaultMavenResourcesFiltering - Copying 0 resource from src\main\resources to target\classes
2026-04-19 22:24:14,758 [Worker-19: Building] INFO  o.a.m.s.f.DefaultMavenResourcesFiltering - skip non existing resourceDirectory C:\Users\ASUS\OneDrive\Desktop\Sprint\connectsphere-backend\like-service\src\test\resources
2026-04-19 22:24:22,566 [Worker-12: Building] INFO  o.a.m.s.f.DefaultMavenResourcesFiltering - Copying 1 resource from src\main\resources to target\classes
2026-04-19 22:24:22,572 [Worker-12: Building] INFO  o.a.m.s.f.DefaultMavenResourcesFiltering - Copying 0 resource from src\main\resources to target\classes
2026-04-19 22:24:22,575 [Worker-12: Building] INFO  o.a.m.s.f.DefaultMavenResourcesFiltering - skip non existing resourceDirectory C:\Users\ASUS\OneDrive\Desktop\Sprint\connectsphere-backend\like-service\src\test\resources
2026-04-19 22:24:36,045 [Worker-12: Building] INFO  o.a.m.s.f.DefaultMavenResourcesFiltering - Copying 1 resource from src\main\resources to target\classes
2026-04-19 22:24:36,049 [Worker-12: Building] INFO  o.a.m.s.f.DefaultMavenResourcesFiltering - Copying 0 resource from src\main\resources to target\classes
2026-04-19 22:24:36,052 [Worker-12: Building] INFO  o.a.m.s.f.DefaultMavenResourcesFiltering - skip non existing resourceDirectory C:\Users\ASUS\OneDrive\Desktop\Sprint\connectsphere-backend\like-service\src\test\resources
2026-04-19 22:24:42,365 [Worker-20: Building] INFO  o.a.m.s.f.DefaultMavenResourcesFiltering - Copying 1 resource from src\main\resources to target\classes
2026-04-19 22:24:42,369 [Worker-20: Building] INFO  o.a.m.s.f.DefaultMavenResourcesFiltering - Copying 0 resource from src\main\resources to target\classes
2026-04-19 22:24:42,371 [Worker-20: Building] INFO  o.a.m.s.f.DefaultMavenResourcesFiltering - skip non existing resourceDirectory C:\Users\ASUS\OneDrive\Desktop\Sprint\connectsphere-backend\like-service\src\test\resources
2026-04-19 22:25:09,592 [Worker-12: Building] INFO  o.a.m.s.f.DefaultMavenResourcesFiltering - Copying 1 resource from src\main\resources to target\classes
2026-04-19 22:25:09,613 [Worker-12: Building] INFO  o.a.m.s.f.DefaultMavenResourcesFiltering - Copying 0 resource from src\main\resources to target\classes
2026-04-19 22:25:09,619 [Worker-12: Building] INFO  o.a.m.s.f.DefaultMavenResourcesFiltering - skip non existing resourceDirectory C:\Users\ASUS\OneDrive\Desktop\Sprint\connectsphere-backend\like-service\src\test\resources
2026-04-19 22:25:34,971 [Worker-12: Building] INFO  o.a.m.s.f.DefaultMavenResourcesFiltering - Copying 1 resource from src\main\resources to target\classes
2026-04-19 22:25:34,979 [Worker-12: Building] INFO  o.a.m.s.f.DefaultMavenResourcesFiltering - Copying 0 resource from src\main\resources to target\classes
2026-04-19 22:25:34,986 [Worker-12: Building] INFO  o.a.m.s.f.DefaultMavenResourcesFiltering - skip non existing resourceDirectory C:\Users\ASUS\OneDrive\Desktop\Sprint\connectsphere-backend\like-service\src\test\resources
2026-04-19 22:25:48,864 [Worker-19: Building] INFO  o.a.m.s.f.DefaultMavenResourcesFiltering - Copying 1 resource from src\main\resources to target\classes
2026-04-19 22:25:48,871 [Worker-19: Building] INFO  o.a.m.s.f.DefaultMavenResourcesFiltering - Copying 0 resource from src\main\resources to target\classes
2026-04-19 22:25:48,881 [Worker-19: Building] INFO  o.a.m.s.f.DefaultMavenResourcesFiltering - skip non existing resourceDirectory C:\Users\ASUS\OneDrive\Desktop\Sprint\connectsphere-backend\like-service\src\test\resources
2026-04-19 22:25:59,439 [Worker-12: Building] INFO  o.a.m.s.f.DefaultMavenResourcesFiltering - Copying 1 resource from src\main\resources to target\classes
2026-04-19 22:25:59,444 [Worker-12: Building] INFO  o.a.m.s.f.DefaultMavenResourcesFiltering - Copying 0 resource from src\main\resources to target\classes
2026-04-19 22:25:59,447 [Worker-12: Building] INFO  o.a.m.s.f.DefaultMavenResourcesFiltering - skip non existing resourceDirectory C:\Users\ASUS\OneDrive\Desktop\Sprint\connectsphere-backend\like-service\src\test\resources
2026-04-19 22:26:06,039 [Worker-14: Building] INFO  o.a.m.s.f.DefaultMavenResourcesFiltering - Copying 1 resource from src\main\resources to target\classes
2026-04-19 22:26:06,043 [Worker-14: Building] INFO  o.a.m.s.f.DefaultMavenResourcesFiltering - Copying 0 resource from src\main\resources to target\classes
2026-04-19 22:26:06,047 [Worker-14: Building] INFO  o.a.m.s.f.DefaultMavenResourcesFiltering - skip non existing resourceDirectory C:\Users\ASUS\OneDrive\Desktop\Sprint\connectsphere-backend\like-service\src\test\resources
2026-04-19 22:26:11,907 [Worker-17: Building] INFO  o.a.m.s.f.DefaultMavenResourcesFiltering - Copying 1 resource from src\main\resources to target\classes
2026-04-19 22:26:11,912 [Worker-17: Building] INFO  o.a.m.s.f.DefaultMavenResourcesFiltering - Copying 0 resource from src\main\resources to target\classes
2026-04-19 22:26:11,914 [Worker-17: Building] INFO  o.a.m.s.f.DefaultMavenResourcesFiltering - skip non existing resourceDirectory C:\Users\ASUS\OneDrive\Desktop\Sprint\connectsphere-backend\like-service\src\test\resources
2026-04-19 22:26:19,520 [Worker-17: Building] INFO  o.a.m.s.f.DefaultMavenResourcesFiltering - Copying 1 resource from src\main\resources to target\classes
2026-04-19 22:26:19,525 [Worker-17: Building] INFO  o.a.m.s.f.DefaultMavenResourcesFiltering - Copying 0 resource from src\main\resources to target\classes
2026-04-19 22:26:19,528 [Worker-17: Building] INFO  o.a.m.s.f.DefaultMavenResourcesFiltering - skip non existing resourceDirectory C:\Users\ASUS\OneDrive\Desktop\Sprint\connectsphere-backend\like-service\src\test\resources
2026-04-19 22:26:28,126 [Worker-12: Building] INFO  o.a.m.s.f.DefaultMavenResourcesFiltering - Copying 1 resource from src\main\resources to target\classes
2026-04-19 22:26:28,132 [Worker-12: Building] INFO  o.a.m.s.f.DefaultMavenResourcesFiltering - Copying 0 resource from src\main\resources to target\classes
2026-04-19 22:26:28,135 [Worker-12: Building] INFO  o.a.m.s.f.DefaultMavenResourcesFiltering - skip non existing resourceDirectory C:\Users\ASUS\OneDrive\Desktop\Sprint\connectsphere-backend\like-service\src\test\resources
2026-04-19 22:26:48,656 [Worker-17: Building] INFO  o.a.m.s.f.DefaultMavenResourcesFiltering - Copying 1 resource from src\main\resources to target\classes
2026-04-19 22:26:48,663 [Worker-17: Building] INFO  o.a.m.s.f.DefaultMavenResourcesFiltering - Copying 0 resource from src\main\resources to target\classes
2026-04-19 22:26:48,667 [Worker-17: Building] INFO  o.a.m.s.f.DefaultMavenResourcesFiltering - skip non existing resourceDirectory C:\Users\ASUS\OneDrive\Desktop\Sprint\connectsphere-backend\like-service\src\test\resources
2026-04-19 22:27:31,329 [Worker-13: Building] INFO  o.a.m.s.f.DefaultMavenResourcesFiltering - Copying 1 resource from src\main\resources to target\classes
2026-04-19 22:27:31,335 [Worker-13: Building] INFO  o.a.m.s.f.DefaultMavenResourcesFiltering - Copying 0 resource from src\main\resources to target\classes
2026-04-19 22:27:31,338 [Worker-13: Building] INFO  o.a.m.s.f.DefaultMavenResourcesFiltering - skip non existing resourceDirectory C:\Users\ASUS\OneDrive\Desktop\Sprint\connectsphere-backend\like-service\src\test\resources
2026-04-19 22:35:05,383 [Worker-18: Building] INFO  o.e.m.c.i.l.LifecycleMappingFactory - Using org.eclipse.m2e.jdt.JarLifecycleMapping lifecycle mapping for MavenProject: com.connectsphere:like-service:1.0.0 @ C:\Users\ASUS\OneDrive\Desktop\Sprint\connectsphere-backend\like-service\pom.xml.
2026-04-19 22:35:06,580 [Worker-18: Building] INFO  o.a.m.s.f.DefaultMavenResourcesFiltering - Copying 0 resource from src\main\resources to target\classes
2026-04-19 22:35:06,580 [Worker-18: Building] INFO  o.a.m.s.f.DefaultMavenResourcesFiltering - Copying 0 resource from src\main\resources to target\classes
2026-04-19 22:35:06,588 [Worker-18: Building] INFO  o.a.m.s.f.DefaultMavenResourcesFiltering - skip non existing resourceDirectory C:\Users\ASUS\OneDrive\Desktop\Sprint\connectsphere-backend\like-service\src\test\resources
2026-04-19 22:35:10,930 [Worker-24: Building] INFO  o.a.m.s.f.DefaultMavenResourcesFiltering - Copying 1 resource from src\main\resources to target\classes
2026-04-19 22:35:11,016 [Worker-24: Building] INFO  o.a.m.s.f.DefaultMavenResourcesFiltering - Copying 0 resource from src\main\resources to target\classes
2026-04-19 22:35:11,022 [Worker-24: Building] INFO  o.a.m.s.f.DefaultMavenResourcesFiltering - skip non existing resourceDirectory C:\Users\ASUS\OneDrive\Desktop\Sprint\connectsphere-backend\like-service\src\test\resources
2026-04-19 22:35:17,867 [Worker-27: Building] INFO  o.a.m.s.f.DefaultMavenResourcesFiltering - Copying 1 resource from src\main\resources to target\classes
2026-04-19 22:35:17,874 [Worker-27: Building] INFO  o.a.m.s.f.DefaultMavenResourcesFiltering - Copying 0 resource from src\main\resources to target\classes
2026-04-19 22:35:17,878 [Worker-27: Building] INFO  o.a.m.s.f.DefaultMavenResourcesFiltering - skip non existing resourceDirectory C:\Users\ASUS\OneDrive\Desktop\Sprint\connectsphere-backend\like-service\src\test\resources
2026-04-19 22:35:33,431 [Worker-23: Building] INFO  o.a.m.s.f.DefaultMavenResourcesFiltering - Copying 1 resource from src\main\resources to target\classes
2026-04-19 22:35:33,438 [Worker-23: Building] INFO  o.a.m.s.f.DefaultMavenResourcesFiltering - Copying 0 resource from src\main\resources to target\classes
2026-04-19 22:35:33,440 [Worker-23: Building] INFO  o.a.m.s.f.DefaultMavenResourcesFiltering - skip non existing resourceDirectory C:\Users\ASUS\OneDrive\Desktop\Sprint\connectsphere-backend\like-service\src\test\resources
2026-04-19 22:35:40,307 [Worker-25: Building] INFO  o.a.m.s.f.DefaultMavenResourcesFiltering - Copying 1 resource from src\main\resources to target\classes
2026-04-19 22:35:40,318 [Worker-25: Building] INFO  o.a.m.s.f.DefaultMavenResourcesFiltering - Copying 0 resource from src\main\resources to target\classes
2026-04-19 22:35:40,324 [Worker-25: Building] INFO  o.a.m.s.f.DefaultMavenResourcesFiltering - skip non existing resourceDirectory C:\Users\ASUS\OneDrive\Desktop\Sprint\connectsphere-backend\like-service\src\test\resources
2026-04-19 22:35:48,115 [Worker-28: Building] INFO  o.a.m.s.f.DefaultMavenResourcesFiltering - Copying 1 resource from src\main\resources to target\classes
2026-04-19 22:35:48,132 [Worker-28: Building] INFO  o.a.m.s.f.DefaultMavenResourcesFiltering - Copying 0 resource from src\main\resources to target\classes
2026-04-19 22:35:48,134 [Worker-28: Building] INFO  o.a.m.s.f.DefaultMavenResourcesFiltering - skip non existing resourceDirectory C:\Users\ASUS\OneDrive\Desktop\Sprint\connectsphere-backend\like-service\src\test\resources
2026-04-19 22:35:55,860 [Worker-18: Building] INFO  o.a.m.s.f.DefaultMavenResourcesFiltering - Copying 1 resource from src\main\resources to target\classes
2026-04-19 22:35:55,866 [Worker-18: Building] INFO  o.a.m.s.f.DefaultMavenResourcesFiltering - Copying 0 resource from src\main\resources to target\classes
2026-04-19 22:35:55,869 [Worker-18: Building] INFO  o.a.m.s.f.DefaultMavenResourcesFiltering - skip non existing resourceDirectory C:\Users\ASUS\OneDrive\Desktop\Sprint\connectsphere-backend\like-service\src\test\resources
2026-04-19 22:36:45,413 [Worker-26: Building] INFO  o.a.m.s.f.DefaultMavenResourcesFiltering - Copying 1 resource from src\main\resources to target\classes
2026-04-19 22:36:45,417 [Worker-26: Building] INFO  o.a.m.s.f.DefaultMavenResourcesFiltering - Copying 0 resource from src\main\resources to target\classes
2026-04-19 22:36:45,420 [Worker-26: Building] INFO  o.a.m.s.f.DefaultMavenResourcesFiltering - skip non existing resourceDirectory C:\Users\ASUS\OneDrive\Desktop\Sprint\connectsphere-backend\like-service\src\test\resources
2026-04-19 22:38:24,356 [Worker-21: Building] INFO  o.a.m.s.f.DefaultMavenResourcesFiltering - Copying 0 resource from src\main\resources to target\classes
2026-04-19 22:38:24,358 [Worker-21: Building] INFO  o.a.m.s.f.DefaultMavenResourcesFiltering - Copying 0 resource from src\main\resources to target\classes
2026-04-19 22:38:24,363 [Worker-21: Building] INFO  o.a.m.s.f.DefaultMavenResourcesFiltering - skip non existing resourceDirectory C:\Users\ASUS\OneDrive\Desktop\Sprint\connectsphere-backend\like-service\src\test\resources
2026-04-19 22:38:48,333 [Worker-18: Building] INFO  o.a.m.s.f.DefaultMavenResourcesFiltering - Copying 0 resource from src\main\resources to target\classes
2026-04-19 22:38:48,334 [Worker-18: Building] INFO  o.a.m.s.f.DefaultMavenResourcesFiltering - Copying 0 resource from src\main\resources to target\classes
2026-04-19 22:38:48,340 [Worker-18: Building] INFO  o.a.m.s.f.DefaultMavenResourcesFiltering - skip non existing resourceDirectory C:\Users\ASUS\OneDrive\Desktop\Sprint\connectsphere-backend\like-service\src\test\resources
2026-04-19 22:38:54,357 [main] INFO  o.e.m.jdt.internal.UnitTestSupport - Updating LikeServiceImplTest from maven configuration
2026-04-19 22:39:43,975 [main] INFO  o.e.m.jdt.internal.UnitTestSupport - Updating PostServiceImplTest from maven configuration
2026-04-19 22:39:45,438 [main] ERROR o.e.m.jdt.internal.UnitTestSupport - Cannot invoke "org.apache.maven.project.MavenProject.getProperties()" because "mavenProject" is null
java.lang.NullPointerException: Cannot invoke "org.apache.maven.project.MavenProject.getProperties()" because "mavenProject" is null
	at org.eclipse.m2e.jdt.internal.UnitTestSupport.resolveDeferredVariables(UnitTestSupport.java:442)
	at org.eclipse.m2e.jdt.internal.UnitTestSupport$ConfigurationManager.getTestLaunchArguments(UnitTestSupport.java:416)
	at org.eclipse.m2e.jdt.internal.UnitTestSupport$ConfigurationManager.getTestLaunchArguments(UnitTestSupport.java:327)
	at org.eclipse.m2e.jdt.internal.UnitTestSupport$ConfigurationManager.setupLaunchConfiguration(UnitTestSupport.java:251)
	at org.eclipse.m2e.jdt.internal.UnitTestSupport.setupLaunchConfigurationFromMavenConfiguration(UnitTestSupport.java:182)
	at org.eclipse.m2e.jdt.internal.launch.MavenLaunchConfigurationListener.launchConfigurationAdded(MavenLaunchConfigurationListener.java:47)
	at org.eclipse.debug.internal.core.LaunchManager$ConfigurationNotifier.run(LaunchManager.java:214)
	at org.eclipse.core.runtime.SafeRunner.run(SafeRunner.java:47)
	at org.eclipse.debug.internal.core.LaunchManager$ConfigurationNotifier.notify(LaunchManager.java:204)
	at org.eclipse.debug.internal.core.LaunchManager.launchConfigurationAdded(LaunchManager.java:1983)
	at org.eclipse.debug.internal.core.LaunchConfigurationWorkingCopy.writeNewFile(LaunchConfigurationWorkingCopy.java:378)
	at org.eclipse.debug.internal.core.LaunchConfigurationWorkingCopy.doSave0(LaunchConfigurationWorkingCopy.java:259)
	at org.eclipse.debug.internal.core.LaunchConfigurationWorkingCopy.doSave(LaunchConfigurationWorkingCopy.java:229)
	at org.eclipse.debug.internal.core.LaunchConfigurationWorkingCopy.doSave(LaunchConfigurationWorkingCopy.java:187)
	at org.eclipse.jdt.junit.launcher.JUnitLaunchShortcut.performLaunch(JUnitLaunchShortcut.java:240)
	at org.eclipse.jdt.junit.launcher.JUnitLaunchShortcut.launch(JUnitLaunchShortcut.java:206)
	at org.eclipse.jdt.junit.launcher.JUnitLaunchShortcut.launch(JUnitLaunchShortcut.java:129)
	at org.eclipse.debug.internal.ui.launchConfigurations.LaunchShortcutExtension.launch(LaunchShortcutExtension.java:412)
	at org.eclipse.debug.internal.ui.actions.LaunchShortcutAction.runInternal(LaunchShortcutAction.java:94)
	at org.eclipse.debug.internal.ui.actions.LaunchShortcutAction.runWithEvent(LaunchShortcutAction.java:146)
	at org.eclipse.jface.action.ActionContributionItem.handleWidgetSelection(ActionContributionItem.java:581)
	at org.eclipse.jface.action.ActionContributionItem.lambda$4(ActionContributionItem.java:415)
	at org.eclipse.swt.widgets.EventTable.sendEvent(EventTable.java:91)
	at org.eclipse.swt.widgets.Display.sendEvent(Display.java:4321)
	at org.eclipse.swt.widgets.Widget.sendEvent(Widget.java:1208)
	at org.eclipse.swt.widgets.Widget.sendEvent(Widget.java:1232)
	at org.eclipse.swt.widgets.Widget.sendEvent(Widget.java:1217)
	at org.eclipse.swt.widgets.Widget.notifyListeners(Widget.java:854)
	at org.eclipse.jface.action.ActionContributionItem.lambda$8(ActionContributionItem.java:1206)
	at org.eclipse.swt.widgets.EventTable.sendEvent(EventTable.java:91)
	at org.eclipse.swt.widgets.Display.sendEvent(Display.java:4321)
	at org.eclipse.swt.widgets.Widget.sendEvent(Widget.java:1208)
	at org.eclipse.swt.widgets.Display.runDeferredEvents(Display.java:4119)
	at org.eclipse.swt.widgets.Display.readAndDispatch(Display.java:3707)
	at org.eclipse.e4.ui.internal.workbench.swt.PartRenderingEngine$5.run(PartRenderingEngine.java:1151)
	at org.eclipse.core.databinding.observable.Realm.runWithDefault(Realm.java:339)
	at org.eclipse.e4.ui.internal.workbench.swt.PartRenderingEngine.run(PartRenderingEngine.java:1042)
	at org.eclipse.e4.ui.internal.workbench.E4Workbench.createAndRunUI(E4Workbench.java:153)
	at org.eclipse.ui.internal.Workbench.lambda$3(Workbench.java:668)
	at org.eclipse.core.databinding.observable.Realm.runWithDefault(Realm.java:339)
	at org.eclipse.ui.internal.Workbench.createAndRunWorkbench(Workbench.java:576)
	at org.eclipse.ui.PlatformUI.createAndRunWorkbench(PlatformUI.java:173)
	at org.eclipse.ui.internal.ide.application.IDEApplication.start(IDEApplication.java:178)
	at org.eclipse.equinox.internal.app.EclipseAppHandle.run(EclipseAppHandle.java:208)
	at org.eclipse.core.runtime.internal.adaptor.EclipseAppLauncher.runApplication(EclipseAppLauncher.java:149)
	at org.eclipse.core.runtime.internal.adaptor.EclipseAppLauncher.start(EclipseAppLauncher.java:115)
	at org.eclipse.core.runtime.adaptor.EclipseStarter.run(EclipseStarter.java:467)
	at org.eclipse.core.runtime.adaptor.EclipseStarter.run(EclipseStarter.java:298)
	at java.base/jdk.internal.reflect.DirectMethodHandleAccessor.invoke(DirectMethodHandleAccessor.java:103)
	at java.base/java.lang.reflect.Method.invoke(Method.java:580)
	at org.eclipse.equinox.launcher.Main.invokeFramework(Main.java:670)
	at org.eclipse.equinox.launcher.Main.basicRun(Main.java:607)
	at org.eclipse.equinox.launcher.Main.run(Main.java:1492)
2026-04-19 22:46:40,685 [Worker-31: Import Getting Started Content] INFO  o.e.m.c.i.l.LifecycleMappingFactory - Using org.eclipse.m2e.jdt.JarLifecycleMapping lifecycle mapping for MavenProject: com.connectsphere.follow:follow-service:0.0.1-SNAPSHOT @ C:\Users\ASUS\OneDrive\Desktop\Sprint\connectsphere-backend\follow-service\pom.xml.
2026-04-19 22:46:41,042 [Worker-31: Import Getting Started Content] INFO  o.e.m.j.i.AbstractJavaProjectConfigurator - Adding source folder /follow-service/src/main/java
2026-04-19 22:46:41,043 [Worker-31: Import Getting Started Content] INFO  o.e.m.j.i.AbstractJavaProjectConfigurator - Adding resource folder /follow-service/src/main/resources
2026-04-19 22:46:41,047 [Worker-31: Import Getting Started Content] INFO  o.e.m.j.i.AbstractJavaProjectConfigurator - Adding resource folder /follow-service/src/main/resources
2026-04-19 22:46:41,049 [Worker-31: Import Getting Started Content] INFO  o.e.m.j.i.AbstractJavaProjectConfigurator - Adding source folder /follow-service/src/test/java
2026-04-19 22:46:41,050 [Worker-31: Import Getting Started Content] INFO  o.e.m.j.i.AbstractJavaProjectConfigurator - Adding resource folder /follow-service/src/test/resources
2026-04-19 22:46:41,224 [Worker-31: Import Getting Started Content] INFO  o.e.m.c.i.p.ProjectConfigurationManager - Imported and configured 1 project(s) in 1 sec
2026-04-19 22:46:41,227 [Worker-31: Import Getting Started Content] INFO  o.e.m.c.i.p.ProjectConfigurationManager - Update started
2026-04-19 22:46:41,502 [Worker-31: Import Getting Started Content] INFO  o.e.m.c.i.l.LifecycleMappingFactory - Using org.eclipse.m2e.jdt.JarLifecycleMapping lifecycle mapping for MavenProject: com.connectsphere.follow:follow-service:0.0.1-SNAPSHOT @ C:\Users\ASUS\OneDrive\Desktop\Sprint\connectsphere-backend\follow-service\pom.xml.
2026-04-19 22:46:42,089 [Worker-31: Import Getting Started Content] INFO  o.e.m.j.i.AbstractJavaProjectConfigurator - Adding source folder /follow-service/src/main/java
2026-04-19 22:46:42,091 [Worker-31: Import Getting Started Content] INFO  o.e.m.j.i.AbstractJavaProjectConfigurator - Adding resource folder /follow-service/src/main/resources
2026-04-19 22:46:42,093 [Worker-31: Import Getting Started Content] INFO  o.e.m.j.i.AbstractJavaProjectConfigurator - Adding resource folder /follow-service/src/main/resources
2026-04-19 22:46:42,094 [Worker-31: Import Getting Started Content] INFO  o.e.m.j.i.AbstractJavaProjectConfigurator - Adding source folder /follow-service/src/test/java
2026-04-19 22:46:42,096 [Worker-31: Import Getting Started Content] INFO  o.e.m.j.i.AbstractJavaProjectConfigurator - Adding resource folder /follow-service/src/test/resources
2026-04-19 22:46:42,488 [Worker-31: Import Getting Started Content] INFO  o.e.m.c.i.p.ProjectConfigurationManager - Update completed for 1 poms: local refresh takes 0.00 sec, refresh facades takes 0.00 sec, update config takes 0.00 sec 
2026-04-19 22:46:43,056 [Worker-23: Building] INFO  o.a.m.s.f.DefaultMavenResourcesFiltering - Copying 1 resource from src\main\resources to target\classes
2026-04-19 22:46:43,172 [Worker-23: Building] INFO  o.a.m.s.f.DefaultMavenResourcesFiltering - Copying 0 resource from src\main\resources to target\classes
2026-04-19 22:46:43,182 [Worker-23: Building] INFO  o.a.m.s.f.DefaultMavenResourcesFiltering - skip non existing resourceDirectory C:\Users\ASUS\OneDrive\Desktop\Sprint\connectsphere-backend\follow-service\src\test\resources
2026-04-19 22:46:56,515 [Worker-27: Building] INFO  o.e.m.c.i.l.LifecycleMappingFactory - Using org.eclipse.m2e.jdt.JarLifecycleMapping lifecycle mapping for MavenProject: com.connectsphere:follow-service:1.0.0 @ C:\Users\ASUS\OneDrive\Desktop\Sprint\connectsphere-backend\follow-service\pom.xml.
2026-04-19 22:46:59,220 [Worker-27: Building] INFO  o.a.m.s.f.DefaultMavenResourcesFiltering - Copying 0 resource from src\main\resources to target\classes
2026-04-19 22:46:59,223 [Worker-27: Building] INFO  o.a.m.s.f.DefaultMavenResourcesFiltering - Copying 0 resource from src\main\resources to target\classes
2026-04-19 22:46:59,235 [Worker-27: Building] INFO  o.a.m.s.f.DefaultMavenResourcesFiltering - skip non existing resourceDirectory C:\Users\ASUS\OneDrive\Desktop\Sprint\connectsphere-backend\follow-service\src\test\resources
2026-04-19 22:46:59,601 [Worker-31: Updating Maven Project] INFO  o.e.m.c.i.p.ProjectConfigurationManager - Update started
2026-04-19 22:47:00,046 [Worker-31: Updating Maven Project] INFO  o.e.m.c.i.l.LifecycleMappingFactory - Using org.eclipse.m2e.jdt.JarLifecycleMapping lifecycle mapping for MavenProject: com.connectsphere:follow-service:1.0.0 @ C:\Users\ASUS\OneDrive\Desktop\Sprint\connectsphere-backend\follow-service\pom.xml.
2026-04-19 22:47:01,123 [Worker-31: Updating Maven Project] INFO  o.e.m.j.i.AbstractJavaProjectConfigurator - Adding source folder /follow-service/src/main/java
2026-04-19 22:47:01,124 [Worker-31: Updating Maven Project] INFO  o.e.m.j.i.AbstractJavaProjectConfigurator - Adding resource folder /follow-service/src/main/resources
2026-04-19 22:47:01,125 [Worker-31: Updating Maven Project] INFO  o.e.m.j.i.AbstractJavaProjectConfigurator - Adding resource folder /follow-service/src/main/resources
2026-04-19 22:47:01,125 [Worker-31: Updating Maven Project] INFO  o.e.m.j.i.AbstractJavaProjectConfigurator - Adding source folder /follow-service/src/test/java
2026-04-19 22:47:01,127 [Worker-31: Updating Maven Project] INFO  o.e.m.j.i.AbstractJavaProjectConfigurator - Adding resource folder /follow-service/src/test/resources
2026-04-19 22:47:01,630 [Worker-31: Updating Maven Project] INFO  o.e.m.c.i.p.ProjectConfigurationManager - Update completed for 1 poms: local refresh takes 0.00 sec, refresh facades takes 1.00 sec, update config takes 0.00 sec 
2026-04-19 22:47:02,257 [Worker-32: Building] INFO  o.a.m.s.f.DefaultMavenResourcesFiltering - Copying 1 resource from src\main\resources to target\classes
2026-04-19 22:47:02,304 [Worker-32: Building] INFO  o.a.m.s.f.DefaultMavenResourcesFiltering - Copying 0 resource from src\main\resources to target\classes
2026-04-19 22:47:02,310 [Worker-32: Building] INFO  o.a.m.s.f.DefaultMavenResourcesFiltering - skip non existing resourceDirectory C:\Users\ASUS\OneDrive\Desktop\Sprint\connectsphere-backend\follow-service\src\test\resources
2026-04-19 22:47:11,873 [Worker-34: Building] INFO  o.a.m.s.f.DefaultMavenResourcesFiltering - Copying 1 resource from src\main\resources to target\classes
2026-04-19 22:47:11,875 [Worker-34: Building] INFO  o.a.m.s.f.DefaultMavenResourcesFiltering - Copying 0 resource from src\main\resources to target\classes
2026-04-19 22:47:11,878 [Worker-34: Building] INFO  o.a.m.s.f.DefaultMavenResourcesFiltering - skip non existing resourceDirectory C:\Users\ASUS\OneDrive\Desktop\Sprint\connectsphere-backend\follow-service\src\test\resources
2026-04-19 22:47:18,264 [Worker-35: Building] INFO  o.a.m.s.f.DefaultMavenResourcesFiltering - Copying 0 resource from src\main\resources to target\classes
2026-04-19 22:47:18,265 [Worker-35: Building] INFO  o.a.m.s.f.DefaultMavenResourcesFiltering - Copying 0 resource from src\main\resources to target\classes
2026-04-19 22:47:18,267 [Worker-35: Building] INFO  o.a.m.s.f.DefaultMavenResourcesFiltering - skip non existing resourceDirectory C:\Users\ASUS\OneDrive\Desktop\Sprint\connectsphere-backend\follow-service\src\test\resources
2026-04-19 22:47:20,078 [Worker-36: Building] INFO  o.a.m.s.f.DefaultMavenResourcesFiltering - Copying 1 resource from src\main\resources to target\classes
2026-04-19 22:47:20,084 [Worker-36: Building] INFO  o.a.m.s.f.DefaultMavenResourcesFiltering - Copying 0 resource from src\main\resources to target\classes
2026-04-19 22:47:20,086 [Worker-36: Building] INFO  o.a.m.s.f.DefaultMavenResourcesFiltering - skip non existing resourceDirectory C:\Users\ASUS\OneDrive\Desktop\Sprint\connectsphere-backend\follow-service\src\test\resources
2026-04-19 22:47:48,430 [Worker-32: Building Workspace] INFO  o.a.m.s.f.DefaultMavenResourcesFiltering - Copying 1 resource from src\main\resources to target\classes
2026-04-19 22:47:48,435 [Worker-32: Building Workspace] INFO  o.a.m.s.f.DefaultMavenResourcesFiltering - Copying 0 resource from src\main\resources to target\classes
2026-04-19 22:47:48,437 [Worker-32: Building Workspace] INFO  o.a.m.s.f.DefaultMavenResourcesFiltering - skip non existing resourceDirectory C:\Users\ASUS\OneDrive\Desktop\Sprint\connectsphere-backend\follow-service\src\test\resources
2026-04-19 22:48:47,535 [Worker-32: Building] INFO  o.a.m.s.f.DefaultMavenResourcesFiltering - Copying 1 resource from src\main\resources to target\classes
2026-04-19 22:48:47,540 [Worker-32: Building] INFO  o.a.m.s.f.DefaultMavenResourcesFiltering - Copying 0 resource from src\main\resources to target\classes
2026-04-19 22:48:47,543 [Worker-32: Building] INFO  o.a.m.s.f.DefaultMavenResourcesFiltering - skip non existing resourceDirectory C:\Users\ASUS\OneDrive\Desktop\Sprint\connectsphere-backend\follow-service\src\test\resources
2026-04-19 22:48:52,375 [Worker-27: Building] INFO  o.a.m.s.f.DefaultMavenResourcesFiltering - Copying 1 resource from src\main\resources to target\classes
2026-04-19 22:48:52,380 [Worker-27: Building] INFO  o.a.m.s.f.DefaultMavenResourcesFiltering - Copying 0 resource from src\main\resources to target\classes
2026-04-19 22:48:52,385 [Worker-27: Building] INFO  o.a.m.s.f.DefaultMavenResourcesFiltering - skip non existing resourceDirectory C:\Users\ASUS\OneDrive\Desktop\Sprint\connectsphere-backend\follow-service\src\test\resources
2026-04-19 22:49:01,294 [Worker-32: Building] INFO  o.a.m.s.f.DefaultMavenResourcesFiltering - Copying 1 resource from src\main\resources to target\classes
2026-04-19 22:49:01,300 [Worker-32: Building] INFO  o.a.m.s.f.DefaultMavenResourcesFiltering - Copying 0 resource from src\main\resources to target\classes
2026-04-19 22:49:01,304 [Worker-32: Building] INFO  o.a.m.s.f.DefaultMavenResourcesFiltering - skip non existing resourceDirectory C:\Users\ASUS\OneDrive\Desktop\Sprint\connectsphere-backend\follow-service\src\test\resources
2026-04-19 22:49:22,512 [Worker-23: Building] INFO  o.a.m.s.f.DefaultMavenResourcesFiltering - Copying 1 resource from src\main\resources to target\classes
2026-04-19 22:49:22,520 [Worker-23: Building] INFO  o.a.m.s.f.DefaultMavenResourcesFiltering - Copying 0 resource from src\main\resources to target\classes
2026-04-19 22:49:22,521 [Worker-23: Building] INFO  o.a.m.s.f.DefaultMavenResourcesFiltering - skip non existing resourceDirectory C:\Users\ASUS\OneDrive\Desktop\Sprint\connectsphere-backend\follow-service\src\test\resources
2026-04-19 22:49:28,840 [Worker-27: Building] INFO  o.a.m.s.f.DefaultMavenResourcesFiltering - Copying 1 resource from src\main\resources to target\classes
2026-04-19 22:49:28,846 [Worker-27: Building] INFO  o.a.m.s.f.DefaultMavenResourcesFiltering - Copying 0 resource from src\main\resources to target\classes
2026-04-19 22:49:28,850 [Worker-27: Building] INFO  o.a.m.s.f.DefaultMavenResourcesFiltering - skip non existing resourceDirectory C:\Users\ASUS\OneDrive\Desktop\Sprint\connectsphere-backend\follow-service\src\test\resources
2026-04-19 22:49:34,314 [Worker-23: Building] INFO  o.a.m.s.f.DefaultMavenResourcesFiltering - Copying 1 resource from src\main\resources to target\classes
2026-04-19 22:49:34,318 [Worker-23: Building] INFO  o.a.m.s.f.DefaultMavenResourcesFiltering - Copying 0 resource from src\main\resources to target\classes
2026-04-19 22:49:34,320 [Worker-23: Building] INFO  o.a.m.s.f.DefaultMavenResourcesFiltering - skip non existing resourceDirectory C:\Users\ASUS\OneDrive\Desktop\Sprint\connectsphere-backend\follow-service\src\test\resources
2026-04-19 22:49:41,166 [Worker-34: Building] INFO  o.a.m.s.f.DefaultMavenResourcesFiltering - Copying 1 resource from src\main\resources to target\classes
2026-04-19 22:49:41,170 [Worker-34: Building] INFO  o.a.m.s.f.DefaultMavenResourcesFiltering - Copying 0 resource from src\main\resources to target\classes
2026-04-19 22:49:41,172 [Worker-34: Building] INFO  o.a.m.s.f.DefaultMavenResourcesFiltering - skip non existing resourceDirectory C:\Users\ASUS\OneDrive\Desktop\Sprint\connectsphere-backend\follow-service\src\test\resources
2026-04-19 22:49:51,526 [Worker-27: Building] INFO  o.a.m.s.f.DefaultMavenResourcesFiltering - Copying 1 resource from src\main\resources to target\classes
2026-04-19 22:49:51,532 [Worker-27: Building] INFO  o.a.m.s.f.DefaultMavenResourcesFiltering - Copying 0 resource from src\main\resources to target\classes
2026-04-19 22:49:51,537 [Worker-27: Building] INFO  o.a.m.s.f.DefaultMavenResourcesFiltering - skip non existing resourceDirectory C:\Users\ASUS\OneDrive\Desktop\Sprint\connectsphere-backend\follow-service\src\test\resources
2026-04-19 22:50:03,915 [Worker-32: Building] INFO  o.a.m.s.f.DefaultMavenResourcesFiltering - Copying 1 resource from src\main\resources to target\classes
2026-04-19 22:50:03,920 [Worker-32: Building] INFO  o.a.m.s.f.DefaultMavenResourcesFiltering - Copying 0 resource from src\main\resources to target\classes
2026-04-19 22:50:03,922 [Worker-32: Building] INFO  o.a.m.s.f.DefaultMavenResourcesFiltering - skip non existing resourceDirectory C:\Users\ASUS\OneDrive\Desktop\Sprint\connectsphere-backend\follow-service\src\test\resources
2026-04-19 22:50:14,742 [Worker-23: Building] INFO  o.a.m.s.f.DefaultMavenResourcesFiltering - Copying 1 resource from src\main\resources to target\classes
2026-04-19 22:50:14,749 [Worker-23: Building] INFO  o.a.m.s.f.DefaultMavenResourcesFiltering - Copying 0 resource from src\main\resources to target\classes
2026-04-19 22:50:14,752 [Worker-23: Building] INFO  o.a.m.s.f.DefaultMavenResourcesFiltering - skip non existing resourceDirectory C:\Users\ASUS\OneDrive\Desktop\Sprint\connectsphere-backend\follow-service\src\test\resources
2026-04-19 22:50:19,667 [Worker-27: Building] INFO  o.a.m.s.f.DefaultMavenResourcesFiltering - Copying 1 resource from src\main\resources to target\classes
2026-04-19 22:50:19,671 [Worker-27: Building] INFO  o.a.m.s.f.DefaultMavenResourcesFiltering - Copying 0 resource from src\main\resources to target\classes
2026-04-19 22:50:19,675 [Worker-27: Building] INFO  o.a.m.s.f.DefaultMavenResourcesFiltering - skip non existing resourceDirectory C:\Users\ASUS\OneDrive\Desktop\Sprint\connectsphere-backend\follow-service\src\test\resources
2026-04-19 22:50:25,945 [Worker-32: Building] INFO  o.a.m.s.f.DefaultMavenResourcesFiltering - Copying 1 resource from src\main\resources to target\classes
2026-04-19 22:50:25,950 [Worker-32: Building] INFO  o.a.m.s.f.DefaultMavenResourcesFiltering - Copying 0 resource from src\main\resources to target\classes
2026-04-19 22:50:25,952 [Worker-32: Building] INFO  o.a.m.s.f.DefaultMavenResourcesFiltering - skip non existing resourceDirectory C:\Users\ASUS\OneDrive\Desktop\Sprint\connectsphere-backend\follow-service\src\test\resources
2026-04-19 22:50:37,182 [Worker-27: Building] INFO  o.a.m.s.f.DefaultMavenResourcesFiltering - Copying 1 resource from src\main\resources to target\classes
2026-04-19 22:50:37,186 [Worker-27: Building] INFO  o.a.m.s.f.DefaultMavenResourcesFiltering - Copying 0 resource from src\main\resources to target\classes
2026-04-19 22:50:37,189 [Worker-27: Building] INFO  o.a.m.s.f.DefaultMavenResourcesFiltering - skip non existing resourceDirectory C:\Users\ASUS\OneDrive\Desktop\Sprint\connectsphere-backend\follow-service\src\test\resources
2026-04-19 22:50:47,553 [Worker-38: Building] INFO  o.a.m.s.f.DefaultMavenResourcesFiltering - Copying 1 resource from src\main\resources to target\classes
2026-04-19 22:50:47,560 [Worker-38: Building] INFO  o.a.m.s.f.DefaultMavenResourcesFiltering - Copying 0 resource from src\main\resources to target\classes
2026-04-19 22:50:47,565 [Worker-38: Building] INFO  o.a.m.s.f.DefaultMavenResourcesFiltering - skip non existing resourceDirectory C:\Users\ASUS\OneDrive\Desktop\Sprint\connectsphere-backend\follow-service\src\test\resources
2026-04-19 22:50:53,346 [Worker-23: Building] INFO  o.a.m.s.f.DefaultMavenResourcesFiltering - Copying 1 resource from src\main\resources to target\classes
2026-04-19 22:50:53,350 [Worker-23: Building] INFO  o.a.m.s.f.DefaultMavenResourcesFiltering - Copying 0 resource from src\main\resources to target\classes
2026-04-19 22:50:53,352 [Worker-23: Building] INFO  o.a.m.s.f.DefaultMavenResourcesFiltering - skip non existing resourceDirectory C:\Users\ASUS\OneDrive\Desktop\Sprint\connectsphere-backend\follow-service\src\test\resources
2026-04-19 22:50:57,391 [Worker-34: Building] INFO  o.a.m.s.f.DefaultMavenResourcesFiltering - Copying 1 resource from src\main\resources to target\classes
2026-04-19 22:50:57,395 [Worker-34: Building] INFO  o.a.m.s.f.DefaultMavenResourcesFiltering - Copying 0 resource from src\main\resources to target\classes
2026-04-19 22:50:57,397 [Worker-34: Building] INFO  o.a.m.s.f.DefaultMavenResourcesFiltering - skip non existing resourceDirectory C:\Users\ASUS\OneDrive\Desktop\Sprint\connectsphere-backend\follow-service\src\test\resources
2026-04-19 22:51:03,417 [Worker-27: Building] INFO  o.a.m.s.f.DefaultMavenResourcesFiltering - Copying 1 resource from src\main\resources to target\classes
2026-04-19 22:51:03,421 [Worker-27: Building] INFO  o.a.m.s.f.DefaultMavenResourcesFiltering - Copying 0 resource from src\main\resources to target\classes
2026-04-19 22:51:03,423 [Worker-27: Building] INFO  o.a.m.s.f.DefaultMavenResourcesFiltering - skip non existing resourceDirectory C:\Users\ASUS\OneDrive\Desktop\Sprint\connectsphere-backend\follow-service\src\test\resources
2026-04-19 22:51:09,912 [Worker-39: Building] INFO  o.a.m.s.f.DefaultMavenResourcesFiltering - Copying 1 resource from src\main\resources to target\classes
2026-04-19 22:51:09,916 [Worker-39: Building] INFO  o.a.m.s.f.DefaultMavenResourcesFiltering - Copying 0 resource from src\main\resources to target\classes
2026-04-19 22:51:09,919 [Worker-39: Building] INFO  o.a.m.s.f.DefaultMavenResourcesFiltering - skip non existing resourceDirectory C:\Users\ASUS\OneDrive\Desktop\Sprint\connectsphere-backend\follow-service\src\test\resources
2026-04-19 22:51:17,265 [Worker-38: Building] INFO  o.a.m.s.f.DefaultMavenResourcesFiltering - Copying 1 resource from src\main\resources to target\classes
2026-04-19 22:51:17,270 [Worker-38: Building] INFO  o.a.m.s.f.DefaultMavenResourcesFiltering - Copying 0 resource from src\main\resources to target\classes
2026-04-19 22:51:17,272 [Worker-38: Building] INFO  o.a.m.s.f.DefaultMavenResourcesFiltering - skip non existing resourceDirectory C:\Users\ASUS\OneDrive\Desktop\Sprint\connectsphere-backend\follow-service\src\test\resources
2026-04-19 22:51:37,235 [Worker-34: Building] INFO  o.a.m.s.f.DefaultMavenResourcesFiltering - Copying 0 resource from src\main\resources to target\classes
2026-04-19 22:51:37,235 [Worker-34: Building] INFO  o.a.m.s.f.DefaultMavenResourcesFiltering - Copying 0 resource from src\main\resources to target\classes
2026-04-19 22:51:37,238 [Worker-34: Building] INFO  o.a.m.s.f.DefaultMavenResourcesFiltering - skip non existing resourceDirectory C:\Users\ASUS\OneDrive\Desktop\Sprint\connectsphere-backend\follow-service\src\test\resources
2026-04-19 22:52:05,297 [Worker-31: Building] INFO  o.a.m.s.f.DefaultMavenResourcesFiltering - Copying 0 resource from src\main\resources to target\classes
2026-04-19 22:52:05,297 [Worker-31: Building] INFO  o.a.m.s.f.DefaultMavenResourcesFiltering - Copying 0 resource from src\main\resources to target\classes
2026-04-19 22:52:05,303 [Worker-31: Building] INFO  o.a.m.s.f.DefaultMavenResourcesFiltering - skip non existing resourceDirectory C:\Users\ASUS\OneDrive\Desktop\Sprint\connectsphere-backend\follow-service\src\test\resources
2026-04-19 22:52:34,863 [main] INFO  o.e.m.jdt.internal.UnitTestSupport - Updating FollowServiceImplTest from maven configuration
2026-04-19 23:10:04,623 [Worker-6: Loading available Gradle versions] INFO  o.e.b.c.i.u.g.PublishedGradleVersions - Gradle version information cache is out-of-date. Trying to update.
2026-04-19 23:12:30,469 [Worker-15: Launching CommentServiceImplTest] INFO  o.a.m.s.f.DefaultMavenResourcesFiltering - Copying 1 resource from src\main\resources to target\classes
2026-04-19 23:12:30,562 [Worker-15: Launching CommentServiceImplTest] INFO  o.a.m.s.f.DefaultMavenResourcesFiltering - Copying 0 resource from src\main\resources to target\classes
2026-04-19 23:12:30,578 [Worker-15: Launching CommentServiceImplTest] INFO  o.a.m.s.f.DefaultMavenResourcesFiltering - skip non existing resourceDirectory C:\Users\ASUS\OneDrive\Desktop\Sprint\connectsphere-backend\comment-service\src\test\resources
2026-04-19 23:18:19,466 [Worker-7: Loading available Gradle versions] INFO  o.e.b.c.i.u.g.PublishedGradleVersions - Gradle version information cache is up-to-date. Trying to read.
2026-04-20 05:35:35,747 [Worker-6: Loading available Gradle versions] INFO  o.e.b.c.i.u.g.PublishedGradleVersions - Gradle version information cache is up-to-date. Trying to read.
2026-04-20 05:37:50,242 [Worker-6: Loading available Gradle versions] INFO  o.e.b.c.i.u.g.PublishedGradleVersions - Gradle version information cache is up-to-date. Trying to read.
2026-04-20 05:38:36,996 [Worker-36: Building] INFO  o.a.m.s.f.DefaultMavenResourcesFiltering - Copying 1 resource from src\main\resources to target\classes
2026-04-20 05:38:37,073 [Worker-36: Building] INFO  o.a.m.s.f.DefaultMavenResourcesFiltering - Copying 0 resource from src\main\resources to target\classes
2026-04-20 05:38:37,080 [Worker-36: Building] INFO  o.a.m.s.f.DefaultMavenResourcesFiltering - skip non existing resourceDirectory C:\Users\ASUS\OneDrive\Desktop\Sprint\connectsphere-backend\api-gateway\src\test\resources
2026-04-20 05:38:39,699 [Worker-36: Building] INFO  o.a.m.s.f.DefaultMavenResourcesFiltering - Copying 1 resource from src\main\resources to target\classes
2026-04-20 05:38:39,703 [Worker-36: Building] INFO  o.a.m.s.f.DefaultMavenResourcesFiltering - Copying 0 resource from src\main\resources to target\classes
2026-04-20 05:38:39,706 [Worker-36: Building] INFO  o.a.m.s.f.DefaultMavenResourcesFiltering - skip non existing resourceDirectory C:\Users\ASUS\OneDrive\Desktop\Sprint\connectsphere-backend\auth-service\src\test\resources
2026-04-20 05:38:41,136 [Worker-36: Building] INFO  o.a.m.s.f.DefaultMavenResourcesFiltering - Copying 1 resource from src\main\resources to target\classes
2026-04-20 05:38:41,201 [Worker-36: Building] INFO  o.a.m.s.f.DefaultMavenResourcesFiltering - Copying 0 resource from src\main\resources to target\classes
2026-04-20 05:38:41,206 [Worker-36: Building] INFO  o.a.m.s.f.DefaultMavenResourcesFiltering - skip non existing resourceDirectory C:\Users\ASUS\OneDrive\Desktop\Sprint\connectsphere-backend\comment-service\src\test\resources
2026-04-20 05:38:42,381 [Worker-36: Building] INFO  o.a.m.s.f.DefaultMavenResourcesFiltering - Copying 1 resource from src\main\resources to target\classes
2026-04-20 05:38:42,384 [Worker-36: Building] INFO  o.a.m.s.f.DefaultMavenResourcesFiltering - Copying 8 resources from src\main\resources to target\classes
2026-04-20 05:38:42,397 [Worker-36: Building] INFO  o.a.m.s.f.DefaultMavenResourcesFiltering - skip non existing resourceDirectory C:\Users\ASUS\OneDrive\Desktop\Sprint\connectsphere-backend\config-server\src\test\resources
2026-04-20 05:38:43,768 [Worker-36: Building] INFO  o.a.m.s.f.DefaultMavenResourcesFiltering - Copying 1 resource from src\main\resources to target\classes
2026-04-20 05:38:43,770 [Worker-36: Building] INFO  o.a.m.s.f.DefaultMavenResourcesFiltering - Copying 0 resource from src\main\resources to target\classes
2026-04-20 05:38:43,772 [Worker-36: Building] INFO  o.a.m.s.f.DefaultMavenResourcesFiltering - skip non existing resourceDirectory C:\Users\ASUS\OneDrive\Desktop\Sprint\connectsphere-backend\eureka-server\src\test\resources
2026-04-20 05:38:44,886 [Worker-36: Building] INFO  o.a.m.s.f.DefaultMavenResourcesFiltering - Copying 1 resource from src\main\resources to target\classes
2026-04-20 05:38:44,890 [Worker-36: Building] INFO  o.a.m.s.f.DefaultMavenResourcesFiltering - Copying 0 resource from src\main\resources to target\classes
2026-04-20 05:38:44,892 [Worker-36: Building] INFO  o.a.m.s.f.DefaultMavenResourcesFiltering - skip non existing resourceDirectory C:\Users\ASUS\OneDrive\Desktop\Sprint\connectsphere-backend\post-service\src\test\resources
2026-04-20 05:38:45,517 [Worker-25: Updating Maven Project] INFO  o.e.m.c.i.p.ProjectConfigurationManager - Update started
2026-04-20 05:38:49,140 [Worker-25: Updating Maven Project] INFO  o.e.m.c.i.l.LifecycleMappingFactory - Using org.eclipse.m2e.jdt.JarLifecycleMapping lifecycle mapping for MavenProject: com.connectsphere:api-gateway:1.0.0 @ C:\Users\ASUS\OneDrive\Desktop\Sprint\connectsphere-backend\api-gateway\pom.xml.
2026-04-20 05:38:49,599 [Worker-25: Updating Maven Project] INFO  o.e.m.c.i.l.LifecycleMappingFactory - Using org.eclipse.m2e.jdt.JarLifecycleMapping lifecycle mapping for MavenProject: com.connectsphere:auth-service:1.0.0 @ C:\Users\ASUS\OneDrive\Desktop\Sprint\connectsphere-backend\auth-service\pom.xml.
2026-04-20 05:38:49,736 [Worker-25: Updating Maven Project] INFO  o.e.m.c.i.l.LifecycleMappingFactory - Using org.eclipse.m2e.jdt.JarLifecycleMapping lifecycle mapping for MavenProject: com.connectsphere:comment-service:1.0.0 @ C:\Users\ASUS\OneDrive\Desktop\Sprint\connectsphere-backend\comment-service\pom.xml.
2026-04-20 05:38:50,175 [Worker-25: Updating Maven Project] INFO  o.e.m.c.i.l.LifecycleMappingFactory - Using org.eclipse.m2e.jdt.JarLifecycleMapping lifecycle mapping for MavenProject: com.connectsphere:config-server:1.0.0 @ C:\Users\ASUS\OneDrive\Desktop\Sprint\connectsphere-backend\config-server\pom.xml.
2026-04-20 05:38:50,508 [Worker-25: Updating Maven Project] INFO  o.e.m.c.i.l.LifecycleMappingFactory - Using org.eclipse.m2e.jdt.JarLifecycleMapping lifecycle mapping for MavenProject: com.connectsphere:eureka-server:1.0.0 @ C:\Users\ASUS\OneDrive\Desktop\Sprint\connectsphere-backend\eureka-server\pom.xml.
2026-04-20 05:38:50,890 [Worker-25: Updating Maven Project] INFO  o.e.m.c.i.l.LifecycleMappingFactory - Using org.eclipse.m2e.jdt.JarLifecycleMapping lifecycle mapping for MavenProject: com.connectsphere:post-service:1.0.0 @ C:\Users\ASUS\OneDrive\Desktop\Sprint\connectsphere-backend\post-service\pom.xml.
2026-04-20 05:38:52,716 [Worker-25: Updating Maven Project] INFO  o.e.m.j.i.AbstractJavaProjectConfigurator - Adding source folder /api-gateway/src/main/java
2026-04-20 05:38:52,717 [Worker-25: Updating Maven Project] INFO  o.e.m.j.i.AbstractJavaProjectConfigurator - Adding resource folder /api-gateway/src/main/resources
2026-04-20 05:38:52,718 [Worker-25: Updating Maven Project] INFO  o.e.m.j.i.AbstractJavaProjectConfigurator - Adding resource folder /api-gateway/src/main/resources
2026-04-20 05:38:52,718 [Worker-25: Updating Maven Project] INFO  o.e.m.j.i.AbstractJavaProjectConfigurator - Adding source folder /api-gateway/src/test/java
2026-04-20 05:38:52,719 [Worker-25: Updating Maven Project] INFO  o.e.m.j.i.AbstractJavaProjectConfigurator - Adding resource folder /api-gateway/src/test/resources
2026-04-20 05:38:53,029 [Worker-25: Updating Maven Project] INFO  o.e.m.j.i.AbstractJavaProjectConfigurator - Adding source folder /auth-service/src/main/java
2026-04-20 05:38:53,029 [Worker-25: Updating Maven Project] INFO  o.e.m.j.i.AbstractJavaProjectConfigurator - Adding resource folder /auth-service/src/main/resources
2026-04-20 05:38:53,030 [Worker-25: Updating Maven Project] INFO  o.e.m.j.i.AbstractJavaProjectConfigurator - Adding resource folder /auth-service/src/main/resources
2026-04-20 05:38:53,030 [Worker-25: Updating Maven Project] INFO  o.e.m.j.i.AbstractJavaProjectConfigurator - Adding source folder /auth-service/src/test/java
2026-04-20 05:38:53,030 [Worker-25: Updating Maven Project] INFO  o.e.m.j.i.AbstractJavaProjectConfigurator - Adding resource folder /auth-service/src/test/resources
2026-04-20 05:38:53,261 [Worker-25: Updating Maven Project] INFO  o.e.m.jdt.internal.UnitTestSupport - Reset launch configuration name: AuthServiceImplTest
2026-04-20 05:38:53,261 [Worker-25: Updating Maven Project] INFO  o.e.m.jdt.internal.UnitTestSupport - Updating AuthServiceImplTest from maven configuration
2026-04-20 05:38:55,202 [Worker-25: Updating Maven Project] INFO  o.e.m.j.i.AbstractJavaProjectConfigurator - Adding source folder /comment-service/src/main/java
2026-04-20 05:38:55,202 [Worker-25: Updating Maven Project] INFO  o.e.m.j.i.AbstractJavaProjectConfigurator - Adding resource folder /comment-service/src/main/resources
2026-04-20 05:38:55,204 [Worker-25: Updating Maven Project] INFO  o.e.m.j.i.AbstractJavaProjectConfigurator - Adding resource folder /comment-service/src/main/resources
2026-04-20 05:38:55,204 [Worker-25: Updating Maven Project] INFO  o.e.m.j.i.AbstractJavaProjectConfigurator - Adding source folder /comment-service/src/test/java
2026-04-20 05:38:55,205 [Worker-25: Updating Maven Project] INFO  o.e.m.j.i.AbstractJavaProjectConfigurator - Adding resource folder /comment-service/src/test/resources
2026-04-20 05:38:55,608 [Worker-25: Updating Maven Project] INFO  o.e.m.jdt.internal.UnitTestSupport - Reset launch configuration name: CommentServiceImplTest
2026-04-20 05:38:55,608 [Worker-25: Updating Maven Project] INFO  o.e.m.jdt.internal.UnitTestSupport - Updating CommentServiceImplTest from maven configuration
2026-04-20 05:38:55,884 [Worker-25: Updating Maven Project] INFO  o.e.m.j.i.AbstractJavaProjectConfigurator - Adding source folder /config-server/src/main/java
2026-04-20 05:38:55,884 [Worker-25: Updating Maven Project] INFO  o.e.m.j.i.AbstractJavaProjectConfigurator - Adding resource folder /config-server/src/main/resources
2026-04-20 05:38:55,885 [Worker-25: Updating Maven Project] INFO  o.e.m.j.i.AbstractJavaProjectConfigurator - Adding resource folder /config-server/src/main/resources
2026-04-20 05:38:55,885 [Worker-25: Updating Maven Project] INFO  o.e.m.j.i.AbstractJavaProjectConfigurator - Adding source folder /config-server/src/test/java
2026-04-20 05:38:55,886 [Worker-25: Updating Maven Project] INFO  o.e.m.j.i.AbstractJavaProjectConfigurator - Adding resource folder /config-server/src/test/resources
2026-04-20 05:38:56,213 [Worker-25: Updating Maven Project] INFO  o.e.m.j.i.AbstractJavaProjectConfigurator - Adding source folder /eureka-server/src/main/java
2026-04-20 05:38:56,214 [Worker-25: Updating Maven Project] INFO  o.e.m.j.i.AbstractJavaProjectConfigurator - Adding resource folder /eureka-server/src/main/resources
2026-04-20 05:38:56,214 [Worker-25: Updating Maven Project] INFO  o.e.m.j.i.AbstractJavaProjectConfigurator - Adding resource folder /eureka-server/src/main/resources
2026-04-20 05:38:56,214 [Worker-25: Updating Maven Project] INFO  o.e.m.j.i.AbstractJavaProjectConfigurator - Adding source folder /eureka-server/src/test/java
2026-04-20 05:38:56,215 [Worker-25: Updating Maven Project] INFO  o.e.m.j.i.AbstractJavaProjectConfigurator - Adding resource folder /eureka-server/src/test/resources
2026-04-20 05:38:56,569 [Worker-25: Updating Maven Project] INFO  o.e.m.j.i.AbstractJavaProjectConfigurator - Adding source folder /post-service/src/main/java
2026-04-20 05:38:56,570 [Worker-25: Updating Maven Project] INFO  o.e.m.j.i.AbstractJavaProjectConfigurator - Adding resource folder /post-service/src/main/resources
2026-04-20 05:38:56,570 [Worker-25: Updating Maven Project] INFO  o.e.m.j.i.AbstractJavaProjectConfigurator - Adding resource folder /post-service/src/main/resources
2026-04-20 05:38:56,571 [Worker-25: Updating Maven Project] INFO  o.e.m.j.i.AbstractJavaProjectConfigurator - Adding source folder /post-service/src/test/java
2026-04-20 05:38:56,571 [Worker-25: Updating Maven Project] INFO  o.e.m.j.i.AbstractJavaProjectConfigurator - Adding resource folder /post-service/src/test/resources
2026-04-20 05:38:56,818 [Worker-25: Updating Maven Project] INFO  o.e.m.jdt.internal.UnitTestSupport - Reset launch configuration name: PostServiceImplTest
2026-04-20 05:38:56,818 [Worker-25: Updating Maven Project] INFO  o.e.m.jdt.internal.UnitTestSupport - Updating PostServiceImplTest from maven configuration
2026-04-20 05:38:57,921 [Worker-25: Updating Maven Project] INFO  o.e.m.c.i.p.ProjectConfigurationManager - Update completed for 6 poms: local refresh takes 0.00 sec, refresh facades takes 7.00 sec, update config takes 4.00 sec 
2026-04-20 06:37:37,085 [Worker-4: Loading available Gradle versions] INFO  o.e.b.c.i.u.g.PublishedGradleVersions - Gradle version information cache is up-to-date. Trying to read.
2026-04-20 06:37:46,029 [Worker-10: Building] INFO  o.e.m.c.i.l.LifecycleMappingFactory - Using org.eclipse.m2e.jdt.JarLifecycleMapping lifecycle mapping for MavenProject: com.connectsphere:api-gateway:1.0.0 @ C:\Users\ASUS\OneDrive\Desktop\Sprint\connectsphere-backend\api-gateway\pom.xml.
2026-04-20 06:37:48,665 [Worker-10: Building] INFO  o.a.m.s.f.DefaultMavenResourcesFiltering - Copying 1 resource from src\main\resources to target\classes
2026-04-20 06:37:48,780 [Worker-10: Building] INFO  o.a.m.s.f.DefaultMavenResourcesFiltering - Copying 0 resource from src\main\resources to target\classes
2026-04-20 06:37:48,788 [Worker-10: Building] INFO  o.a.m.s.f.DefaultMavenResourcesFiltering - skip non existing resourceDirectory C:\Users\ASUS\OneDrive\Desktop\Sprint\connectsphere-backend\api-gateway\src\test\resources
2026-04-20 06:37:50,484 [Worker-10: Building] INFO  o.e.m.c.i.l.LifecycleMappingFactory - Using org.eclipse.m2e.jdt.JarLifecycleMapping lifecycle mapping for MavenProject: com.connectsphere:auth-service:1.0.0 @ C:\Users\ASUS\OneDrive\Desktop\Sprint\connectsphere-backend\auth-service\pom.xml.
2026-04-20 06:37:52,467 [Worker-10: Building] INFO  o.a.m.s.f.DefaultMavenResourcesFiltering - Copying 1 resource from src\main\resources to target\classes
2026-04-20 06:37:52,542 [Worker-10: Building] INFO  o.a.m.s.f.DefaultMavenResourcesFiltering - Copying 0 resource from src\main\resources to target\classes
2026-04-20 06:37:52,550 [Worker-10: Building] INFO  o.a.m.s.f.DefaultMavenResourcesFiltering - skip non existing resourceDirectory C:\Users\ASUS\OneDrive\Desktop\Sprint\connectsphere-backend\auth-service\src\test\resources
2026-04-20 06:37:53,540 [Worker-12: Building] INFO  o.e.m.c.i.l.LifecycleMappingFactory - Using org.eclipse.m2e.jdt.JarLifecycleMapping lifecycle mapping for MavenProject: com.connectsphere:comment-service:1.0.0 @ C:\Users\ASUS\OneDrive\Desktop\Sprint\connectsphere-backend\comment-service\pom.xml.
2026-04-20 06:37:54,677 [Worker-12: Building] INFO  o.a.m.s.f.DefaultMavenResourcesFiltering - Copying 1 resource from src\main\resources to target\classes
2026-04-20 06:37:54,737 [Worker-12: Building] INFO  o.a.m.s.f.DefaultMavenResourcesFiltering - Copying 0 resource from src\main\resources to target\classes
2026-04-20 06:37:54,742 [Worker-12: Building] INFO  o.a.m.s.f.DefaultMavenResourcesFiltering - skip non existing resourceDirectory C:\Users\ASUS\OneDrive\Desktop\Sprint\connectsphere-backend\comment-service\src\test\resources
2026-04-20 06:37:55,280 [Worker-12: Building] INFO  o.e.m.c.i.l.LifecycleMappingFactory - Using org.eclipse.m2e.jdt.JarLifecycleMapping lifecycle mapping for MavenProject: com.connectsphere:config-server:1.0.0 @ C:\Users\ASUS\OneDrive\Desktop\Sprint\connectsphere-backend\config-server\pom.xml.
2026-04-20 06:37:56,244 [Worker-12: Building] INFO  o.a.m.s.f.DefaultMavenResourcesFiltering - Copying 1 resource from src\main\resources to target\classes
2026-04-20 06:37:56,299 [Worker-12: Building] INFO  o.a.m.s.f.DefaultMavenResourcesFiltering - Copying 8 resources from src\main\resources to target\classes
2026-04-20 06:37:56,316 [Worker-12: Building] INFO  o.a.m.s.f.DefaultMavenResourcesFiltering - skip non existing resourceDirectory C:\Users\ASUS\OneDrive\Desktop\Sprint\connectsphere-backend\config-server\src\test\resources
2026-04-20 06:37:56,718 [Worker-12: Building] INFO  o.e.m.c.i.l.LifecycleMappingFactory - Using org.eclipse.m2e.jdt.JarLifecycleMapping lifecycle mapping for MavenProject: com.connectsphere:eureka-server:1.0.0 @ C:\Users\ASUS\OneDrive\Desktop\Sprint\connectsphere-backend\eureka-server\pom.xml.
2026-04-20 06:37:57,820 [Worker-12: Building] INFO  o.a.m.s.f.DefaultMavenResourcesFiltering - Copying 1 resource from src\main\resources to target\classes
2026-04-20 06:37:57,900 [Worker-12: Building] INFO  o.a.m.s.f.DefaultMavenResourcesFiltering - Copying 0 resource from src\main\resources to target\classes
2026-04-20 06:37:57,905 [Worker-12: Building] INFO  o.a.m.s.f.DefaultMavenResourcesFiltering - skip non existing resourceDirectory C:\Users\ASUS\OneDrive\Desktop\Sprint\connectsphere-backend\eureka-server\src\test\resources
2026-04-20 06:37:58,630 [Worker-12: Building] INFO  o.e.m.c.i.l.LifecycleMappingFactory - Using org.eclipse.m2e.jdt.JarLifecycleMapping lifecycle mapping for MavenProject: com.connectsphere:post-service:1.0.0 @ C:\Users\ASUS\OneDrive\Desktop\Sprint\connectsphere-backend\post-service\pom.xml.
2026-04-20 06:37:59,562 [Worker-12: Building] INFO  o.a.m.s.f.DefaultMavenResourcesFiltering - Copying 1 resource from src\main\resources to target\classes
2026-04-20 06:37:59,709 [Worker-12: Building] INFO  o.a.m.s.f.DefaultMavenResourcesFiltering - skip non existing resourceDirectory C:\Users\ASUS\OneDrive\Desktop\Sprint\connectsphere-backend\post-service\src\test\resources
2026-04-20 06:38:00,956 [Worker-4: Updating Maven Dependencies] INFO  o.e.m.c.i.l.LifecycleMappingFactory - Using org.eclipse.m2e.jdt.JarLifecycleMapping lifecycle mapping for MavenProject: com.connectsphere:auth-service:1.0.0 @ C:\Users\ASUS\OneDrive\Desktop\Sprint\connectsphere-backend\auth-service\pom.xml.
2026-04-20 06:38:01,472 [Worker-4: Updating Maven Dependencies] INFO  o.e.m.c.i.l.LifecycleMappingFactory - Using org.eclipse.m2e.jdt.JarLifecycleMapping lifecycle mapping for MavenProject: com.connectsphere:comment-service:1.0.0 @ C:\Users\ASUS\OneDrive\Desktop\Sprint\connectsphere-backend\comment-service\pom.xml.
2026-04-20 06:38:01,647 [Worker-4: Updating Maven Dependencies] INFO  o.e.m.c.i.l.LifecycleMappingFactory - Using org.eclipse.m2e.jdt.JarLifecycleMapping lifecycle mapping for MavenProject: com.connectsphere:config-server:1.0.0 @ C:\Users\ASUS\OneDrive\Desktop\Sprint\connectsphere-backend\config-server\pom.xml.
2026-04-20 06:38:01,791 [Worker-4: Updating Maven Dependencies] INFO  o.e.m.c.i.l.LifecycleMappingFactory - Using org.eclipse.m2e.jdt.JarLifecycleMapping lifecycle mapping for MavenProject: com.connectsphere:eureka-server:1.0.0 @ C:\Users\ASUS\OneDrive\Desktop\Sprint\connectsphere-backend\eureka-server\pom.xml.
2026-04-20 06:38:01,973 [Worker-4: Updating Maven Dependencies] INFO  o.e.m.c.i.l.LifecycleMappingFactory - Using org.eclipse.m2e.jdt.JarLifecycleMapping lifecycle mapping for MavenProject: com.connectsphere:api-gateway:1.0.0 @ C:\Users\ASUS\OneDrive\Desktop\Sprint\connectsphere-backend\api-gateway\pom.xml.
2026-04-20 06:38:02,131 [Worker-4: Updating Maven Dependencies] INFO  o.e.m.c.i.l.LifecycleMappingFactory - Using org.eclipse.m2e.jdt.JarLifecycleMapping lifecycle mapping for MavenProject: com.connectsphere:post-service:1.0.0 @ C:\Users\ASUS\OneDrive\Desktop\Sprint\connectsphere-backend\post-service\pom.xml.
2026-04-20 06:38:37,105 [Worker-9: Importing Maven projects] INFO  o.e.m.c.i.l.LifecycleMappingFactory - Using org.eclipse.m2e.jdt.JarLifecycleMapping lifecycle mapping for MavenProject: com.connectsphere:like-service:1.0.0 @ C:\Users\ASUS\OneDrive\Desktop\Sprint\connectsphere-backend\like-service\pom.xml.
2026-04-20 06:38:38,125 [Worker-9: Importing Maven projects] INFO  o.e.m.j.i.AbstractJavaProjectConfigurator - Adding source folder /like-service/src/main/java
2026-04-20 06:38:38,131 [Worker-9: Importing Maven projects] INFO  o.e.m.j.i.AbstractJavaProjectConfigurator - Adding resource folder /like-service/src/main/resources
2026-04-20 06:38:38,132 [Worker-9: Importing Maven projects] INFO  o.e.m.j.i.AbstractJavaProjectConfigurator - Adding resource folder /like-service/src/main/resources
2026-04-20 06:38:38,134 [Worker-9: Importing Maven projects] INFO  o.e.m.j.i.AbstractJavaProjectConfigurator - Adding source folder /like-service/src/test/java
2026-04-20 06:38:38,135 [Worker-9: Importing Maven projects] INFO  o.e.m.j.i.AbstractJavaProjectConfigurator - Adding resource folder /like-service/src/test/resources
2026-04-20 06:38:38,524 [Worker-9: Importing Maven projects] INFO  o.e.m.jdt.internal.UnitTestSupport - Reset launch configuration name: LikeServiceImplTest
2026-04-20 06:38:38,524 [Worker-9: Importing Maven projects] INFO  o.e.m.jdt.internal.UnitTestSupport - Updating LikeServiceImplTest from maven configuration
2026-04-20 06:38:39,150 [Worker-9: Importing Maven projects] INFO  o.e.m.c.i.p.ProjectConfigurationManager - Imported and configured 1 project(s) in 2 sec
2026-04-20 06:38:40,080 [Worker-12: Building] INFO  o.a.m.s.f.DefaultMavenResourcesFiltering - Copying 1 resource from src\main\resources to target\classes
2026-04-20 06:38:40,179 [Worker-12: Building] INFO  o.a.m.s.f.DefaultMavenResourcesFiltering - Copying 0 resource from src\main\resources to target\classes
2026-04-20 06:38:40,187 [Worker-12: Building] INFO  o.a.m.s.f.DefaultMavenResourcesFiltering - skip non existing resourceDirectory C:\Users\ASUS\OneDrive\Desktop\Sprint\connectsphere-backend\like-service\src\test\resources
2026-04-20 06:40:52,917 [Worker-4: Import Getting Started Content] INFO  o.e.m.c.i.l.LifecycleMappingFactory - Using org.eclipse.m2e.jdt.JarLifecycleMapping lifecycle mapping for MavenProject: com.connectsphere.notification:notification-service:0.0.1-SNAPSHOT @ C:\Users\ASUS\OneDrive\Desktop\Sprint\connectsphere-backend\notification-service\pom.xml.
2026-04-20 06:40:54,794 [Worker-4: Import Getting Started Content] INFO  o.e.m.j.i.AbstractJavaProjectConfigurator - Adding source folder /notification-service/src/main/java
2026-04-20 06:40:54,794 [Worker-4: Import Getting Started Content] INFO  o.e.m.j.i.AbstractJavaProjectConfigurator - Adding resource folder /notification-service/src/main/resources
2026-04-20 06:40:54,796 [Worker-4: Import Getting Started Content] INFO  o.e.m.j.i.AbstractJavaProjectConfigurator - Adding resource folder /notification-service/src/main/resources
2026-04-20 06:40:54,797 [Worker-4: Import Getting Started Content] INFO  o.e.m.j.i.AbstractJavaProjectConfigurator - Adding source folder /notification-service/src/test/java
2026-04-20 06:40:54,798 [Worker-4: Import Getting Started Content] INFO  o.e.m.j.i.AbstractJavaProjectConfigurator - Adding resource folder /notification-service/src/test/resources
2026-04-20 06:40:55,907 [Worker-4: Import Getting Started Content] INFO  o.e.m.c.i.p.ProjectConfigurationManager - Imported and configured 1 project(s) in 5 sec
2026-04-20 06:40:55,910 [Worker-4: Import Getting Started Content] INFO  o.e.m.c.i.p.ProjectConfigurationManager - Update started
2026-04-20 06:40:56,085 [Worker-4: Import Getting Started Content] INFO  o.e.m.c.i.l.LifecycleMappingFactory - Using org.eclipse.m2e.jdt.JarLifecycleMapping lifecycle mapping for MavenProject: com.connectsphere.notification:notification-service:0.0.1-SNAPSHOT @ C:\Users\ASUS\OneDrive\Desktop\Sprint\connectsphere-backend\notification-service\pom.xml.
2026-04-20 06:40:56,320 [Worker-4: Import Getting Started Content] INFO  o.e.m.j.i.AbstractJavaProjectConfigurator - Adding source folder /notification-service/src/main/java
2026-04-20 06:40:56,321 [Worker-4: Import Getting Started Content] INFO  o.e.m.j.i.AbstractJavaProjectConfigurator - Adding resource folder /notification-service/src/main/resources
2026-04-20 06:40:56,322 [Worker-4: Import Getting Started Content] INFO  o.e.m.j.i.AbstractJavaProjectConfigurator - Adding resource folder /notification-service/src/main/resources
2026-04-20 06:40:56,323 [Worker-4: Import Getting Started Content] INFO  o.e.m.j.i.AbstractJavaProjectConfigurator - Adding source folder /notification-service/src/test/java
2026-04-20 06:40:56,323 [Worker-4: Import Getting Started Content] INFO  o.e.m.j.i.AbstractJavaProjectConfigurator - Adding resource folder /notification-service/src/test/resources
2026-04-20 06:40:56,522 [Worker-4: Import Getting Started Content] INFO  o.e.m.c.i.p.ProjectConfigurationManager - Update completed for 1 poms: local refresh takes 0.00 sec, refresh facades takes 0.00 sec, update config takes 0.00 sec 
2026-04-20 06:40:56,986 [Worker-20: Building] INFO  o.a.m.s.f.DefaultMavenResourcesFiltering - Copying 1 resource from src\main\resources to target\classes
2026-04-20 06:40:57,059 [Worker-20: Building] INFO  o.a.m.s.f.DefaultMavenResourcesFiltering - Copying 0 resource from src\main\resources to target\classes
2026-04-20 06:40:57,064 [Worker-20: Building] INFO  o.a.m.s.f.DefaultMavenResourcesFiltering - skip non existing resourceDirectory C:\Users\ASUS\OneDrive\Desktop\Sprint\connectsphere-backend\notification-service\src\test\resources
2026-04-20 06:41:08,700 [Worker-28: Building] INFO  o.e.m.c.i.e.AbstractTransferListenerAdapter - Downloading https://repo.maven.apache.org/maven2/org/springframework/boot/spring-boot-starter-amqp/3.2.0/spring-boot-starter-amqp-3.2.0.pom
2026-04-20 06:41:08,733 [Worker-28: Building] INFO  o.e.m.c.i.e.AbstractTransferListenerAdapter - Downloaded https://repo.maven.apache.org/maven2/org/springframework/boot/spring-boot-starter-amqp/3.2.0/spring-boot-starter-amqp-3.2.0.pom
2026-04-20 06:41:08,822 [Worker-28: Building] INFO  o.e.m.c.i.e.AbstractTransferListenerAdapter - Downloading https://repo.maven.apache.org/maven2/org/springframework/spring-messaging/6.1.1/spring-messaging-6.1.1.pom
2026-04-20 06:41:08,847 [Worker-28: Building] INFO  o.e.m.c.i.e.AbstractTransferListenerAdapter - Downloaded https://repo.maven.apache.org/maven2/org/springframework/spring-messaging/6.1.1/spring-messaging-6.1.1.pom
2026-04-20 06:41:08,917 [Worker-28: Building] INFO  o.e.m.c.i.e.AbstractTransferListenerAdapter - Downloading https://repo.maven.apache.org/maven2/org/springframework/amqp/spring-rabbit/3.1.0/spring-rabbit-3.1.0.pom
2026-04-20 06:41:08,934 [Worker-28: Building] INFO  o.e.m.c.i.e.AbstractTransferListenerAdapter - Downloaded https://repo.maven.apache.org/maven2/org/springframework/amqp/spring-rabbit/3.1.0/spring-rabbit-3.1.0.pom
2026-04-20 06:41:09,053 [Worker-28: Building] INFO  o.e.m.c.i.e.AbstractTransferListenerAdapter - Downloading https://repo.maven.apache.org/maven2/org/springframework/amqp/spring-amqp/3.1.0/spring-amqp-3.1.0.pom
2026-04-20 06:41:09,072 [Worker-28: Building] INFO  o.e.m.c.i.e.AbstractTransferListenerAdapter - Downloaded https://repo.maven.apache.org/maven2/org/springframework/amqp/spring-amqp/3.1.0/spring-amqp-3.1.0.pom
2026-04-20 06:41:09,140 [Worker-28: Building] INFO  o.e.m.c.i.e.AbstractTransferListenerAdapter - Downloading https://repo.maven.apache.org/maven2/org/springframework/retry/spring-retry/2.0.4/spring-retry-2.0.4.pom
2026-04-20 06:41:09,162 [Worker-28: Building] INFO  o.e.m.c.i.e.AbstractTransferListenerAdapter - Downloaded https://repo.maven.apache.org/maven2/org/springframework/retry/spring-retry/2.0.4/spring-retry-2.0.4.pom
2026-04-20 06:41:09,225 [Worker-28: Building] INFO  o.e.m.c.i.e.AbstractTransferListenerAdapter - Downloading https://repo.maven.apache.org/maven2/org/springframework/spring-framework-bom/6.0.13/spring-framework-bom-6.0.13.pom
2026-04-20 06:41:09,247 [Worker-28: Building] INFO  o.e.m.c.i.e.AbstractTransferListenerAdapter - Downloaded https://repo.maven.apache.org/maven2/org/springframework/spring-framework-bom/6.0.13/spring-framework-bom-6.0.13.pom
2026-04-20 06:41:09,312 [Worker-28: Building] INFO  o.e.m.c.i.e.AbstractTransferListenerAdapter - Downloading https://repo.maven.apache.org/maven2/com/rabbitmq/amqp-client/5.19.0/amqp-client-5.19.0.pom
2026-04-20 06:41:09,746 [Worker-28: Building] INFO  o.e.m.c.i.e.AbstractTransferListenerAdapter - Downloaded https://repo.maven.apache.org/maven2/com/rabbitmq/amqp-client/5.19.0/amqp-client-5.19.0.pom
2026-04-20 06:41:10,080 [Worker-28: Building] INFO  o.e.m.c.i.e.AbstractTransferListenerAdapter - Downloading https://repo.maven.apache.org/maven2/org/springframework/amqp/spring-rabbit-test/3.1.0/spring-rabbit-test-3.1.0.pom
2026-04-20 06:41:10,115 [Worker-28: Building] INFO  o.e.m.c.i.e.AbstractTransferListenerAdapter - Downloaded https://repo.maven.apache.org/maven2/org/springframework/amqp/spring-rabbit-test/3.1.0/spring-rabbit-test-3.1.0.pom
2026-04-20 06:41:10,278 [Worker-28: Building] INFO  o.e.m.c.i.e.AbstractTransferListenerAdapter - Downloading https://repo.maven.apache.org/maven2/org/springframework/amqp/spring-rabbit-junit/3.1.0/spring-rabbit-junit-3.1.0.pom
2026-04-20 06:41:10,312 [Worker-28: Building] INFO  o.e.m.c.i.e.AbstractTransferListenerAdapter - Downloaded https://repo.maven.apache.org/maven2/org/springframework/amqp/spring-rabbit-junit/3.1.0/spring-rabbit-junit-3.1.0.pom
2026-04-20 06:41:10,391 [Worker-28: Building] INFO  o.e.m.c.i.e.AbstractTransferListenerAdapter - Downloading https://repo.maven.apache.org/maven2/org/hamcrest/hamcrest-library/2.2/hamcrest-library-2.2.pom
2026-04-20 06:41:10,417 [Worker-28: Building] INFO  o.e.m.c.i.e.AbstractTransferListenerAdapter - Downloaded https://repo.maven.apache.org/maven2/org/hamcrest/hamcrest-library/2.2/hamcrest-library-2.2.pom
2026-04-20 06:41:10,485 [Worker-28: Building] INFO  o.e.m.c.i.e.AbstractTransferListenerAdapter - Downloading https://repo.maven.apache.org/maven2/org/hamcrest/hamcrest-core/2.2/hamcrest-core-2.2.pom
2026-04-20 06:41:10,509 [Worker-28: Building] INFO  o.e.m.c.i.e.AbstractTransferListenerAdapter - Downloaded https://repo.maven.apache.org/maven2/org/hamcrest/hamcrest-core/2.2/hamcrest-core-2.2.pom
2026-04-20 06:41:10,992 [Worker-28: Building] INFO  o.e.m.c.i.e.AbstractTransferListenerAdapter - Downloading https://repo.maven.apache.org/maven2/org/springframework/boot/spring-boot-starter-amqp/3.2.0/spring-boot-starter-amqp-3.2.0.jar
2026-04-20 06:41:11,257 [Worker-28: Building] INFO  o.e.m.c.i.e.AbstractTransferListenerAdapter - Downloaded https://repo.maven.apache.org/maven2/org/springframework/boot/spring-boot-starter-amqp/3.2.0/spring-boot-starter-amqp-3.2.0.jar
2026-04-20 06:41:11,318 [BasicRepositoryConnector-repo.maven.apache.org-0-1] INFO  o.e.m.c.i.e.AbstractTransferListenerAdapter - Downloading https://repo.maven.apache.org/maven2/org/springframework/amqp/spring-rabbit/3.1.0/spring-rabbit-3.1.0.jar
2026-04-20 06:41:11,427 [BasicRepositoryConnector-repo.maven.apache.org-0-3] INFO  o.e.m.c.i.e.AbstractTransferListenerAdapter - Downloading https://repo.maven.apache.org/maven2/org/springframework/retry/spring-retry/2.0.4/spring-retry-2.0.4.jar
2026-04-20 06:41:11,527 [BasicRepositoryConnector-repo.maven.apache.org-0-0] INFO  o.e.m.c.i.e.AbstractTransferListenerAdapter - Downloading https://repo.maven.apache.org/maven2/org/springframework/spring-messaging/6.1.1/spring-messaging-6.1.1.jar
2026-04-20 06:41:11,767 [BasicRepositoryConnector-repo.maven.apache.org-0-4] INFO  o.e.m.c.i.e.AbstractTransferListenerAdapter - Downloading https://repo.maven.apache.org/maven2/com/rabbitmq/amqp-client/5.19.0/amqp-client-5.19.0.jar
2026-04-20 06:41:11,767 [BasicRepositoryConnector-repo.maven.apache.org-0-2] INFO  o.e.m.c.i.e.AbstractTransferListenerAdapter - Downloading https://repo.maven.apache.org/maven2/org/springframework/amqp/spring-amqp/3.1.0/spring-amqp-3.1.0.jar
2026-04-20 06:41:12,643 [BasicRepositoryConnector-repo.maven.apache.org-0-3] INFO  o.e.m.c.i.e.AbstractTransferListenerAdapter - Downloaded https://repo.maven.apache.org/maven2/org/springframework/retry/spring-retry/2.0.4/spring-retry-2.0.4.jar
2026-04-20 06:41:12,708 [BasicRepositoryConnector-repo.maven.apache.org-0-3] INFO  o.e.m.c.i.e.AbstractTransferListenerAdapter - Downloading https://repo.maven.apache.org/maven2/org/springframework/amqp/spring-rabbit-test/3.1.0/spring-rabbit-test-3.1.0.jar
2026-04-20 06:41:13,250 [BasicRepositoryConnector-repo.maven.apache.org-0-3] INFO  o.e.m.c.i.e.AbstractTransferListenerAdapter - Downloaded https://repo.maven.apache.org/maven2/org/springframework/amqp/spring-rabbit-test/3.1.0/spring-rabbit-test-3.1.0.jar
2026-04-20 06:41:13,597 [BasicRepositoryConnector-repo.maven.apache.org-0-3] INFO  o.e.m.c.i.e.AbstractTransferListenerAdapter - Downloading https://repo.maven.apache.org/maven2/org/springframework/amqp/spring-rabbit-junit/3.1.0/spring-rabbit-junit-3.1.0.jar
2026-04-20 06:41:13,897 [BasicRepositoryConnector-repo.maven.apache.org-0-2] INFO  o.e.m.c.i.e.AbstractTransferListenerAdapter - Downloaded https://repo.maven.apache.org/maven2/org/springframework/amqp/spring-amqp/3.1.0/spring-amqp-3.1.0.jar
2026-04-20 06:41:14,087 [BasicRepositoryConnector-repo.maven.apache.org-0-2] INFO  o.e.m.c.i.e.AbstractTransferListenerAdapter - Downloading https://repo.maven.apache.org/maven2/org/hamcrest/hamcrest-library/2.2/hamcrest-library-2.2.jar
2026-04-20 06:41:14,117 [BasicRepositoryConnector-repo.maven.apache.org-0-2] INFO  o.e.m.c.i.e.AbstractTransferListenerAdapter - Downloaded https://repo.maven.apache.org/maven2/org/hamcrest/hamcrest-library/2.2/hamcrest-library-2.2.jar
2026-04-20 06:41:14,456 [BasicRepositoryConnector-repo.maven.apache.org-0-3] INFO  o.e.m.c.i.e.AbstractTransferListenerAdapter - Downloaded https://repo.maven.apache.org/maven2/org/springframework/amqp/spring-rabbit-junit/3.1.0/spring-rabbit-junit-3.1.0.jar
2026-04-20 06:41:14,837 [BasicRepositoryConnector-repo.maven.apache.org-0-2] INFO  o.e.m.c.i.e.AbstractTransferListenerAdapter - Downloading https://repo.maven.apache.org/maven2/org/hamcrest/hamcrest-core/2.2/hamcrest-core-2.2.jar
2026-04-20 06:41:14,908 [BasicRepositoryConnector-repo.maven.apache.org-0-2] INFO  o.e.m.c.i.e.AbstractTransferListenerAdapter - Downloaded https://repo.maven.apache.org/maven2/org/hamcrest/hamcrest-core/2.2/hamcrest-core-2.2.jar
2026-04-20 06:41:17,089 [BasicRepositoryConnector-repo.maven.apache.org-0-1] INFO  o.e.m.c.i.e.AbstractTransferListenerAdapter - Downloaded https://repo.maven.apache.org/maven2/org/springframework/amqp/spring-rabbit/3.1.0/spring-rabbit-3.1.0.jar
2026-04-20 06:41:17,497 [BasicRepositoryConnector-repo.maven.apache.org-0-0] INFO  o.e.m.c.i.e.AbstractTransferListenerAdapter - Downloaded https://repo.maven.apache.org/maven2/org/springframework/spring-messaging/6.1.1/spring-messaging-6.1.1.jar
2026-04-20 06:41:19,909 [BasicRepositoryConnector-repo.maven.apache.org-0-4] INFO  o.e.m.c.i.e.AbstractTransferListenerAdapter - Downloaded https://repo.maven.apache.org/maven2/com/rabbitmq/amqp-client/5.19.0/amqp-client-5.19.0.jar
2026-04-20 06:41:19,965 [Worker-28: Building] INFO  o.e.m.c.i.l.LifecycleMappingFactory - Using org.eclipse.m2e.jdt.JarLifecycleMapping lifecycle mapping for MavenProject: com.connectsphere:notification-service:1.0.0 @ C:\Users\ASUS\OneDrive\Desktop\Sprint\connectsphere-backend\notification-service\pom.xml.
2026-04-20 06:41:20,215 [Worker-28: Building] INFO  o.e.m.c.i.l.LifecycleMappingFactory - Using org.eclipse.m2e.jdt.JarLifecycleMapping lifecycle mapping for MavenProject: com.connectsphere:auth-service:1.0.0 @ C:\Users\ASUS\OneDrive\Desktop\Sprint\connectsphere-backend\auth-service\pom.xml.
2026-04-20 06:41:20,558 [Worker-28: Building] INFO  o.e.m.c.i.l.LifecycleMappingFactory - Using org.eclipse.m2e.jdt.JarLifecycleMapping lifecycle mapping for MavenProject: com.connectsphere:comment-service:1.0.0 @ C:\Users\ASUS\OneDrive\Desktop\Sprint\connectsphere-backend\comment-service\pom.xml.
2026-04-20 06:41:20,869 [Worker-28: Building] INFO  o.e.m.c.i.l.LifecycleMappingFactory - Using org.eclipse.m2e.jdt.JarLifecycleMapping lifecycle mapping for MavenProject: com.connectsphere:config-server:1.0.0 @ C:\Users\ASUS\OneDrive\Desktop\Sprint\connectsphere-backend\config-server\pom.xml.
2026-04-20 06:41:21,127 [Worker-28: Building] INFO  o.e.m.c.i.l.LifecycleMappingFactory - Using org.eclipse.m2e.jdt.JarLifecycleMapping lifecycle mapping for MavenProject: com.connectsphere:eureka-server:1.0.0 @ C:\Users\ASUS\OneDrive\Desktop\Sprint\connectsphere-backend\eureka-server\pom.xml.
2026-04-20 06:41:21,456 [Worker-28: Building] INFO  o.e.m.c.i.l.LifecycleMappingFactory - Using org.eclipse.m2e.jdt.JarLifecycleMapping lifecycle mapping for MavenProject: com.connectsphere:api-gateway:1.0.0 @ C:\Users\ASUS\OneDrive\Desktop\Sprint\connectsphere-backend\api-gateway\pom.xml.
2026-04-20 06:41:21,801 [Worker-28: Building] INFO  o.e.m.c.i.l.LifecycleMappingFactory - Using org.eclipse.m2e.jdt.JarLifecycleMapping lifecycle mapping for MavenProject: com.connectsphere:post-service:1.0.0 @ C:\Users\ASUS\OneDrive\Desktop\Sprint\connectsphere-backend\post-service\pom.xml.
2026-04-20 06:41:22,071 [Worker-28: Building] INFO  o.e.m.c.i.l.LifecycleMappingFactory - Using org.eclipse.m2e.jdt.JarLifecycleMapping lifecycle mapping for MavenProject: com.connectsphere:like-service:1.0.0 @ C:\Users\ASUS\OneDrive\Desktop\Sprint\connectsphere-backend\like-service\pom.xml.
2026-04-20 06:41:23,869 [Worker-17: Download sources and javadoc] INFO  o.e.m.c.i.e.AbstractTransferListenerAdapter - Downloading https://repo.maven.apache.org/maven2/org/springframework/boot/spring-boot-starter-amqp/3.2.0/spring-boot-starter-amqp-3.2.0-sources.jar
2026-04-20 06:41:23,907 [Worker-17: Download sources and javadoc] INFO  o.e.m.c.i.e.AbstractTransferListenerAdapter - Downloaded https://repo.maven.apache.org/maven2/org/springframework/boot/spring-boot-starter-amqp/3.2.0/spring-boot-starter-amqp-3.2.0-sources.jar
2026-04-20 06:41:23,910 [Worker-17: Download sources and javadoc] INFO  o.e.m.j.internal.DownloadSourcesJob - Downloaded sources for org.springframework.boot:spring-boot-starter-amqp:3.2.0
2026-04-20 06:41:24,109 [Worker-17: Download sources and javadoc] INFO  o.e.m.c.i.e.AbstractTransferListenerAdapter - Downloading https://repo.maven.apache.org/maven2/org/springframework/spring-messaging/6.1.1/spring-messaging-6.1.1-sources.jar
2026-04-20 06:41:24,190 [Worker-28: Building] INFO  o.a.m.s.f.DefaultMavenResourcesFiltering - Copying 0 resource from src\main\resources to target\classes
2026-04-20 06:41:24,191 [Worker-28: Building] INFO  o.a.m.s.f.DefaultMavenResourcesFiltering - Copying 0 resource from src\main\resources to target\classes
2026-04-20 06:41:24,195 [Worker-28: Building] INFO  o.a.m.s.f.DefaultMavenResourcesFiltering - skip non existing resourceDirectory C:\Users\ASUS\OneDrive\Desktop\Sprint\connectsphere-backend\notification-service\src\test\resources
2026-04-20 06:41:24,235 [Worker-28: Updating Maven Project] INFO  o.e.m.c.i.p.ProjectConfigurationManager - Update started
2026-04-20 06:41:24,436 [Worker-28: Updating Maven Project] INFO  o.e.m.c.i.l.LifecycleMappingFactory - Using org.eclipse.m2e.jdt.JarLifecycleMapping lifecycle mapping for MavenProject: com.connectsphere:notification-service:1.0.0 @ C:\Users\ASUS\OneDrive\Desktop\Sprint\connectsphere-backend\notification-service\pom.xml.
2026-04-20 06:41:25,018 [Worker-28: Updating Maven Project] INFO  o.e.m.j.i.AbstractJavaProjectConfigurator - Adding source folder /notification-service/src/main/java
2026-04-20 06:41:25,020 [Worker-28: Updating Maven Project] INFO  o.e.m.j.i.AbstractJavaProjectConfigurator - Adding resource folder /notification-service/src/main/resources
2026-04-20 06:41:25,020 [Worker-28: Updating Maven Project] INFO  o.e.m.j.i.AbstractJavaProjectConfigurator - Adding resource folder /notification-service/src/main/resources
2026-04-20 06:41:25,020 [Worker-28: Updating Maven Project] INFO  o.e.m.j.i.AbstractJavaProjectConfigurator - Adding source folder /notification-service/src/test/java
2026-04-20 06:41:25,020 [Worker-28: Updating Maven Project] INFO  o.e.m.j.i.AbstractJavaProjectConfigurator - Adding resource folder /notification-service/src/test/resources
2026-04-20 06:41:25,614 [Worker-28: Updating Maven Project] INFO  o.e.m.c.i.p.ProjectConfigurationManager - Update completed for 1 poms: local refresh takes 0.00 sec, refresh facades takes 0.00 sec, update config takes 0.00 sec 
2026-04-20 06:41:26,074 [Worker-4: Building] INFO  o.a.m.s.f.DefaultMavenResourcesFiltering - Copying 1 resource from src\main\resources to target\classes
2026-04-20 06:41:26,119 [Worker-4: Building] INFO  o.a.m.s.f.DefaultMavenResourcesFiltering - Copying 0 resource from src\main\resources to target\classes
2026-04-20 06:41:26,122 [Worker-4: Building] INFO  o.a.m.s.f.DefaultMavenResourcesFiltering - skip non existing resourceDirectory C:\Users\ASUS\OneDrive\Desktop\Sprint\connectsphere-backend\notification-service\src\test\resources
2026-04-20 06:41:26,532 [Worker-17: Download sources and javadoc] INFO  o.e.m.c.i.e.AbstractTransferListenerAdapter - Downloaded https://repo.maven.apache.org/maven2/org/springframework/spring-messaging/6.1.1/spring-messaging-6.1.1-sources.jar
2026-04-20 06:41:26,534 [Worker-17: Download sources and javadoc] INFO  o.e.m.j.internal.DownloadSourcesJob - Downloaded sources for org.springframework:spring-messaging:6.1.1
2026-04-20 06:41:26,828 [Worker-17: Download sources and javadoc] INFO  o.e.m.c.i.e.AbstractTransferListenerAdapter - Downloading https://repo.maven.apache.org/maven2/org/springframework/amqp/spring-rabbit/3.1.0/spring-rabbit-3.1.0-sources.jar
2026-04-20 06:41:28,674 [Worker-17: Download sources and javadoc] INFO  o.e.m.c.i.e.AbstractTransferListenerAdapter - Downloaded https://repo.maven.apache.org/maven2/org/springframework/amqp/spring-rabbit/3.1.0/spring-rabbit-3.1.0-sources.jar
2026-04-20 06:41:28,677 [Worker-17: Download sources and javadoc] INFO  o.e.m.j.internal.DownloadSourcesJob - Downloaded sources for org.springframework.amqp:spring-rabbit:3.1.0
2026-04-20 06:41:29,050 [Worker-17: Download sources and javadoc] INFO  o.e.m.c.i.e.AbstractTransferListenerAdapter - Downloading https://repo.maven.apache.org/maven2/org/springframework/amqp/spring-amqp/3.1.0/spring-amqp-3.1.0-sources.jar
2026-04-20 06:41:29,813 [Worker-17: Download sources and javadoc] INFO  o.e.m.c.i.e.AbstractTransferListenerAdapter - Downloaded https://repo.maven.apache.org/maven2/org/springframework/amqp/spring-amqp/3.1.0/spring-amqp-3.1.0-sources.jar
2026-04-20 06:41:29,815 [Worker-17: Download sources and javadoc] INFO  o.e.m.j.internal.DownloadSourcesJob - Downloaded sources for org.springframework.amqp:spring-amqp:3.1.0
2026-04-20 06:41:30,076 [Worker-17: Download sources and javadoc] INFO  o.e.m.c.i.e.AbstractTransferListenerAdapter - Downloading https://repo.maven.apache.org/maven2/org/springframework/retry/spring-retry/2.0.4/spring-retry-2.0.4-sources.jar
2026-04-20 06:41:30,578 [Worker-17: Download sources and javadoc] INFO  o.e.m.c.i.e.AbstractTransferListenerAdapter - Downloaded https://repo.maven.apache.org/maven2/org/springframework/retry/spring-retry/2.0.4/spring-retry-2.0.4-sources.jar
2026-04-20 06:41:30,580 [Worker-17: Download sources and javadoc] INFO  o.e.m.j.internal.DownloadSourcesJob - Downloaded sources for org.springframework.retry:spring-retry:2.0.4
2026-04-20 06:41:30,740 [Worker-17: Download sources and javadoc] INFO  o.e.m.c.i.e.AbstractTransferListenerAdapter - Downloading https://repo.maven.apache.org/maven2/com/rabbitmq/amqp-client/5.19.0/amqp-client-5.19.0-sources.jar
2026-04-20 06:41:31,564 [Worker-28: Building] INFO  o.a.m.s.f.DefaultMavenResourcesFiltering - Copying 1 resource from src\main\resources to target\classes
2026-04-20 06:41:31,570 [Worker-28: Building] INFO  o.a.m.s.f.DefaultMavenResourcesFiltering - Copying 0 resource from src\main\resources to target\classes
2026-04-20 06:41:31,572 [Worker-28: Building] INFO  o.a.m.s.f.DefaultMavenResourcesFiltering - skip non existing resourceDirectory C:\Users\ASUS\OneDrive\Desktop\Sprint\connectsphere-backend\notification-service\src\test\resources
2026-04-20 06:41:32,069 [Worker-17: Download sources and javadoc] INFO  o.e.m.c.i.e.AbstractTransferListenerAdapter - Downloaded https://repo.maven.apache.org/maven2/com/rabbitmq/amqp-client/5.19.0/amqp-client-5.19.0-sources.jar
2026-04-20 06:41:32,071 [Worker-17: Download sources and javadoc] INFO  o.e.m.j.internal.DownloadSourcesJob - Downloaded sources for com.rabbitmq:amqp-client:5.19.0
2026-04-20 06:41:32,287 [Worker-17: Download sources and javadoc] INFO  o.e.m.c.i.e.AbstractTransferListenerAdapter - Downloading https://repo.maven.apache.org/maven2/org/springframework/amqp/spring-rabbit-test/3.1.0/spring-rabbit-test-3.1.0-sources.jar
2026-04-20 06:41:32,741 [Worker-17: Download sources and javadoc] INFO  o.e.m.c.i.e.AbstractTransferListenerAdapter - Downloaded https://repo.maven.apache.org/maven2/org/springframework/amqp/spring-rabbit-test/3.1.0/spring-rabbit-test-3.1.0-sources.jar
2026-04-20 06:41:32,743 [Worker-17: Download sources and javadoc] INFO  o.e.m.j.internal.DownloadSourcesJob - Downloaded sources for org.springframework.amqp:spring-rabbit-test:3.1.0
2026-04-20 06:41:32,974 [Worker-17: Download sources and javadoc] INFO  o.e.m.c.i.e.AbstractTransferListenerAdapter - Downloading https://repo.maven.apache.org/maven2/org/springframework/amqp/spring-rabbit-junit/3.1.0/spring-rabbit-junit-3.1.0-sources.jar
2026-04-20 06:41:33,751 [Worker-17: Download sources and javadoc] INFO  o.e.m.c.i.e.AbstractTransferListenerAdapter - Downloaded https://repo.maven.apache.org/maven2/org/springframework/amqp/spring-rabbit-junit/3.1.0/spring-rabbit-junit-3.1.0-sources.jar
2026-04-20 06:41:33,754 [Worker-17: Download sources and javadoc] INFO  o.e.m.j.internal.DownloadSourcesJob - Downloaded sources for org.springframework.amqp:spring-rabbit-junit:3.1.0
2026-04-20 06:41:33,912 [Worker-17: Download sources and javadoc] INFO  o.e.m.c.i.e.AbstractTransferListenerAdapter - Downloading https://repo.maven.apache.org/maven2/org/hamcrest/hamcrest-library/2.2/hamcrest-library-2.2-sources.jar
2026-04-20 06:41:33,940 [Worker-17: Download sources and javadoc] INFO  o.e.m.c.i.e.AbstractTransferListenerAdapter - Downloaded https://repo.maven.apache.org/maven2/org/hamcrest/hamcrest-library/2.2/hamcrest-library-2.2-sources.jar
2026-04-20 06:41:33,943 [Worker-17: Download sources and javadoc] INFO  o.e.m.j.internal.DownloadSourcesJob - Downloaded sources for org.hamcrest:hamcrest-library:2.2
2026-04-20 06:41:34,095 [Worker-17: Download sources and javadoc] INFO  o.e.m.c.i.e.AbstractTransferListenerAdapter - Downloading https://repo.maven.apache.org/maven2/org/hamcrest/hamcrest-core/2.2/hamcrest-core-2.2-sources.jar
2026-04-20 06:41:34,126 [Worker-17: Download sources and javadoc] INFO  o.e.m.c.i.e.AbstractTransferListenerAdapter - Downloaded https://repo.maven.apache.org/maven2/org/hamcrest/hamcrest-core/2.2/hamcrest-core-2.2-sources.jar
2026-04-20 06:41:34,129 [Worker-17: Download sources and javadoc] INFO  o.e.m.j.internal.DownloadSourcesJob - Downloaded sources for org.hamcrest:hamcrest-core:2.2
2026-04-20 06:41:38,468 [Worker-17: Building] INFO  o.a.m.s.f.DefaultMavenResourcesFiltering - Copying 0 resource from src\main\resources to target\classes
2026-04-20 06:41:38,469 [Worker-17: Building] INFO  o.a.m.s.f.DefaultMavenResourcesFiltering - Copying 0 resource from src\main\resources to target\classes
2026-04-20 06:41:38,471 [Worker-17: Building] INFO  o.a.m.s.f.DefaultMavenResourcesFiltering - skip non existing resourceDirectory C:\Users\ASUS\OneDrive\Desktop\Sprint\connectsphere-backend\notification-service\src\test\resources
2026-04-20 06:42:21,684 [Worker-16: Building] INFO  o.a.m.s.f.DefaultMavenResourcesFiltering - Copying 1 resource from src\main\resources to target\classes
2026-04-20 06:42:21,690 [Worker-16: Building] INFO  o.a.m.s.f.DefaultMavenResourcesFiltering - Copying 0 resource from src\main\resources to target\classes
2026-04-20 06:42:21,692 [Worker-16: Building] INFO  o.a.m.s.f.DefaultMavenResourcesFiltering - skip non existing resourceDirectory C:\Users\ASUS\OneDrive\Desktop\Sprint\connectsphere-backend\notification-service\src\test\resources
2026-04-20 06:42:46,057 [Worker-25: Building] INFO  o.a.m.s.f.DefaultMavenResourcesFiltering - Copying 1 resource from src\main\resources to target\classes
2026-04-20 06:42:46,062 [Worker-25: Building] INFO  o.a.m.s.f.DefaultMavenResourcesFiltering - Copying 0 resource from src\main\resources to target\classes
2026-04-20 06:42:46,065 [Worker-25: Building] INFO  o.a.m.s.f.DefaultMavenResourcesFiltering - skip non existing resourceDirectory C:\Users\ASUS\OneDrive\Desktop\Sprint\connectsphere-backend\notification-service\src\test\resources
2026-04-20 06:43:02,856 [Worker-11: Building] INFO  o.a.m.s.f.DefaultMavenResourcesFiltering - Copying 1 resource from src\main\resources to target\classes
2026-04-20 06:43:02,861 [Worker-11: Building] INFO  o.a.m.s.f.DefaultMavenResourcesFiltering - Copying 0 resource from src\main\resources to target\classes
2026-04-20 06:43:02,864 [Worker-11: Building] INFO  o.a.m.s.f.DefaultMavenResourcesFiltering - skip non existing resourceDirectory C:\Users\ASUS\OneDrive\Desktop\Sprint\connectsphere-backend\notification-service\src\test\resources
2026-04-20 06:43:27,212 [Worker-4: Building] INFO  o.a.m.s.f.DefaultMavenResourcesFiltering - Copying 1 resource from src\main\resources to target\classes
2026-04-20 06:43:27,217 [Worker-4: Building] INFO  o.a.m.s.f.DefaultMavenResourcesFiltering - Copying 0 resource from src\main\resources to target\classes
2026-04-20 06:43:27,221 [Worker-4: Building] INFO  o.a.m.s.f.DefaultMavenResourcesFiltering - skip non existing resourceDirectory C:\Users\ASUS\OneDrive\Desktop\Sprint\connectsphere-backend\notification-service\src\test\resources
2026-04-20 06:44:01,101 [Worker-1: Building] INFO  o.a.m.s.f.DefaultMavenResourcesFiltering - Copying 1 resource from src\main\resources to target\classes
2026-04-20 06:44:01,105 [Worker-1: Building] INFO  o.a.m.s.f.DefaultMavenResourcesFiltering - Copying 0 resource from src\main\resources to target\classes
2026-04-20 06:44:01,108 [Worker-1: Building] INFO  o.a.m.s.f.DefaultMavenResourcesFiltering - skip non existing resourceDirectory C:\Users\ASUS\OneDrive\Desktop\Sprint\connectsphere-backend\notification-service\src\test\resources
2026-04-20 06:44:11,053 [Worker-11: Building] INFO  o.a.m.s.f.DefaultMavenResourcesFiltering - Copying 1 resource from src\main\resources to target\classes
2026-04-20 06:44:11,057 [Worker-11: Building] INFO  o.a.m.s.f.DefaultMavenResourcesFiltering - Copying 0 resource from src\main\resources to target\classes
2026-04-20 06:44:11,060 [Worker-11: Building] INFO  o.a.m.s.f.DefaultMavenResourcesFiltering - skip non existing resourceDirectory C:\Users\ASUS\OneDrive\Desktop\Sprint\connectsphere-backend\notification-service\src\test\resources
2026-04-20 06:44:22,341 [Worker-11: Building] INFO  o.a.m.s.f.DefaultMavenResourcesFiltering - Copying 1 resource from src\main\resources to target\classes
2026-04-20 06:44:22,345 [Worker-11: Building] INFO  o.a.m.s.f.DefaultMavenResourcesFiltering - Copying 0 resource from src\main\resources to target\classes
2026-04-20 06:44:22,347 [Worker-11: Building] INFO  o.a.m.s.f.DefaultMavenResourcesFiltering - skip non existing resourceDirectory C:\Users\ASUS\OneDrive\Desktop\Sprint\connectsphere-backend\notification-service\src\test\resources
2026-04-20 06:44:34,365 [Worker-26: Building] INFO  o.a.m.s.f.DefaultMavenResourcesFiltering - Copying 1 resource from src\main\resources to target\classes
2026-04-20 06:44:34,368 [Worker-26: Building] INFO  o.a.m.s.f.DefaultMavenResourcesFiltering - Copying 0 resource from src\main\resources to target\classes
2026-04-20 06:44:34,370 [Worker-26: Building] INFO  o.a.m.s.f.DefaultMavenResourcesFiltering - skip non existing resourceDirectory C:\Users\ASUS\OneDrive\Desktop\Sprint\connectsphere-backend\notification-service\src\test\resources
2026-04-20 06:44:45,374 [Worker-20: Building] INFO  o.a.m.s.f.DefaultMavenResourcesFiltering - Copying 1 resource from src\main\resources to target\classes
2026-04-20 06:44:45,378 [Worker-20: Building] INFO  o.a.m.s.f.DefaultMavenResourcesFiltering - Copying 0 resource from src\main\resources to target\classes
2026-04-20 06:44:45,380 [Worker-20: Building] INFO  o.a.m.s.f.DefaultMavenResourcesFiltering - skip non existing resourceDirectory C:\Users\ASUS\OneDrive\Desktop\Sprint\connectsphere-backend\notification-service\src\test\resources
2026-04-20 06:44:58,539 [Worker-25: Building] INFO  o.a.m.s.f.DefaultMavenResourcesFiltering - Copying 1 resource from src\main\resources to target\classes
2026-04-20 06:44:58,544 [Worker-25: Building] INFO  o.a.m.s.f.DefaultMavenResourcesFiltering - Copying 0 resource from src\main\resources to target\classes
2026-04-20 06:44:58,546 [Worker-25: Building] INFO  o.a.m.s.f.DefaultMavenResourcesFiltering - skip non existing resourceDirectory C:\Users\ASUS\OneDrive\Desktop\Sprint\connectsphere-backend\notification-service\src\test\resources
2026-04-20 06:45:29,046 [Worker-13: Building] INFO  o.a.m.s.f.DefaultMavenResourcesFiltering - Copying 1 resource from src\main\resources to target\classes
2026-04-20 06:45:29,053 [Worker-13: Building] INFO  o.a.m.s.f.DefaultMavenResourcesFiltering - Copying 0 resource from src\main\resources to target\classes
2026-04-20 06:45:29,055 [Worker-13: Building] INFO  o.a.m.s.f.DefaultMavenResourcesFiltering - skip non existing resourceDirectory C:\Users\ASUS\OneDrive\Desktop\Sprint\connectsphere-backend\notification-service\src\test\resources
2026-04-20 06:45:49,837 [Worker-26: Building] INFO  o.a.m.s.f.DefaultMavenResourcesFiltering - Copying 1 resource from src\main\resources to target\classes
2026-04-20 06:45:49,845 [Worker-26: Building] INFO  o.a.m.s.f.DefaultMavenResourcesFiltering - Copying 0 resource from src\main\resources to target\classes
2026-04-20 06:45:49,848 [Worker-26: Building] INFO  o.a.m.s.f.DefaultMavenResourcesFiltering - skip non existing resourceDirectory C:\Users\ASUS\OneDrive\Desktop\Sprint\connectsphere-backend\notification-service\src\test\resources
2026-04-20 06:46:16,446 [Worker-25: Building] INFO  o.a.m.s.f.DefaultMavenResourcesFiltering - Copying 1 resource from src\main\resources to target\classes
2026-04-20 06:46:16,452 [Worker-25: Building] INFO  o.a.m.s.f.DefaultMavenResourcesFiltering - Copying 0 resource from src\main\resources to target\classes
2026-04-20 06:46:16,455 [Worker-25: Building] INFO  o.a.m.s.f.DefaultMavenResourcesFiltering - skip non existing resourceDirectory C:\Users\ASUS\OneDrive\Desktop\Sprint\connectsphere-backend\notification-service\src\test\resources
2026-04-20 06:46:42,281 [Worker-20: Building] INFO  o.a.m.s.f.DefaultMavenResourcesFiltering - Copying 1 resource from src\main\resources to target\classes
2026-04-20 06:46:42,286 [Worker-20: Building] INFO  o.a.m.s.f.DefaultMavenResourcesFiltering - Copying 0 resource from src\main\resources to target\classes
2026-04-20 06:46:42,288 [Worker-20: Building] INFO  o.a.m.s.f.DefaultMavenResourcesFiltering - skip non existing resourceDirectory C:\Users\ASUS\OneDrive\Desktop\Sprint\connectsphere-backend\notification-service\src\test\resources
2026-04-20 06:46:50,035 [Worker-20: Building] INFO  o.a.m.s.f.DefaultMavenResourcesFiltering - Copying 1 resource from src\main\resources to target\classes
2026-04-20 06:46:50,039 [Worker-20: Building] INFO  o.a.m.s.f.DefaultMavenResourcesFiltering - Copying 0 resource from src\main\resources to target\classes
2026-04-20 06:46:50,041 [Worker-20: Building] INFO  o.a.m.s.f.DefaultMavenResourcesFiltering - skip non existing resourceDirectory C:\Users\ASUS\OneDrive\Desktop\Sprint\connectsphere-backend\notification-service\src\test\resources
2026-04-20 06:46:59,582 [Worker-20: Building] INFO  o.a.m.s.f.DefaultMavenResourcesFiltering - Copying 1 resource from src\main\resources to target\classes
2026-04-20 06:46:59,587 [Worker-20: Building] INFO  o.a.m.s.f.DefaultMavenResourcesFiltering - Copying 0 resource from src\main\resources to target\classes
2026-04-20 06:46:59,589 [Worker-20: Building] INFO  o.a.m.s.f.DefaultMavenResourcesFiltering - skip non existing resourceDirectory C:\Users\ASUS\OneDrive\Desktop\Sprint\connectsphere-backend\notification-service\src\test\resources
2026-04-20 06:47:21,840 [Worker-26: Building] INFO  o.a.m.s.f.DefaultMavenResourcesFiltering - Copying 1 resource from src\main\resources to target\classes
2026-04-20 06:47:21,846 [Worker-26: Building] INFO  o.a.m.s.f.DefaultMavenResourcesFiltering - Copying 0 resource from src\main\resources to target\classes
2026-04-20 06:47:21,850 [Worker-26: Building] INFO  o.a.m.s.f.DefaultMavenResourcesFiltering - skip non existing resourceDirectory C:\Users\ASUS\OneDrive\Desktop\Sprint\connectsphere-backend\notification-service\src\test\resources
2026-04-20 06:47:29,348 [Worker-4: Building] INFO  o.a.m.s.f.DefaultMavenResourcesFiltering - Copying 1 resource from src\main\resources to target\classes
2026-04-20 06:47:29,352 [Worker-4: Building] INFO  o.a.m.s.f.DefaultMavenResourcesFiltering - Copying 0 resource from src\main\resources to target\classes
2026-04-20 06:47:29,354 [Worker-4: Building] INFO  o.a.m.s.f.DefaultMavenResourcesFiltering - skip non existing resourceDirectory C:\Users\ASUS\OneDrive\Desktop\Sprint\connectsphere-backend\notification-service\src\test\resources
2026-04-20 06:47:34,400 [Worker-28: Building] INFO  o.a.m.s.f.DefaultMavenResourcesFiltering - Copying 1 resource from src\main\resources to target\classes
2026-04-20 06:47:34,404 [Worker-28: Building] INFO  o.a.m.s.f.DefaultMavenResourcesFiltering - Copying 0 resource from src\main\resources to target\classes
2026-04-20 06:47:34,405 [Worker-28: Building] INFO  o.a.m.s.f.DefaultMavenResourcesFiltering - skip non existing resourceDirectory C:\Users\ASUS\OneDrive\Desktop\Sprint\connectsphere-backend\notification-service\src\test\resources
2026-04-20 06:47:41,993 [Worker-1: Building] INFO  o.a.m.s.f.DefaultMavenResourcesFiltering - Copying 1 resource from src\main\resources to target\classes
2026-04-20 06:47:41,997 [Worker-1: Building] INFO  o.a.m.s.f.DefaultMavenResourcesFiltering - Copying 0 resource from src\main\resources to target\classes
2026-04-20 06:47:42,001 [Worker-1: Building] INFO  o.a.m.s.f.DefaultMavenResourcesFiltering - skip non existing resourceDirectory C:\Users\ASUS\OneDrive\Desktop\Sprint\connectsphere-backend\notification-service\src\test\resources
2026-04-20 06:48:00,554 [Worker-4: Building] INFO  o.a.m.s.f.DefaultMavenResourcesFiltering - Copying 1 resource from src\main\resources to target\classes
2026-04-20 06:48:00,561 [Worker-4: Building] INFO  o.a.m.s.f.DefaultMavenResourcesFiltering - Copying 0 resource from src\main\resources to target\classes
2026-04-20 06:48:00,563 [Worker-4: Building] INFO  o.a.m.s.f.DefaultMavenResourcesFiltering - skip non existing resourceDirectory C:\Users\ASUS\OneDrive\Desktop\Sprint\connectsphere-backend\notification-service\src\test\resources
2026-04-20 06:48:10,465 [Worker-1: Building] INFO  o.a.m.s.f.DefaultMavenResourcesFiltering - Copying 1 resource from src\main\resources to target\classes
2026-04-20 06:48:10,470 [Worker-1: Building] INFO  o.a.m.s.f.DefaultMavenResourcesFiltering - Copying 0 resource from src\main\resources to target\classes
2026-04-20 06:48:10,472 [Worker-1: Building] INFO  o.a.m.s.f.DefaultMavenResourcesFiltering - skip non existing resourceDirectory C:\Users\ASUS\OneDrive\Desktop\Sprint\connectsphere-backend\notification-service\src\test\resources
2026-04-20 06:48:35,403 [Worker-1: Building] INFO  o.a.m.s.f.DefaultMavenResourcesFiltering - Copying 1 resource from src\main\resources to target\classes
2026-04-20 06:48:35,407 [Worker-1: Building] INFO  o.a.m.s.f.DefaultMavenResourcesFiltering - Copying 0 resource from src\main\resources to target\classes
2026-04-20 06:48:35,410 [Worker-1: Building] INFO  o.a.m.s.f.DefaultMavenResourcesFiltering - skip non existing resourceDirectory C:\Users\ASUS\OneDrive\Desktop\Sprint\connectsphere-backend\notification-service\src\test\resources
2026-04-20 06:49:03,582 [Worker-28: Building] INFO  o.a.m.s.f.DefaultMavenResourcesFiltering - Copying 0 resource from src\main\resources to target\classes
2026-04-20 06:49:03,582 [Worker-28: Building] INFO  o.a.m.s.f.DefaultMavenResourcesFiltering - Copying 0 resource from src\main\resources to target\classes
2026-04-20 06:49:03,585 [Worker-28: Building] INFO  o.a.m.s.f.DefaultMavenResourcesFiltering - skip non existing resourceDirectory C:\Users\ASUS\OneDrive\Desktop\Sprint\connectsphere-backend\notification-service\src\test\resources
2026-04-20 06:51:23,396 [Worker-25: Building] INFO  o.e.m.c.i.l.LifecycleMappingFactory - Using org.eclipse.m2e.jdt.JarLifecycleMapping lifecycle mapping for MavenProject: com.connectsphere:notification-service:1.0.0 @ C:\Users\ASUS\OneDrive\Desktop\Sprint\connectsphere-backend\notification-service\pom.xml.
2026-04-20 06:51:24,672 [Worker-25: Building] INFO  o.a.m.s.f.DefaultMavenResourcesFiltering - Copying 0 resource from src\main\resources to target\classes
2026-04-20 06:51:24,673 [Worker-25: Building] INFO  o.a.m.s.f.DefaultMavenResourcesFiltering - Copying 0 resource from src\main\resources to target\classes
2026-04-20 06:51:24,678 [Worker-25: Building] INFO  o.a.m.s.f.DefaultMavenResourcesFiltering - skip non existing resourceDirectory C:\Users\ASUS\OneDrive\Desktop\Sprint\connectsphere-backend\notification-service\src\test\resources
2026-04-20 06:51:26,340 [Worker-31: Building] INFO  o.a.m.s.f.DefaultMavenResourcesFiltering - Copying 1 resource from src\main\resources to target\classes
2026-04-20 06:51:26,446 [Worker-31: Building] INFO  o.a.m.s.f.DefaultMavenResourcesFiltering - Copying 0 resource from src\main\resources to target\classes
2026-04-20 06:51:26,449 [Worker-31: Building] INFO  o.a.m.s.f.DefaultMavenResourcesFiltering - skip non existing resourceDirectory C:\Users\ASUS\OneDrive\Desktop\Sprint\connectsphere-backend\notification-service\src\test\resources
2026-04-20 06:51:49,733 [Worker-32: Building] INFO  o.a.m.s.f.DefaultMavenResourcesFiltering - Copying 1 resource from src\main\resources to target\classes
2026-04-20 06:51:49,737 [Worker-32: Building] INFO  o.a.m.s.f.DefaultMavenResourcesFiltering - Copying 0 resource from src\main\resources to target\classes
2026-04-20 06:51:49,739 [Worker-32: Building] INFO  o.a.m.s.f.DefaultMavenResourcesFiltering - skip non existing resourceDirectory C:\Users\ASUS\OneDrive\Desktop\Sprint\connectsphere-backend\notification-service\src\test\resources
2026-04-20 06:52:10,602 [Worker-31: Building] INFO  o.a.m.s.f.DefaultMavenResourcesFiltering - Copying 1 resource from src\main\resources to target\classes
2026-04-20 06:52:10,606 [Worker-31: Building] INFO  o.a.m.s.f.DefaultMavenResourcesFiltering - Copying 0 resource from src\main\resources to target\classes
2026-04-20 06:52:10,607 [Worker-31: Building] INFO  o.a.m.s.f.DefaultMavenResourcesFiltering - skip non existing resourceDirectory C:\Users\ASUS\OneDrive\Desktop\Sprint\connectsphere-backend\notification-service\src\test\resources
2026-04-20 06:52:20,491 [Worker-30: Building] INFO  o.a.m.s.f.DefaultMavenResourcesFiltering - Copying 1 resource from src\main\resources to target\classes
2026-04-20 06:52:20,516 [Worker-30: Building] INFO  o.a.m.s.f.DefaultMavenResourcesFiltering - Copying 0 resource from src\main\resources to target\classes
2026-04-20 06:52:20,520 [Worker-30: Building] INFO  o.a.m.s.f.DefaultMavenResourcesFiltering - skip non existing resourceDirectory C:\Users\ASUS\OneDrive\Desktop\Sprint\connectsphere-backend\notification-service\src\test\resources
2026-04-20 06:55:16,366 [Worker-30: Building] INFO  o.a.m.s.f.DefaultMavenResourcesFiltering - Copying 1 resource from src\main\resources to target\classes
2026-04-20 06:55:16,379 [Worker-30: Building] INFO  o.a.m.s.f.DefaultMavenResourcesFiltering - Copying 0 resource from src\main\resources to target\classes
2026-04-20 06:55:16,381 [Worker-30: Building] INFO  o.a.m.s.f.DefaultMavenResourcesFiltering - skip non existing resourceDirectory C:\Users\ASUS\OneDrive\Desktop\Sprint\connectsphere-backend\notification-service\src\test\resources
2026-04-20 07:01:19,593 [Worker-31: Building] INFO  o.a.m.s.f.DefaultMavenResourcesFiltering - Copying 1 resource from src\main\resources to target\classes
2026-04-20 07:01:19,602 [Worker-31: Building] INFO  o.a.m.s.f.DefaultMavenResourcesFiltering - Copying 0 resource from src\main\resources to target\classes
2026-04-20 07:01:19,604 [Worker-31: Building] INFO  o.a.m.s.f.DefaultMavenResourcesFiltering - skip non existing resourceDirectory C:\Users\ASUS\OneDrive\Desktop\Sprint\connectsphere-backend\notification-service\src\test\resources
2026-04-21 05:45:17,930 [Worker-1: Loading available Gradle versions] INFO  o.e.b.c.i.u.g.PublishedGradleVersions - Gradle version information cache is out-of-date. Trying to update.
2026-04-21 05:46:15,680 [Worker-7: Building] INFO  o.e.m.c.i.l.LifecycleMappingFactory - Using org.eclipse.m2e.jdt.JarLifecycleMapping lifecycle mapping for MavenProject: com.connectsphere:comment-service:1.0.0 @ C:\Users\ASUS\OneDrive\Desktop\Sprint\connectsphere-backend\comment-service\pom.xml.
2026-04-21 05:46:18,515 [Worker-7: Building] INFO  o.a.m.s.f.DefaultMavenResourcesFiltering - Copying 1 resource from src\main\resources to target\classes
2026-04-21 05:46:18,615 [Worker-7: Building] INFO  o.a.m.s.f.DefaultMavenResourcesFiltering - Copying 0 resource from src\main\resources to target\classes
2026-04-21 05:46:18,626 [Worker-7: Building] INFO  o.a.m.s.f.DefaultMavenResourcesFiltering - skip non existing resourceDirectory C:\Users\ASUS\OneDrive\Desktop\Sprint\connectsphere-backend\comment-service\src\test\resources
2026-04-21 05:46:22,624 [Worker-4: Building] INFO  o.a.m.s.f.DefaultMavenResourcesFiltering - Copying 1 resource from src\main\resources to target\classes
2026-04-21 05:46:22,673 [Worker-4: Building] INFO  o.a.m.s.f.DefaultMavenResourcesFiltering - Copying 0 resource from src\main\resources to target\classes
2026-04-21 05:46:22,677 [Worker-4: Building] INFO  o.a.m.s.f.DefaultMavenResourcesFiltering - skip non existing resourceDirectory C:\Users\ASUS\OneDrive\Desktop\Sprint\connectsphere-backend\comment-service\src\test\resources
2026-04-21 05:46:24,847 [Worker-4: Building] INFO  o.e.m.c.i.l.LifecycleMappingFactory - Using org.eclipse.m2e.jdt.JarLifecycleMapping lifecycle mapping for MavenProject: com.connectsphere:like-service:1.0.0 @ C:\Users\ASUS\OneDrive\Desktop\Sprint\connectsphere-backend\like-service\pom.xml.
2026-04-21 05:46:26,276 [Worker-4: Building] INFO  o.a.m.s.f.DefaultMavenResourcesFiltering - Copying 1 resource from src\main\resources to target\classes
2026-04-21 05:46:26,340 [Worker-4: Building] INFO  o.a.m.s.f.DefaultMavenResourcesFiltering - Copying 0 resource from src\main\resources to target\classes
2026-04-21 05:46:26,357 [Worker-4: Building] INFO  o.a.m.s.f.DefaultMavenResourcesFiltering - skip non existing resourceDirectory C:\Users\ASUS\OneDrive\Desktop\Sprint\connectsphere-backend\like-service\src\test\resources
2026-04-21 05:46:28,636 [Worker-21: Building] INFO  o.a.m.s.f.DefaultMavenResourcesFiltering - Copying 1 resource from src\main\resources to target\classes
2026-04-21 05:46:28,693 [Worker-21: Building] INFO  o.a.m.s.f.DefaultMavenResourcesFiltering - Copying 0 resource from src\main\resources to target\classes
2026-04-21 05:46:28,697 [Worker-21: Building] INFO  o.a.m.s.f.DefaultMavenResourcesFiltering - skip non existing resourceDirectory C:\Users\ASUS\OneDrive\Desktop\Sprint\connectsphere-backend\like-service\src\test\resources
2026-04-21 05:46:59,130 [Worker-16: Import Getting Started Content] INFO  o.e.m.c.i.l.LifecycleMappingFactory - Using org.eclipse.m2e.jdt.JarLifecycleMapping lifecycle mapping for MavenProject: com.connectsphere.media:media-service:0.0.1-SNAPSHOT @ C:\Users\ASUS\OneDrive\Desktop\Sprint\connectsphere-backend\media-service\pom.xml.
2026-04-21 05:47:01,634 [Worker-16: Import Getting Started Content] INFO  o.e.m.j.i.AbstractJavaProjectConfigurator - Adding source folder /media-service/src/main/java
2026-04-21 05:47:01,636 [Worker-16: Import Getting Started Content] INFO  o.e.m.j.i.AbstractJavaProjectConfigurator - Adding resource folder /media-service/src/main/resources
2026-04-21 05:47:01,640 [Worker-16: Import Getting Started Content] INFO  o.e.m.j.i.AbstractJavaProjectConfigurator - Adding resource folder /media-service/src/main/resources
2026-04-21 05:47:01,644 [Worker-16: Import Getting Started Content] INFO  o.e.m.j.i.AbstractJavaProjectConfigurator - Adding source folder /media-service/src/test/java
2026-04-21 05:47:01,646 [Worker-16: Import Getting Started Content] INFO  o.e.m.j.i.AbstractJavaProjectConfigurator - Adding resource folder /media-service/src/test/resources
2026-04-21 05:47:02,981 [Worker-16: Import Getting Started Content] INFO  o.e.m.c.i.p.ProjectConfigurationManager - Imported and configured 1 project(s) in 6 sec
2026-04-21 05:47:02,984 [Worker-16: Import Getting Started Content] INFO  o.e.m.c.i.p.ProjectConfigurationManager - Update started
2026-04-21 05:47:03,245 [Worker-16: Import Getting Started Content] INFO  o.e.m.c.i.l.LifecycleMappingFactory - Using org.eclipse.m2e.jdt.JarLifecycleMapping lifecycle mapping for MavenProject: com.connectsphere.media:media-service:0.0.1-SNAPSHOT @ C:\Users\ASUS\OneDrive\Desktop\Sprint\connectsphere-backend\media-service\pom.xml.
2026-04-21 05:47:03,696 [Worker-16: Import Getting Started Content] INFO  o.e.m.j.i.AbstractJavaProjectConfigurator - Adding source folder /media-service/src/main/java
2026-04-21 05:47:03,698 [Worker-16: Import Getting Started Content] INFO  o.e.m.j.i.AbstractJavaProjectConfigurator - Adding resource folder /media-service/src/main/resources
2026-04-21 05:47:03,698 [Worker-16: Import Getting Started Content] INFO  o.e.m.j.i.AbstractJavaProjectConfigurator - Adding resource folder /media-service/src/main/resources
2026-04-21 05:47:03,699 [Worker-16: Import Getting Started Content] INFO  o.e.m.j.i.AbstractJavaProjectConfigurator - Adding source folder /media-service/src/test/java
2026-04-21 05:47:03,700 [Worker-16: Import Getting Started Content] INFO  o.e.m.j.i.AbstractJavaProjectConfigurator - Adding resource folder /media-service/src/test/resources
2026-04-21 05:47:03,893 [Worker-16: Import Getting Started Content] INFO  o.e.m.c.i.p.ProjectConfigurationManager - Update completed for 1 poms: local refresh takes 0.00 sec, refresh facades takes 0.00 sec, update config takes 0.00 sec 
2026-04-21 05:47:04,732 [Worker-13: Building] INFO  o.a.m.s.f.DefaultMavenResourcesFiltering - Copying 1 resource from src\main\resources to target\classes
2026-04-21 05:47:04,805 [Worker-13: Building] INFO  o.a.m.s.f.DefaultMavenResourcesFiltering - Copying 0 resource from src\main\resources to target\classes
2026-04-21 05:47:04,811 [Worker-13: Building] INFO  o.a.m.s.f.DefaultMavenResourcesFiltering - skip non existing resourceDirectory C:\Users\ASUS\OneDrive\Desktop\Sprint\connectsphere-backend\media-service\src\test\resources
2026-04-21 05:47:56,240 [Worker-9: Building] INFO  o.e.m.c.i.l.LifecycleMappingFactory - Using org.eclipse.m2e.jdt.JarLifecycleMapping lifecycle mapping for MavenProject: com.connectsphere:media-service:1.0.0 @ C:\Users\ASUS\OneDrive\Desktop\Sprint\connectsphere-backend\media-service\pom.xml.
2026-04-21 05:47:56,698 [Worker-9: Building] INFO  o.a.m.s.f.DefaultMavenResourcesFiltering - Copying 0 resource from src\main\resources to target\classes
2026-04-21 05:47:56,699 [Worker-9: Building] INFO  o.a.m.s.f.DefaultMavenResourcesFiltering - Copying 0 resource from src\main\resources to target\classes
2026-04-21 05:47:56,703 [Worker-9: Building] INFO  o.a.m.s.f.DefaultMavenResourcesFiltering - skip non existing resourceDirectory C:\Users\ASUS\OneDrive\Desktop\Sprint\connectsphere-backend\media-service\src\test\resources
2026-04-21 05:47:57,064 [Worker-6: Updating Maven Project] INFO  o.e.m.c.i.p.ProjectConfigurationManager - Update started
2026-04-21 05:47:57,602 [Worker-6: Updating Maven Project] INFO  o.e.m.c.i.l.LifecycleMappingFactory - Using org.eclipse.m2e.jdt.JarLifecycleMapping lifecycle mapping for MavenProject: com.connectsphere:media-service:1.0.0 @ C:\Users\ASUS\OneDrive\Desktop\Sprint\connectsphere-backend\media-service\pom.xml.
2026-04-21 05:47:58,598 [Worker-6: Updating Maven Project] INFO  o.e.m.j.i.AbstractJavaProjectConfigurator - Adding source folder /media-service/src/main/java
2026-04-21 05:47:58,599 [Worker-6: Updating Maven Project] INFO  o.e.m.j.i.AbstractJavaProjectConfigurator - Adding resource folder /media-service/src/main/resources
2026-04-21 05:47:58,600 [Worker-6: Updating Maven Project] INFO  o.e.m.j.i.AbstractJavaProjectConfigurator - Adding resource folder /media-service/src/main/resources
2026-04-21 05:47:58,600 [Worker-6: Updating Maven Project] INFO  o.e.m.j.i.AbstractJavaProjectConfigurator - Adding source folder /media-service/src/test/java
2026-04-21 05:47:58,601 [Worker-6: Updating Maven Project] INFO  o.e.m.j.i.AbstractJavaProjectConfigurator - Adding resource folder /media-service/src/test/resources
2026-04-21 05:47:59,118 [Worker-6: Updating Maven Project] INFO  o.e.m.c.i.p.ProjectConfigurationManager - Update completed for 1 poms: local refresh takes 0.00 sec, refresh facades takes 1.00 sec, update config takes 0.00 sec 
2026-04-21 05:47:59,467 [Worker-16: Building] INFO  o.a.m.s.f.DefaultMavenResourcesFiltering - Copying 1 resource from src\main\resources to target\classes
2026-04-21 05:47:59,491 [Worker-16: Building] INFO  o.a.m.s.f.DefaultMavenResourcesFiltering - Copying 0 resource from src\main\resources to target\classes
2026-04-21 05:47:59,495 [Worker-16: Building] INFO  o.a.m.s.f.DefaultMavenResourcesFiltering - skip non existing resourceDirectory C:\Users\ASUS\OneDrive\Desktop\Sprint\connectsphere-backend\media-service\src\test\resources
2026-04-21 05:49:18,604 [Worker-6: Building] INFO  o.a.m.s.f.DefaultMavenResourcesFiltering - Copying 1 resource from src\main\resources to target\classes
2026-04-21 05:49:18,607 [Worker-6: Building] INFO  o.a.m.s.f.DefaultMavenResourcesFiltering - Copying 0 resource from src\main\resources to target\classes
2026-04-21 05:49:18,611 [Worker-6: Building] INFO  o.a.m.s.f.DefaultMavenResourcesFiltering - skip non existing resourceDirectory C:\Users\ASUS\OneDrive\Desktop\Sprint\connectsphere-backend\media-service\src\test\resources
2026-04-21 05:49:24,677 [Worker-2: Building] INFO  o.a.m.s.f.DefaultMavenResourcesFiltering - Copying 1 resource from src\main\resources to target\classes
2026-04-21 05:49:24,684 [Worker-2: Building] INFO  o.a.m.s.f.DefaultMavenResourcesFiltering - Copying 0 resource from src\main\resources to target\classes
2026-04-21 05:49:24,691 [Worker-2: Building] INFO  o.a.m.s.f.DefaultMavenResourcesFiltering - skip non existing resourceDirectory C:\Users\ASUS\OneDrive\Desktop\Sprint\connectsphere-backend\media-service\src\test\resources
2026-04-21 05:49:32,810 [Worker-18: Building] INFO  o.a.m.s.f.DefaultMavenResourcesFiltering - Copying 0 resource from src\main\resources to target\classes
2026-04-21 05:49:32,811 [Worker-18: Building] INFO  o.a.m.s.f.DefaultMavenResourcesFiltering - Copying 0 resource from src\main\resources to target\classes
2026-04-21 05:49:32,814 [Worker-18: Building] INFO  o.a.m.s.f.DefaultMavenResourcesFiltering - skip non existing resourceDirectory C:\Users\ASUS\OneDrive\Desktop\Sprint\connectsphere-backend\media-service\src\test\resources
2026-04-21 05:50:23,214 [Worker-9: Building] INFO  o.a.m.s.f.DefaultMavenResourcesFiltering - Copying 1 resource from src\main\resources to target\classes
2026-04-21 05:50:23,218 [Worker-9: Building] INFO  o.a.m.s.f.DefaultMavenResourcesFiltering - Copying 0 resource from src\main\resources to target\classes
2026-04-21 05:50:23,221 [Worker-9: Building] INFO  o.a.m.s.f.DefaultMavenResourcesFiltering - skip non existing resourceDirectory C:\Users\ASUS\OneDrive\Desktop\Sprint\connectsphere-backend\media-service\src\test\resources
2026-04-21 05:50:26,059 [Worker-13: Building] INFO  o.a.m.s.f.DefaultMavenResourcesFiltering - Copying 1 resource from src\main\resources to target\classes
2026-04-21 05:50:26,066 [Worker-13: Building] INFO  o.a.m.s.f.DefaultMavenResourcesFiltering - Copying 0 resource from src\main\resources to target\classes
2026-04-21 05:50:26,068 [Worker-13: Building] INFO  o.a.m.s.f.DefaultMavenResourcesFiltering - skip non existing resourceDirectory C:\Users\ASUS\OneDrive\Desktop\Sprint\connectsphere-backend\media-service\src\test\resources
2026-04-21 05:50:46,738 [Worker-3: Building] INFO  o.a.m.s.f.DefaultMavenResourcesFiltering - Copying 1 resource from src\main\resources to target\classes
2026-04-21 05:50:46,748 [Worker-3: Building] INFO  o.a.m.s.f.DefaultMavenResourcesFiltering - Copying 0 resource from src\main\resources to target\classes
2026-04-21 05:50:46,751 [Worker-3: Building] INFO  o.a.m.s.f.DefaultMavenResourcesFiltering - skip non existing resourceDirectory C:\Users\ASUS\OneDrive\Desktop\Sprint\connectsphere-backend\media-service\src\test\resources
2026-04-21 05:50:55,122 [Worker-6: Building] INFO  o.a.m.s.f.DefaultMavenResourcesFiltering - Copying 1 resource from src\main\resources to target\classes
2026-04-21 05:50:55,128 [Worker-6: Building] INFO  o.a.m.s.f.DefaultMavenResourcesFiltering - Copying 0 resource from src\main\resources to target\classes
2026-04-21 05:50:55,134 [Worker-6: Building] INFO  o.a.m.s.f.DefaultMavenResourcesFiltering - skip non existing resourceDirectory C:\Users\ASUS\OneDrive\Desktop\Sprint\connectsphere-backend\media-service\src\test\resources
2026-04-21 05:51:05,932 [Worker-20: Building] INFO  o.a.m.s.f.DefaultMavenResourcesFiltering - Copying 1 resource from src\main\resources to target\classes
2026-04-21 05:51:05,937 [Worker-20: Building] INFO  o.a.m.s.f.DefaultMavenResourcesFiltering - Copying 0 resource from src\main\resources to target\classes
2026-04-21 05:51:05,940 [Worker-20: Building] INFO  o.a.m.s.f.DefaultMavenResourcesFiltering - skip non existing resourceDirectory C:\Users\ASUS\OneDrive\Desktop\Sprint\connectsphere-backend\media-service\src\test\resources
2026-04-21 05:51:18,625 [Worker-2: Building] INFO  o.a.m.s.f.DefaultMavenResourcesFiltering - Copying 1 resource from src\main\resources to target\classes
2026-04-21 05:51:18,633 [Worker-2: Building] INFO  o.a.m.s.f.DefaultMavenResourcesFiltering - Copying 0 resource from src\main\resources to target\classes
2026-04-21 05:51:18,636 [Worker-2: Building] INFO  o.a.m.s.f.DefaultMavenResourcesFiltering - skip non existing resourceDirectory C:\Users\ASUS\OneDrive\Desktop\Sprint\connectsphere-backend\media-service\src\test\resources
2026-04-21 05:51:29,921 [Worker-18: Building] INFO  o.a.m.s.f.DefaultMavenResourcesFiltering - Copying 1 resource from src\main\resources to target\classes
2026-04-21 05:51:29,927 [Worker-18: Building] INFO  o.a.m.s.f.DefaultMavenResourcesFiltering - Copying 0 resource from src\main\resources to target\classes
2026-04-21 05:51:29,931 [Worker-18: Building] INFO  o.a.m.s.f.DefaultMavenResourcesFiltering - skip non existing resourceDirectory C:\Users\ASUS\OneDrive\Desktop\Sprint\connectsphere-backend\media-service\src\test\resources
2026-04-21 05:51:37,401 [Worker-3: Building] INFO  o.a.m.s.f.DefaultMavenResourcesFiltering - Copying 1 resource from src\main\resources to target\classes
2026-04-21 05:51:37,449 [Worker-3: Building] INFO  o.a.m.s.f.DefaultMavenResourcesFiltering - Copying 0 resource from src\main\resources to target\classes
2026-04-21 05:51:37,464 [Worker-3: Building] INFO  o.a.m.s.f.DefaultMavenResourcesFiltering - skip non existing resourceDirectory C:\Users\ASUS\OneDrive\Desktop\Sprint\connectsphere-backend\media-service\src\test\resources
2026-04-21 05:54:28,618 [Worker-14: Building] INFO  o.a.m.s.f.DefaultMavenResourcesFiltering - Copying 1 resource from src\main\resources to target\classes
2026-04-21 05:54:28,632 [Worker-14: Building] INFO  o.a.m.s.f.DefaultMavenResourcesFiltering - Copying 0 resource from src\main\resources to target\classes
2026-04-21 05:54:28,637 [Worker-14: Building] INFO  o.a.m.s.f.DefaultMavenResourcesFiltering - skip non existing resourceDirectory C:\Users\ASUS\OneDrive\Desktop\Sprint\connectsphere-backend\media-service\src\test\resources
2026-04-21 05:55:11,362 [Worker-14: Building] INFO  o.a.m.s.f.DefaultMavenResourcesFiltering - Copying 0 resource from src\main\resources to target\classes
2026-04-21 05:55:11,363 [Worker-14: Building] INFO  o.a.m.s.f.DefaultMavenResourcesFiltering - Copying 0 resource from src\main\resources to target\classes
2026-04-21 05:55:11,366 [Worker-14: Building] INFO  o.a.m.s.f.DefaultMavenResourcesFiltering - skip non existing resourceDirectory C:\Users\ASUS\OneDrive\Desktop\Sprint\connectsphere-backend\media-service\src\test\resources
2026-04-21 05:55:34,271 [main] INFO  o.e.m.jdt.internal.UnitTestSupport - Updating MediaServiceImplTest from maven configuration
2026-04-21 07:08:06,677 [Worker-41: Building] INFO  o.e.m.c.i.l.LifecycleMappingFactory - Using org.eclipse.m2e.jdt.JarLifecycleMapping lifecycle mapping for MavenProject: com.connectsphere:media-service:1.0.0 @ C:\Users\ASUS\OneDrive\Desktop\Sprint\connectsphere-backend\media-service\pom.xml.
2026-04-21 07:08:15,850 [Worker-41: Building] INFO  o.a.m.s.f.DefaultMavenResourcesFiltering - Copying 1 resource from src\main\resources to target\classes
2026-04-21 07:08:15,911 [Worker-41: Building] INFO  o.a.m.s.f.DefaultMavenResourcesFiltering - Copying 0 resource from src\main\resources to target\classes
2026-04-21 07:08:15,924 [Worker-41: Building] INFO  o.a.m.s.f.DefaultMavenResourcesFiltering - skip non existing resourceDirectory C:\Users\ASUS\OneDrive\Desktop\Sprint\connectsphere-backend\media-service\src\test\resources
2026-04-21 11:06:39,416 [Worker-1: Loading available Gradle versions] INFO  o.e.b.c.i.u.g.PublishedGradleVersions - Gradle version information cache is up-to-date. Trying to read.
2026-04-21 11:07:54,415 [Worker-9: Building] INFO  o.a.m.s.f.DefaultMavenResourcesFiltering - Copying 1 resource from src\main\resources to target\classes
2026-04-21 11:07:54,514 [Worker-9: Building] INFO  o.a.m.s.f.DefaultMavenResourcesFiltering - Copying 0 resource from src\main\resources to target\classes
2026-04-21 11:07:54,549 [Worker-9: Building] INFO  o.a.m.s.f.DefaultMavenResourcesFiltering - skip non existing resourceDirectory C:\Users\ASUS\OneDrive\Desktop\Sprint\connectsphere-backend\api-gateway\src\test\resources
2026-04-21 11:08:14,932 [Worker-9: Building] INFO  o.a.m.s.f.DefaultMavenResourcesFiltering - Copying 1 resource from src\main\resources to target\classes
2026-04-21 11:08:15,015 [Worker-9: Building] INFO  o.a.m.s.f.DefaultMavenResourcesFiltering - Copying 0 resource from src\main\resources to target\classes
2026-04-21 11:08:15,033 [Worker-9: Building] INFO  o.a.m.s.f.DefaultMavenResourcesFiltering - skip non existing resourceDirectory C:\Users\ASUS\OneDrive\Desktop\Sprint\connectsphere-backend\auth-service\src\test\resources
2026-04-21 11:08:20,704 [Worker-9: Building] INFO  o.e.m.c.i.l.LifecycleMappingFactory - Using org.eclipse.m2e.jdt.JarLifecycleMapping lifecycle mapping for MavenProject: com.connectsphere:media-service:1.0.0 @ C:\Users\ASUS\OneDrive\Desktop\Sprint\connectsphere-backend\media-service\pom.xml.
2026-04-21 11:08:22,680 [Worker-9: Building] INFO  o.a.m.s.f.DefaultMavenResourcesFiltering - Copying 1 resource from src\main\resources to target\classes
2026-04-21 11:08:22,707 [Worker-9: Building] INFO  o.a.m.s.f.DefaultMavenResourcesFiltering - Copying 0 resource from src\main\resources to target\classes
2026-04-21 11:08:22,715 [Worker-9: Building] INFO  o.a.m.s.f.DefaultMavenResourcesFiltering - skip non existing resourceDirectory C:\Users\ASUS\OneDrive\Desktop\Sprint\connectsphere-backend\media-service\src\test\resources
2026-04-21 11:08:22,803 [Worker-1: Updating Maven Project] INFO  o.e.m.c.i.p.ProjectConfigurationManager - Update started
2026-04-21 11:08:23,229 [Worker-1: Updating Maven Project] INFO  o.e.m.c.i.l.LifecycleMappingFactory - Using org.eclipse.m2e.jdt.JarLifecycleMapping lifecycle mapping for MavenProject: com.connectsphere:media-service:1.0.0 @ C:\Users\ASUS\OneDrive\Desktop\Sprint\connectsphere-backend\media-service\pom.xml.
2026-04-21 11:08:24,464 [Worker-1: Updating Maven Project] INFO  o.e.m.j.i.AbstractJavaProjectConfigurator - Adding source folder /media-service/src/main/java
2026-04-21 11:08:24,470 [Worker-1: Updating Maven Project] INFO  o.e.m.j.i.AbstractJavaProjectConfigurator - Adding resource folder /media-service/src/main/resources
2026-04-21 11:08:24,473 [Worker-1: Updating Maven Project] INFO  o.e.m.j.i.AbstractJavaProjectConfigurator - Adding resource folder /media-service/src/main/resources
2026-04-21 11:08:24,475 [Worker-1: Updating Maven Project] INFO  o.e.m.j.i.AbstractJavaProjectConfigurator - Adding source folder /media-service/src/test/java
2026-04-21 11:08:24,477 [Worker-1: Updating Maven Project] INFO  o.e.m.j.i.AbstractJavaProjectConfigurator - Adding resource folder /media-service/src/test/resources
2026-04-21 11:08:24,985 [Worker-1: Updating Maven Project] INFO  o.e.m.jdt.internal.UnitTestSupport - Reset launch configuration name: MediaServiceImplTest
2026-04-21 11:08:24,987 [Worker-1: Updating Maven Project] INFO  o.e.m.jdt.internal.UnitTestSupport - Updating MediaServiceImplTest from maven configuration
2026-04-21 11:08:27,714 [Worker-1: Updating Maven Project] INFO  o.e.m.c.i.p.ProjectConfigurationManager - Update completed for 1 poms: local refresh takes 0.00 sec, refresh facades takes 1.00 sec, update config takes 3.00 sec 
2026-04-21 11:08:29,322 [Worker-12: Building] INFO  o.a.m.s.f.DefaultMavenResourcesFiltering - Copying 1 resource from src\main\resources to target\classes
2026-04-21 11:08:29,431 [Worker-12: Building] INFO  o.a.m.s.f.DefaultMavenResourcesFiltering - Copying 0 resource from src\main\resources to target\classes
2026-04-21 11:08:29,440 [Worker-12: Building] INFO  o.a.m.s.f.DefaultMavenResourcesFiltering - skip non existing resourceDirectory C:\Users\ASUS\OneDrive\Desktop\Sprint\connectsphere-backend\media-service\src\test\resources
2026-04-21 11:08:32,063 [Worker-12: Building] INFO  o.a.m.s.f.DefaultMavenResourcesFiltering - Copying 1 resource from src\main\resources to target\classes
2026-04-21 11:08:32,132 [Worker-12: Building] INFO  o.a.m.s.f.DefaultMavenResourcesFiltering - Copying 0 resource from src\main\resources to target\classes
2026-04-21 11:08:32,141 [Worker-12: Building] INFO  o.a.m.s.f.DefaultMavenResourcesFiltering - skip non existing resourceDirectory C:\Users\ASUS\OneDrive\Desktop\Sprint\connectsphere-backend\notification-service\src\test\resources
2026-04-21 11:24:56,904 [Worker-18: Import Getting Started Content] INFO  o.e.m.c.i.l.LifecycleMappingFactory - Using org.eclipse.m2e.jdt.JarLifecycleMapping lifecycle mapping for MavenProject: com.connectsphere.search:search-service:0.0.1-SNAPSHOT @ C:\Users\ASUS\OneDrive\Desktop\Sprint\connectsphere-backend\search-service\pom.xml.
2026-04-21 11:24:59,359 [Worker-18: Import Getting Started Content] INFO  o.e.m.j.i.AbstractJavaProjectConfigurator - Adding source folder /search-service/src/main/java
2026-04-21 11:24:59,359 [Worker-18: Import Getting Started Content] INFO  o.e.m.j.i.AbstractJavaProjectConfigurator - Adding resource folder /search-service/src/main/resources
2026-04-21 11:24:59,362 [Worker-18: Import Getting Started Content] INFO  o.e.m.j.i.AbstractJavaProjectConfigurator - Adding resource folder /search-service/src/main/resources
2026-04-21 11:24:59,365 [Worker-18: Import Getting Started Content] INFO  o.e.m.j.i.AbstractJavaProjectConfigurator - Adding source folder /search-service/src/test/java
2026-04-21 11:24:59,366 [Worker-18: Import Getting Started Content] INFO  o.e.m.j.i.AbstractJavaProjectConfigurator - Adding resource folder /search-service/src/test/resources
2026-04-21 11:25:00,535 [Worker-18: Import Getting Started Content] INFO  o.e.m.c.i.p.ProjectConfigurationManager - Imported and configured 1 project(s) in 6 sec
2026-04-21 11:25:00,537 [Worker-18: Import Getting Started Content] INFO  o.e.m.c.i.p.ProjectConfigurationManager - Update started
2026-04-21 11:25:00,782 [Worker-18: Import Getting Started Content] INFO  o.e.m.c.i.l.LifecycleMappingFactory - Using org.eclipse.m2e.jdt.JarLifecycleMapping lifecycle mapping for MavenProject: com.connectsphere.search:search-service:0.0.1-SNAPSHOT @ C:\Users\ASUS\OneDrive\Desktop\Sprint\connectsphere-backend\search-service\pom.xml.
2026-04-21 11:25:01,122 [Worker-18: Import Getting Started Content] INFO  o.e.m.j.i.AbstractJavaProjectConfigurator - Adding source folder /search-service/src/main/java
2026-04-21 11:25:01,123 [Worker-18: Import Getting Started Content] INFO  o.e.m.j.i.AbstractJavaProjectConfigurator - Adding resource folder /search-service/src/main/resources
2026-04-21 11:25:01,123 [Worker-18: Import Getting Started Content] INFO  o.e.m.j.i.AbstractJavaProjectConfigurator - Adding resource folder /search-service/src/main/resources
2026-04-21 11:25:01,124 [Worker-18: Import Getting Started Content] INFO  o.e.m.j.i.AbstractJavaProjectConfigurator - Adding source folder /search-service/src/test/java
2026-04-21 11:25:01,125 [Worker-18: Import Getting Started Content] INFO  o.e.m.j.i.AbstractJavaProjectConfigurator - Adding resource folder /search-service/src/test/resources
2026-04-21 11:25:01,312 [Worker-18: Import Getting Started Content] INFO  o.e.m.c.i.p.ProjectConfigurationManager - Update completed for 1 poms: local refresh takes 0.00 sec, refresh facades takes 0.00 sec, update config takes 0.00 sec 
2026-04-21 11:25:01,809 [Worker-22: Building] INFO  o.a.m.s.f.DefaultMavenResourcesFiltering - Copying 1 resource from src\main\resources to target\classes
2026-04-21 11:25:01,877 [Worker-22: Building] INFO  o.a.m.s.f.DefaultMavenResourcesFiltering - Copying 0 resource from src\main\resources to target\classes
2026-04-21 11:25:01,884 [Worker-22: Building] INFO  o.a.m.s.f.DefaultMavenResourcesFiltering - skip non existing resourceDirectory C:\Users\ASUS\OneDrive\Desktop\Sprint\connectsphere-backend\search-service\src\test\resources
2026-04-21 11:25:12,270 [Worker-16: Building] INFO  o.a.m.s.f.DefaultMavenResourcesFiltering - Copying 1 resource from src\main\resources to target\classes
2026-04-21 11:25:12,275 [Worker-16: Building] INFO  o.a.m.s.f.DefaultMavenResourcesFiltering - Copying 0 resource from src\main\resources to target\classes
2026-04-21 11:25:12,279 [Worker-16: Building] INFO  o.a.m.s.f.DefaultMavenResourcesFiltering - skip non existing resourceDirectory C:\Users\ASUS\OneDrive\Desktop\Sprint\connectsphere-backend\search-service\src\test\resources
2026-04-21 11:25:27,806 [Worker-22: Building] INFO  o.a.m.s.f.DefaultMavenResourcesFiltering - Copying 1 resource from src\main\resources to target\classes
2026-04-21 11:25:27,822 [Worker-22: Building] INFO  o.a.m.s.f.DefaultMavenResourcesFiltering - Copying 0 resource from src\main\resources to target\classes
2026-04-21 11:25:27,825 [Worker-22: Building] INFO  o.a.m.s.f.DefaultMavenResourcesFiltering - skip non existing resourceDirectory C:\Users\ASUS\OneDrive\Desktop\Sprint\connectsphere-backend\search-service\src\test\resources
2026-04-21 11:26:14,484 [Worker-22: Building] INFO  o.e.m.c.i.l.LifecycleMappingFactory - Using org.eclipse.m2e.jdt.JarLifecycleMapping lifecycle mapping for MavenProject: com.connectsphere:search-service:1.0.0 @ C:\Users\ASUS\OneDrive\Desktop\Sprint\connectsphere-backend\search-service\pom.xml.
2026-04-21 11:26:15,214 [Worker-22: Building] INFO  o.a.m.s.f.DefaultMavenResourcesFiltering - Copying 0 resource from src\main\resources to target\classes
2026-04-21 11:26:15,215 [Worker-22: Building] INFO  o.a.m.s.f.DefaultMavenResourcesFiltering - Copying 0 resource from src\main\resources to target\classes
2026-04-21 11:26:15,220 [Worker-22: Building] INFO  o.a.m.s.f.DefaultMavenResourcesFiltering - skip non existing resourceDirectory C:\Users\ASUS\OneDrive\Desktop\Sprint\connectsphere-backend\search-service\src\test\resources
2026-04-21 11:26:15,603 [Worker-16: Updating Maven Project] INFO  o.e.m.c.i.p.ProjectConfigurationManager - Update started
2026-04-21 11:26:15,997 [Worker-16: Updating Maven Project] INFO  o.e.m.c.i.l.LifecycleMappingFactory - Using org.eclipse.m2e.jdt.JarLifecycleMapping lifecycle mapping for MavenProject: com.connectsphere:search-service:1.0.0 @ C:\Users\ASUS\OneDrive\Desktop\Sprint\connectsphere-backend\search-service\pom.xml.
2026-04-21 11:26:17,120 [Worker-16: Updating Maven Project] INFO  o.e.m.j.i.AbstractJavaProjectConfigurator - Adding source folder /search-service/src/main/java
2026-04-21 11:26:17,121 [Worker-16: Updating Maven Project] INFO  o.e.m.j.i.AbstractJavaProjectConfigurator - Adding resource folder /search-service/src/main/resources
2026-04-21 11:26:17,121 [Worker-16: Updating Maven Project] INFO  o.e.m.j.i.AbstractJavaProjectConfigurator - Adding resource folder /search-service/src/main/resources
2026-04-21 11:26:17,122 [Worker-16: Updating Maven Project] INFO  o.e.m.j.i.AbstractJavaProjectConfigurator - Adding source folder /search-service/src/test/java
2026-04-21 11:26:17,123 [Worker-16: Updating Maven Project] INFO  o.e.m.j.i.AbstractJavaProjectConfigurator - Adding resource folder /search-service/src/test/resources
2026-04-21 11:26:17,777 [Worker-16: Updating Maven Project] INFO  o.e.m.c.i.p.ProjectConfigurationManager - Update completed for 1 poms: local refresh takes 0.00 sec, refresh facades takes 1.00 sec, update config takes 0.00 sec 
2026-04-21 11:26:18,600 [Worker-32: Building] INFO  o.a.m.s.f.DefaultMavenResourcesFiltering - Copying 1 resource from src\main\resources to target\classes
2026-04-21 11:26:18,685 [Worker-32: Building] INFO  o.a.m.s.f.DefaultMavenResourcesFiltering - Copying 0 resource from src\main\resources to target\classes
2026-04-21 11:26:18,689 [Worker-32: Building] INFO  o.a.m.s.f.DefaultMavenResourcesFiltering - skip non existing resourceDirectory C:\Users\ASUS\OneDrive\Desktop\Sprint\connectsphere-backend\search-service\src\test\resources
2026-04-21 11:26:44,131 [Worker-28: Building] INFO  o.a.m.s.f.DefaultMavenResourcesFiltering - Copying 0 resource from src\main\resources to target\classes
2026-04-21 11:26:44,132 [Worker-28: Building] INFO  o.a.m.s.f.DefaultMavenResourcesFiltering - Copying 0 resource from src\main\resources to target\classes
2026-04-21 11:26:44,135 [Worker-28: Building] INFO  o.a.m.s.f.DefaultMavenResourcesFiltering - skip non existing resourceDirectory C:\Users\ASUS\OneDrive\Desktop\Sprint\connectsphere-backend\search-service\src\test\resources
2026-04-21 11:27:08,739 [Worker-32: Building] INFO  o.a.m.s.f.DefaultMavenResourcesFiltering - Copying 0 resource from src\main\resources to target\classes
2026-04-21 11:27:08,739 [Worker-32: Building] INFO  o.a.m.s.f.DefaultMavenResourcesFiltering - Copying 0 resource from src\main\resources to target\classes
2026-04-21 11:27:08,741 [Worker-32: Building] INFO  o.a.m.s.f.DefaultMavenResourcesFiltering - skip non existing resourceDirectory C:\Users\ASUS\OneDrive\Desktop\Sprint\connectsphere-backend\search-service\src\test\resources
2026-04-21 11:27:41,573 [Worker-33: Building] INFO  o.a.m.s.f.DefaultMavenResourcesFiltering - Copying 1 resource from src\main\resources to target\classes
2026-04-21 11:27:41,575 [Worker-33: Building] INFO  o.a.m.s.f.DefaultMavenResourcesFiltering - Copying 0 resource from src\main\resources to target\classes
2026-04-21 11:27:41,577 [Worker-33: Building] INFO  o.a.m.s.f.DefaultMavenResourcesFiltering - skip non existing resourceDirectory C:\Users\ASUS\OneDrive\Desktop\Sprint\connectsphere-backend\search-service\src\test\resources
2026-04-21 11:27:52,251 [Worker-27: Building] INFO  o.a.m.s.f.DefaultMavenResourcesFiltering - Copying 0 resource from src\main\resources to target\classes
2026-04-21 11:27:52,253 [Worker-27: Building] INFO  o.a.m.s.f.DefaultMavenResourcesFiltering - Copying 0 resource from src\main\resources to target\classes
2026-04-21 11:27:52,254 [Worker-27: Building] INFO  o.a.m.s.f.DefaultMavenResourcesFiltering - skip non existing resourceDirectory C:\Users\ASUS\OneDrive\Desktop\Sprint\connectsphere-backend\search-service\src\test\resources
2026-04-21 11:28:30,103 [Worker-31: Building] INFO  o.a.m.s.f.DefaultMavenResourcesFiltering - Copying 1 resource from src\main\resources to target\classes
2026-04-21 11:28:30,109 [Worker-31: Building] INFO  o.a.m.s.f.DefaultMavenResourcesFiltering - Copying 0 resource from src\main\resources to target\classes
2026-04-21 11:28:30,111 [Worker-31: Building] INFO  o.a.m.s.f.DefaultMavenResourcesFiltering - skip non existing resourceDirectory C:\Users\ASUS\OneDrive\Desktop\Sprint\connectsphere-backend\search-service\src\test\resources
2026-04-21 11:28:52,757 [main] INFO  o.e.m.jdt.internal.UnitTestSupport - Updating SearchServiceImplTest from maven configuration
2026-04-21 11:35:06,247 [LS-org.eclipse.languageserver.languages.springboot#listener-0] ERROR reactor.core.publisher.Operators - Operator called default onErrorDropped
reactor.core.Exceptions$ErrorCallbackNotImplemented: java.lang.IllegalStateException: Unexpected null value present!
Caused by: java.lang.IllegalStateException: Unexpected null value present!
	at org.eclipse.lsp4e.internal.NullSafetyHelper.castNonNull(NullSafetyHelper.java:36)
	at org.eclipse.lsp4e.LanguageServerWrapper.lambda$19(LanguageServerWrapper.java:938)
	at java.base/java.util.concurrent.CompletableFuture.uniApplyNow(CompletableFuture.java:684)
	at java.base/java.util.concurrent.CompletableFuture.uniApplyStage(CompletableFuture.java:662)
	at java.base/java.util.concurrent.CompletableFuture.thenApply(CompletableFuture.java:2200)
	at org.eclipse.lsp4e.LanguageServerWrapper.getServerCapabilitiesAsync(LanguageServerWrapper.java:938)
	at org.eclipse.lsp4e.LanguageServiceAccessor.capabilitiesComplyAsync(LanguageServiceAccessor.java:226)
	at org.eclipse.lsp4e.LanguageServiceAccessor.getStartedWrappersAsync(LanguageServiceAccessor.java:475)
	at org.eclipse.lsp4e.LanguageServiceAccessor.getStartedWrappersAsync(LanguageServiceAccessor.java:461)
	at org.eclipse.lsp4e.LanguageServers$LanguageServerProjectExecutor.getServers(LanguageServers.java:332)
	at org.eclipse.lsp4e.LanguageServers.executeOnServers(LanguageServers.java:441)
	at org.eclipse.lsp4e.LanguageServers.collectAll(LanguageServers.java:92)
	at org.eclipse.lsp4e.LanguageServers.collectAll(LanguageServers.java:75)
	at org.springframework.ide.eclipse.boot.dash.liveprocess.DefaultLiveProcessCommandExecutor.executeCommand(DefaultLiveProcessCommandExecutor.java:54)
	at org.springframework.ide.eclipse.boot.dash.BootDashActivator$1.stateChanged(BootDashActivator.java:219)
	at org.springframework.ide.eclipse.boot.dash.BootDashActivator$1.stateChanged(BootDashActivator.java:1)
	at org.springframework.ide.eclipse.boot.dash.util.RunStateTracker.updateOwnerStatesAndFireEvents(RunStateTracker.java:216)
	at org.springframework.ide.eclipse.boot.dash.util.RunStateTracker$1.gotValue(RunStateTracker.java:151)
	at org.springframework.ide.eclipse.boot.dash.util.RunStateTracker$1.gotValue(RunStateTracker.java:1)
	at org.springsource.ide.eclipse.commons.livexp.core.LiveExpression.changed(LiveExpression.java:137)
	at org.springsource.ide.eclipse.commons.livexp.core.LiveExpression.refresh(LiveExpression.java:81)
	at org.springsource.ide.eclipse.commons.livexp.core.LiveVariable.setValue(LiveVariable.java:46)
	at org.springframework.ide.eclipse.boot.dash.util.AbstractPollingAppReadyStateMonitor$1.run(AbstractPollingAppReadyStateMonitor.java:51)
	at org.eclipse.core.internal.jobs.Worker.run(Worker.java:63)
2026-04-21 11:35:24,105 [LS-org.eclipse.languageserver.languages.springboot#listener-0] ERROR reactor.core.publisher.Operators - Operator called default onErrorDropped
reactor.core.Exceptions$ErrorCallbackNotImplemented: java.lang.IllegalStateException: Unexpected null value present!
Caused by: java.lang.IllegalStateException: Unexpected null value present!
	at org.eclipse.lsp4e.internal.NullSafetyHelper.castNonNull(NullSafetyHelper.java:36)
	at org.eclipse.lsp4e.LanguageServerWrapper.lambda$19(LanguageServerWrapper.java:938)
	at java.base/java.util.concurrent.CompletableFuture.uniApplyNow(CompletableFuture.java:684)
	at java.base/java.util.concurrent.CompletableFuture.uniApplyStage(CompletableFuture.java:662)
	at java.base/java.util.concurrent.CompletableFuture.thenApply(CompletableFuture.java:2200)
	at org.eclipse.lsp4e.LanguageServerWrapper.getServerCapabilitiesAsync(LanguageServerWrapper.java:938)
	at org.eclipse.lsp4e.LanguageServiceAccessor.capabilitiesComplyAsync(LanguageServiceAccessor.java:226)
	at org.eclipse.lsp4e.LanguageServiceAccessor.getStartedWrappersAsync(LanguageServiceAccessor.java:475)
	at org.eclipse.lsp4e.LanguageServiceAccessor.getStartedWrappersAsync(LanguageServiceAccessor.java:461)
	at org.eclipse.lsp4e.LanguageServers$LanguageServerProjectExecutor.getServers(LanguageServers.java:332)
	at org.eclipse.lsp4e.LanguageServers.executeOnServers(LanguageServers.java:441)
	at org.eclipse.lsp4e.LanguageServers.collectAll(LanguageServers.java:92)
	at org.eclipse.lsp4e.LanguageServers.collectAll(LanguageServers.java:75)
	at org.springframework.ide.eclipse.boot.dash.liveprocess.DefaultLiveProcessCommandExecutor.executeCommand(DefaultLiveProcessCommandExecutor.java:54)
	at org.springframework.ide.eclipse.boot.dash.BootDashActivator$1.stateChanged(BootDashActivator.java:219)
	at org.springframework.ide.eclipse.boot.dash.BootDashActivator$1.stateChanged(BootDashActivator.java:1)
	at org.springframework.ide.eclipse.boot.dash.util.RunStateTracker.updateOwnerStatesAndFireEvents(RunStateTracker.java:216)
	at org.springframework.ide.eclipse.boot.dash.util.RunStateTracker$1.gotValue(RunStateTracker.java:151)
	at org.springframework.ide.eclipse.boot.dash.util.RunStateTracker$1.gotValue(RunStateTracker.java:1)
	at org.springsource.ide.eclipse.commons.livexp.core.LiveExpression.changed(LiveExpression.java:137)
	at org.springsource.ide.eclipse.commons.livexp.core.LiveExpression.refresh(LiveExpression.java:81)
	at org.springsource.ide.eclipse.commons.livexp.core.LiveVariable.setValue(LiveVariable.java:46)
	at org.springframework.ide.eclipse.boot.dash.util.AbstractPollingAppReadyStateMonitor$1.run(AbstractPollingAppReadyStateMonitor.java:51)
	at org.eclipse.core.internal.jobs.Worker.run(Worker.java:63)
2026-04-21 11:35:54,846 [LS-org.eclipse.languageserver.languages.springboot#listener-0] ERROR reactor.core.publisher.Operators - Operator called default onErrorDropped
reactor.core.Exceptions$ErrorCallbackNotImplemented: java.lang.IllegalStateException: Unexpected null value present!
Caused by: java.lang.IllegalStateException: Unexpected null value present!
	at org.eclipse.lsp4e.internal.NullSafetyHelper.castNonNull(NullSafetyHelper.java:36)
	at org.eclipse.lsp4e.LanguageServerWrapper.lambda$19(LanguageServerWrapper.java:938)
	at java.base/java.util.concurrent.CompletableFuture.uniApplyNow(CompletableFuture.java:684)
	at java.base/java.util.concurrent.CompletableFuture.uniApplyStage(CompletableFuture.java:662)
	at java.base/java.util.concurrent.CompletableFuture.thenApply(CompletableFuture.java:2200)
	at org.eclipse.lsp4e.LanguageServerWrapper.getServerCapabilitiesAsync(LanguageServerWrapper.java:938)
	at org.eclipse.lsp4e.LanguageServiceAccessor.capabilitiesComplyAsync(LanguageServiceAccessor.java:226)
	at org.eclipse.lsp4e.LanguageServiceAccessor.getStartedWrappersAsync(LanguageServiceAccessor.java:475)
	at org.eclipse.lsp4e.LanguageServiceAccessor.getStartedWrappersAsync(LanguageServiceAccessor.java:461)
	at org.eclipse.lsp4e.LanguageServers$LanguageServerProjectExecutor.getServers(LanguageServers.java:332)
	at org.eclipse.lsp4e.LanguageServers.executeOnServers(LanguageServers.java:441)
	at org.eclipse.lsp4e.LanguageServers.collectAll(LanguageServers.java:92)
	at org.eclipse.lsp4e.LanguageServers.collectAll(LanguageServers.java:75)
	at org.springframework.ide.eclipse.boot.dash.liveprocess.DefaultLiveProcessCommandExecutor.executeCommand(DefaultLiveProcessCommandExecutor.java:54)
	at org.springframework.ide.eclipse.boot.dash.BootDashActivator$1.stateChanged(BootDashActivator.java:219)
	at org.springframework.ide.eclipse.boot.dash.BootDashActivator$1.stateChanged(BootDashActivator.java:1)
	at org.springframework.ide.eclipse.boot.dash.util.RunStateTracker.updateOwnerStatesAndFireEvents(RunStateTracker.java:216)
	at org.springframework.ide.eclipse.boot.dash.util.RunStateTracker$1.gotValue(RunStateTracker.java:151)
	at org.springframework.ide.eclipse.boot.dash.util.RunStateTracker$1.gotValue(RunStateTracker.java:1)
	at org.springsource.ide.eclipse.commons.livexp.core.LiveExpression.changed(LiveExpression.java:137)
	at org.springsource.ide.eclipse.commons.livexp.core.LiveExpression.refresh(LiveExpression.java:81)
	at org.springsource.ide.eclipse.commons.livexp.core.LiveVariable.setValue(LiveVariable.java:46)
	at org.springframework.ide.eclipse.boot.dash.util.AbstractPollingAppReadyStateMonitor$1.run(AbstractPollingAppReadyStateMonitor.java:51)
	at org.eclipse.core.internal.jobs.Worker.run(Worker.java:63)
2026-04-21 11:36:33,138 [LS-org.eclipse.languageserver.languages.springboot#listener-0] ERROR reactor.core.publisher.Operators - Operator called default onErrorDropped
reactor.core.Exceptions$ErrorCallbackNotImplemented: java.lang.IllegalStateException: Unexpected null value present!
Caused by: java.lang.IllegalStateException: Unexpected null value present!
	at org.eclipse.lsp4e.internal.NullSafetyHelper.castNonNull(NullSafetyHelper.java:36)
	at org.eclipse.lsp4e.LanguageServerWrapper.lambda$19(LanguageServerWrapper.java:938)
	at java.base/java.util.concurrent.CompletableFuture.uniApplyNow(CompletableFuture.java:684)
	at java.base/java.util.concurrent.CompletableFuture.uniApplyStage(CompletableFuture.java:662)
	at java.base/java.util.concurrent.CompletableFuture.thenApply(CompletableFuture.java:2200)
	at org.eclipse.lsp4e.LanguageServerWrapper.getServerCapabilitiesAsync(LanguageServerWrapper.java:938)
	at org.eclipse.lsp4e.LanguageServiceAccessor.capabilitiesComplyAsync(LanguageServiceAccessor.java:226)
	at org.eclipse.lsp4e.LanguageServiceAccessor.getStartedWrappersAsync(LanguageServiceAccessor.java:475)
	at org.eclipse.lsp4e.LanguageServiceAccessor.getStartedWrappersAsync(LanguageServiceAccessor.java:461)
	at org.eclipse.lsp4e.LanguageServers$LanguageServerProjectExecutor.getServers(LanguageServers.java:332)
	at org.eclipse.lsp4e.LanguageServers.executeOnServers(LanguageServers.java:441)
	at org.eclipse.lsp4e.LanguageServers.collectAll(LanguageServers.java:92)
	at org.eclipse.lsp4e.LanguageServers.collectAll(LanguageServers.java:75)
	at org.springframework.ide.eclipse.boot.dash.liveprocess.DefaultLiveProcessCommandExecutor.executeCommand(DefaultLiveProcessCommandExecutor.java:54)
	at org.springframework.ide.eclipse.boot.dash.BootDashActivator$1.stateChanged(BootDashActivator.java:219)
	at org.springframework.ide.eclipse.boot.dash.BootDashActivator$1.stateChanged(BootDashActivator.java:1)
	at org.springframework.ide.eclipse.boot.dash.util.RunStateTracker.updateOwnerStatesAndFireEvents(RunStateTracker.java:216)
	at org.springframework.ide.eclipse.boot.dash.util.RunStateTracker$1.gotValue(RunStateTracker.java:151)
	at org.springframework.ide.eclipse.boot.dash.util.RunStateTracker$1.gotValue(RunStateTracker.java:1)
	at org.springsource.ide.eclipse.commons.livexp.core.LiveExpression.changed(LiveExpression.java:137)
	at org.springsource.ide.eclipse.commons.livexp.core.LiveExpression.refresh(LiveExpression.java:81)
	at org.springsource.ide.eclipse.commons.livexp.core.LiveVariable.setValue(LiveVariable.java:46)
	at org.springframework.ide.eclipse.boot.dash.util.AbstractPollingAppReadyStateMonitor$1.run(AbstractPollingAppReadyStateMonitor.java:51)
	at org.eclipse.core.internal.jobs.Worker.run(Worker.java:63)
2026-04-21 11:36:49,037 [LS-org.eclipse.languageserver.languages.springboot#listener-0] ERROR reactor.core.publisher.Operators - Operator called default onErrorDropped
reactor.core.Exceptions$ErrorCallbackNotImplemented: java.lang.IllegalStateException: Unexpected null value present!
Caused by: java.lang.IllegalStateException: Unexpected null value present!
	at org.eclipse.lsp4e.internal.NullSafetyHelper.castNonNull(NullSafetyHelper.java:36)
	at org.eclipse.lsp4e.LanguageServerWrapper.lambda$19(LanguageServerWrapper.java:938)
	at java.base/java.util.concurrent.CompletableFuture.uniApplyNow(CompletableFuture.java:684)
	at java.base/java.util.concurrent.CompletableFuture.uniApplyStage(CompletableFuture.java:662)
	at java.base/java.util.concurrent.CompletableFuture.thenApply(CompletableFuture.java:2200)
	at org.eclipse.lsp4e.LanguageServerWrapper.getServerCapabilitiesAsync(LanguageServerWrapper.java:938)
	at org.eclipse.lsp4e.LanguageServiceAccessor.capabilitiesComplyAsync(LanguageServiceAccessor.java:226)
	at org.eclipse.lsp4e.LanguageServiceAccessor.getStartedWrappersAsync(LanguageServiceAccessor.java:475)
	at org.eclipse.lsp4e.LanguageServiceAccessor.getStartedWrappersAsync(LanguageServiceAccessor.java:461)
	at org.eclipse.lsp4e.LanguageServers$LanguageServerProjectExecutor.getServers(LanguageServers.java:332)
	at org.eclipse.lsp4e.LanguageServers.executeOnServers(LanguageServers.java:441)
	at org.eclipse.lsp4e.LanguageServers.collectAll(LanguageServers.java:92)
	at org.eclipse.lsp4e.LanguageServers.collectAll(LanguageServers.java:75)
	at org.springframework.ide.eclipse.boot.dash.liveprocess.DefaultLiveProcessCommandExecutor.executeCommand(DefaultLiveProcessCommandExecutor.java:54)
	at org.springframework.ide.eclipse.boot.dash.BootDashActivator$1.stateChanged(BootDashActivator.java:219)
	at org.springframework.ide.eclipse.boot.dash.BootDashActivator$1.stateChanged(BootDashActivator.java:1)
	at org.springframework.ide.eclipse.boot.dash.util.RunStateTracker.updateOwnerStatesAndFireEvents(RunStateTracker.java:216)
	at org.springframework.ide.eclipse.boot.dash.util.RunStateTracker$1.gotValue(RunStateTracker.java:151)
	at org.springframework.ide.eclipse.boot.dash.util.RunStateTracker$1.gotValue(RunStateTracker.java:1)
	at org.springsource.ide.eclipse.commons.livexp.core.LiveExpression.changed(LiveExpression.java:137)
	at org.springsource.ide.eclipse.commons.livexp.core.LiveExpression.refresh(LiveExpression.java:81)
	at org.springsource.ide.eclipse.commons.livexp.core.LiveVariable.setValue(LiveVariable.java:46)
	at org.springframework.ide.eclipse.boot.dash.util.AbstractPollingAppReadyStateMonitor$1.run(AbstractPollingAppReadyStateMonitor.java:51)
	at org.eclipse.core.internal.jobs.Worker.run(Worker.java:63)
2026-04-21 11:37:05,138 [LS-org.eclipse.languageserver.languages.springboot#listener-0] ERROR reactor.core.publisher.Operators - Operator called default onErrorDropped
reactor.core.Exceptions$ErrorCallbackNotImplemented: java.lang.IllegalStateException: Unexpected null value present!
Caused by: java.lang.IllegalStateException: Unexpected null value present!
	at org.eclipse.lsp4e.internal.NullSafetyHelper.castNonNull(NullSafetyHelper.java:36)
	at org.eclipse.lsp4e.LanguageServerWrapper.lambda$19(LanguageServerWrapper.java:938)
	at java.base/java.util.concurrent.CompletableFuture.uniApplyNow(CompletableFuture.java:684)
	at java.base/java.util.concurrent.CompletableFuture.uniApplyStage(CompletableFuture.java:662)
	at java.base/java.util.concurrent.CompletableFuture.thenApply(CompletableFuture.java:2200)
	at org.eclipse.lsp4e.LanguageServerWrapper.getServerCapabilitiesAsync(LanguageServerWrapper.java:938)
	at org.eclipse.lsp4e.LanguageServiceAccessor.capabilitiesComplyAsync(LanguageServiceAccessor.java:226)
	at org.eclipse.lsp4e.LanguageServiceAccessor.getStartedWrappersAsync(LanguageServiceAccessor.java:475)
	at org.eclipse.lsp4e.LanguageServiceAccessor.getStartedWrappersAsync(LanguageServiceAccessor.java:461)
	at org.eclipse.lsp4e.LanguageServers$LanguageServerProjectExecutor.getServers(LanguageServers.java:332)
	at org.eclipse.lsp4e.LanguageServers.executeOnServers(LanguageServers.java:441)
	at org.eclipse.lsp4e.LanguageServers.collectAll(LanguageServers.java:92)
	at org.eclipse.lsp4e.LanguageServers.collectAll(LanguageServers.java:75)
	at org.springframework.ide.eclipse.boot.dash.liveprocess.DefaultLiveProcessCommandExecutor.executeCommand(DefaultLiveProcessCommandExecutor.java:54)
	at org.springframework.ide.eclipse.boot.dash.BootDashActivator$1.stateChanged(BootDashActivator.java:219)
	at org.springframework.ide.eclipse.boot.dash.BootDashActivator$1.stateChanged(BootDashActivator.java:1)
	at org.springframework.ide.eclipse.boot.dash.util.RunStateTracker.updateOwnerStatesAndFireEvents(RunStateTracker.java:216)
	at org.springframework.ide.eclipse.boot.dash.util.RunStateTracker$1.gotValue(RunStateTracker.java:151)
	at org.springframework.ide.eclipse.boot.dash.util.RunStateTracker$1.gotValue(RunStateTracker.java:1)
	at org.springsource.ide.eclipse.commons.livexp.core.LiveExpression.changed(LiveExpression.java:137)
	at org.springsource.ide.eclipse.commons.livexp.core.LiveExpression.refresh(LiveExpression.java:81)
	at org.springsource.ide.eclipse.commons.livexp.core.LiveVariable.setValue(LiveVariable.java:46)
	at org.springframework.ide.eclipse.boot.dash.util.AbstractPollingAppReadyStateMonitor$1.run(AbstractPollingAppReadyStateMonitor.java:51)
	at org.eclipse.core.internal.jobs.Worker.run(Worker.java:63)
2026-04-21 11:37:47,926 [Worker-41: Importing Maven projects] INFO  o.e.m.c.i.l.LifecycleMappingFactory - Using org.eclipse.m2e.jdt.JarLifecycleMapping lifecycle mapping for MavenProject: com.connectsphere:follow-service:1.0.0 @ C:\Users\ASUS\OneDrive\Desktop\Sprint\connectsphere-backend\follow-service\pom.xml.
2026-04-21 11:37:48,663 [Worker-41: Importing Maven projects] INFO  o.e.m.j.i.AbstractJavaProjectConfigurator - Adding source folder /follow-service/src/main/java
2026-04-21 11:37:48,664 [Worker-41: Importing Maven projects] INFO  o.e.m.j.i.AbstractJavaProjectConfigurator - Adding resource folder /follow-service/src/main/resources
2026-04-21 11:37:48,665 [Worker-41: Importing Maven projects] INFO  o.e.m.j.i.AbstractJavaProjectConfigurator - Adding resource folder /follow-service/src/main/resources
2026-04-21 11:37:48,665 [Worker-41: Importing Maven projects] INFO  o.e.m.j.i.AbstractJavaProjectConfigurator - Adding source folder /follow-service/src/test/java
2026-04-21 11:37:48,666 [Worker-41: Importing Maven projects] INFO  o.e.m.j.i.AbstractJavaProjectConfigurator - Adding resource folder /follow-service/src/test/resources
2026-04-21 11:37:48,959 [Worker-41: Importing Maven projects] INFO  o.e.m.jdt.internal.UnitTestSupport - Reset launch configuration name: FollowServiceImplTest
2026-04-21 11:37:48,959 [Worker-41: Importing Maven projects] INFO  o.e.m.jdt.internal.UnitTestSupport - Updating FollowServiceImplTest from maven configuration
2026-04-21 11:37:49,025 [Worker-41: Importing Maven projects] INFO  o.e.m.c.i.p.ProjectConfigurationManager - Imported and configured 1 project(s) in 1 sec
2026-04-21 11:37:50,190 [Worker-41: Building] INFO  o.a.m.s.f.DefaultMavenResourcesFiltering - Copying 1 resource from src\main\resources to target\classes
2026-04-21 11:37:50,246 [Worker-41: Building] INFO  o.a.m.s.f.DefaultMavenResourcesFiltering - Copying 0 resource from src\main\resources to target\classes
2026-04-21 11:37:50,251 [Worker-41: Building] INFO  o.a.m.s.f.DefaultMavenResourcesFiltering - skip non existing resourceDirectory C:\Users\ASUS\OneDrive\Desktop\Sprint\connectsphere-backend\follow-service\src\test\resources
2026-04-21 11:38:27,781 [LS-org.eclipse.languageserver.languages.springboot#listener-0] ERROR reactor.core.publisher.Operators - Operator called default onErrorDropped
reactor.core.Exceptions$ErrorCallbackNotImplemented: java.lang.IllegalStateException: Unexpected null value present!
Caused by: java.lang.IllegalStateException: Unexpected null value present!
	at org.eclipse.lsp4e.internal.NullSafetyHelper.castNonNull(NullSafetyHelper.java:36)
	at org.eclipse.lsp4e.LanguageServerWrapper.lambda$19(LanguageServerWrapper.java:938)
	at java.base/java.util.concurrent.CompletableFuture.uniApplyNow(CompletableFuture.java:684)
	at java.base/java.util.concurrent.CompletableFuture.uniApplyStage(CompletableFuture.java:662)
	at java.base/java.util.concurrent.CompletableFuture.thenApply(CompletableFuture.java:2200)
	at org.eclipse.lsp4e.LanguageServerWrapper.getServerCapabilitiesAsync(LanguageServerWrapper.java:938)
	at org.eclipse.lsp4e.LanguageServiceAccessor.capabilitiesComplyAsync(LanguageServiceAccessor.java:226)
	at org.eclipse.lsp4e.LanguageServiceAccessor.getStartedWrappersAsync(LanguageServiceAccessor.java:475)
	at org.eclipse.lsp4e.LanguageServiceAccessor.getStartedWrappersAsync(LanguageServiceAccessor.java:461)
	at org.eclipse.lsp4e.LanguageServers$LanguageServerProjectExecutor.getServers(LanguageServers.java:332)
	at org.eclipse.lsp4e.LanguageServers.executeOnServers(LanguageServers.java:441)
	at org.eclipse.lsp4e.LanguageServers.collectAll(LanguageServers.java:92)
	at org.eclipse.lsp4e.LanguageServers.collectAll(LanguageServers.java:75)
	at org.springframework.ide.eclipse.boot.dash.liveprocess.DefaultLiveProcessCommandExecutor.executeCommand(DefaultLiveProcessCommandExecutor.java:54)
	at org.springframework.ide.eclipse.boot.dash.BootDashActivator$1.stateChanged(BootDashActivator.java:219)
	at org.springframework.ide.eclipse.boot.dash.BootDashActivator$1.stateChanged(BootDashActivator.java:1)
	at org.springframework.ide.eclipse.boot.dash.util.RunStateTracker.updateOwnerStatesAndFireEvents(RunStateTracker.java:216)
	at org.springframework.ide.eclipse.boot.dash.util.RunStateTracker$1.gotValue(RunStateTracker.java:151)
	at org.springframework.ide.eclipse.boot.dash.util.RunStateTracker$1.gotValue(RunStateTracker.java:1)
	at org.springsource.ide.eclipse.commons.livexp.core.LiveExpression.changed(LiveExpression.java:137)
	at org.springsource.ide.eclipse.commons.livexp.core.LiveExpression.refresh(LiveExpression.java:81)
	at org.springsource.ide.eclipse.commons.livexp.core.LiveVariable.setValue(LiveVariable.java:46)
	at org.springframework.ide.eclipse.boot.dash.util.AbstractPollingAppReadyStateMonitor$1.run(AbstractPollingAppReadyStateMonitor.java:51)
	at org.eclipse.core.internal.jobs.Worker.run(Worker.java:63)
2026-04-21 11:39:13,101 [LS-org.eclipse.languageserver.languages.springboot#listener-0] ERROR reactor.core.publisher.Operators - Operator called default onErrorDropped
reactor.core.Exceptions$ErrorCallbackNotImplemented: java.lang.IllegalStateException: Unexpected null value present!
Caused by: java.lang.IllegalStateException: Unexpected null value present!
	at org.eclipse.lsp4e.internal.NullSafetyHelper.castNonNull(NullSafetyHelper.java:36)
	at org.eclipse.lsp4e.LanguageServerWrapper.lambda$19(LanguageServerWrapper.java:938)
	at java.base/java.util.concurrent.CompletableFuture.uniApplyNow(CompletableFuture.java:684)
	at java.base/java.util.concurrent.CompletableFuture.uniApplyStage(CompletableFuture.java:662)
	at java.base/java.util.concurrent.CompletableFuture.thenApply(CompletableFuture.java:2200)
	at org.eclipse.lsp4e.LanguageServerWrapper.getServerCapabilitiesAsync(LanguageServerWrapper.java:938)
	at org.eclipse.lsp4e.LanguageServiceAccessor.capabilitiesComplyAsync(LanguageServiceAccessor.java:226)
	at org.eclipse.lsp4e.LanguageServiceAccessor.getStartedWrappersAsync(LanguageServiceAccessor.java:475)
	at org.eclipse.lsp4e.LanguageServiceAccessor.getStartedWrappersAsync(LanguageServiceAccessor.java:461)
	at org.eclipse.lsp4e.LanguageServers$LanguageServerProjectExecutor.getServers(LanguageServers.java:332)
	at org.eclipse.lsp4e.LanguageServers.executeOnServers(LanguageServers.java:441)
	at org.eclipse.lsp4e.LanguageServers.collectAll(LanguageServers.java:92)
	at org.eclipse.lsp4e.LanguageServers.collectAll(LanguageServers.java:75)
	at org.springframework.ide.eclipse.boot.dash.liveprocess.DefaultLiveProcessCommandExecutor.executeCommand(DefaultLiveProcessCommandExecutor.java:54)
	at org.springframework.ide.eclipse.boot.dash.BootDashActivator$1.stateChanged(BootDashActivator.java:219)
	at org.springframework.ide.eclipse.boot.dash.BootDashActivator$1.stateChanged(BootDashActivator.java:1)
	at org.springframework.ide.eclipse.boot.dash.util.RunStateTracker.updateOwnerStatesAndFireEvents(RunStateTracker.java:216)
	at org.springframework.ide.eclipse.boot.dash.util.RunStateTracker$1.gotValue(RunStateTracker.java:151)
	at org.springframework.ide.eclipse.boot.dash.util.RunStateTracker$1.gotValue(RunStateTracker.java:1)
	at org.springsource.ide.eclipse.commons.livexp.core.LiveExpression.changed(LiveExpression.java:137)
	at org.springsource.ide.eclipse.commons.livexp.core.LiveExpression.refresh(LiveExpression.java:81)
	at org.springsource.ide.eclipse.commons.livexp.core.LiveVariable.setValue(LiveVariable.java:46)
	at org.springframework.ide.eclipse.boot.dash.util.AbstractPollingAppReadyStateMonitor$1.run(AbstractPollingAppReadyStateMonitor.java:51)
	at org.eclipse.core.internal.jobs.Worker.run(Worker.java:63)
2026-04-23 14:45:25,921 [Worker-3: Loading available Gradle versions] INFO  o.e.b.c.i.u.g.PublishedGradleVersions - Gradle version information cache is out-of-date. Trying to update.
2026-04-23 14:46:41,177 [Worker-8: Building] INFO  o.e.m.c.i.l.LifecycleMappingFactory - Using org.eclipse.m2e.jdt.JarLifecycleMapping lifecycle mapping for MavenProject: com.connectsphere:api-gateway:1.0.0 @ C:\Users\ASUS\OneDrive\Desktop\Sprint\connectsphere-backend\api-gateway\pom.xml.
2026-04-23 14:46:44,946 [Worker-8: Building] INFO  o.a.m.s.f.DefaultMavenResourcesFiltering - Copying 1 resource from src\main\resources to target\classes
2026-04-23 14:46:45,576 [Worker-8: Building] INFO  o.a.m.s.f.DefaultMavenResourcesFiltering - Copying 0 resource from src\main\resources to target\classes
2026-04-23 14:46:45,892 [Worker-8: Building] INFO  o.a.m.s.f.DefaultMavenResourcesFiltering - skip non existing resourceDirectory C:\Users\ASUS\OneDrive\Desktop\Sprint\connectsphere-backend\api-gateway\src\test\resources
2026-04-23 14:46:48,672 [Worker-8: Updating Maven Project] INFO  o.e.m.c.i.p.ProjectConfigurationManager - Update started
2026-04-23 14:46:50,862 [Worker-8: Updating Maven Project] INFO  o.e.m.c.i.l.LifecycleMappingFactory - Using org.eclipse.m2e.jdt.JarLifecycleMapping lifecycle mapping for MavenProject: com.connectsphere:api-gateway:1.0.0 @ C:\Users\ASUS\OneDrive\Desktop\Sprint\connectsphere-backend\api-gateway\pom.xml.
2026-04-23 14:46:57,875 [Worker-8: Updating Maven Project] INFO  o.e.m.j.i.AbstractJavaProjectConfigurator - Adding source folder /api-gateway/src/main/java
2026-04-23 14:46:57,881 [Worker-8: Updating Maven Project] INFO  o.e.m.j.i.AbstractJavaProjectConfigurator - Adding resource folder /api-gateway/src/main/resources
2026-04-23 14:46:57,881 [Worker-8: Updating Maven Project] INFO  o.e.m.j.i.AbstractJavaProjectConfigurator - Adding resource folder /api-gateway/src/main/resources
2026-04-23 14:46:57,884 [Worker-8: Updating Maven Project] INFO  o.e.m.j.i.AbstractJavaProjectConfigurator - Adding source folder /api-gateway/src/test/java
2026-04-23 14:46:57,884 [Worker-8: Updating Maven Project] INFO  o.e.m.j.i.AbstractJavaProjectConfigurator - Adding resource folder /api-gateway/src/test/resources
2026-04-23 14:47:01,781 [Worker-8: Updating Maven Project] INFO  o.e.m.c.i.p.ProjectConfigurationManager - Update completed for 1 poms: local refresh takes 0.00 sec, refresh facades takes 8.00 sec, update config takes 2.00 sec 
2026-04-23 14:47:01,798 [Worker-9: Updating Maven Project] INFO  o.e.m.c.i.p.ProjectConfigurationManager - Update started
2026-04-23 14:47:02,924 [Worker-9: Updating Maven Project] INFO  o.e.m.c.i.l.LifecycleMappingFactory - Using org.eclipse.m2e.jdt.JarLifecycleMapping lifecycle mapping for MavenProject: com.connectsphere:api-gateway:1.0.0 @ C:\Users\ASUS\OneDrive\Desktop\Sprint\connectsphere-backend\api-gateway\pom.xml.
2026-04-23 14:47:08,008 [Worker-9: Updating Maven Project] INFO  o.e.m.j.i.AbstractJavaProjectConfigurator - Adding source folder /api-gateway/src/main/java
2026-04-23 14:47:08,011 [Worker-9: Updating Maven Project] INFO  o.e.m.j.i.AbstractJavaProjectConfigurator - Adding resource folder /api-gateway/src/main/resources
2026-04-23 14:47:08,051 [Worker-9: Updating Maven Project] INFO  o.e.m.j.i.AbstractJavaProjectConfigurator - Adding resource folder /api-gateway/src/main/resources
2026-04-23 14:47:08,051 [Worker-9: Updating Maven Project] INFO  o.e.m.j.i.AbstractJavaProjectConfigurator - Adding source folder /api-gateway/src/test/java
2026-04-23 14:47:08,056 [Worker-9: Updating Maven Project] INFO  o.e.m.j.i.AbstractJavaProjectConfigurator - Adding resource folder /api-gateway/src/test/resources
2026-04-23 14:47:11,489 [Worker-9: Updating Maven Project] INFO  o.e.m.c.i.p.ProjectConfigurationManager - Update completed for 1 poms: local refresh takes 0.00 sec, refresh facades takes 6.00 sec, update config takes 2.00 sec 
2026-04-23 14:47:16,642 [Worker-10: Building] INFO  o.a.m.s.f.DefaultMavenResourcesFiltering - Copying 1 resource from src\main\resources to target\classes
2026-04-23 14:47:16,821 [Worker-10: Building] INFO  o.a.m.s.f.DefaultMavenResourcesFiltering - Copying 0 resource from src\main\resources to target\classes
2026-04-23 14:47:16,829 [Worker-10: Building] INFO  o.a.m.s.f.DefaultMavenResourcesFiltering - skip non existing resourceDirectory C:\Users\ASUS\OneDrive\Desktop\Sprint\connectsphere-backend\api-gateway\src\test\resources
2026-04-23 14:47:37,416 [Worker-10: Building] INFO  o.e.m.c.i.l.LifecycleMappingFactory - Using org.eclipse.m2e.jdt.JarLifecycleMapping lifecycle mapping for MavenProject: com.connectsphere:auth-service:1.0.0 @ C:\Users\ASUS\OneDrive\Desktop\Sprint\connectsphere-backend\auth-service\pom.xml.
2026-04-23 14:47:39,897 [Worker-10: Building] INFO  o.a.m.s.f.DefaultMavenResourcesFiltering - Copying 1 resource from src\main\resources to target\classes
2026-04-23 14:47:39,935 [Worker-10: Building] INFO  o.a.m.s.f.DefaultMavenResourcesFiltering - Copying 0 resource from src\main\resources to target\classes
2026-04-23 14:47:39,943 [Worker-10: Building] INFO  o.a.m.s.f.DefaultMavenResourcesFiltering - skip non existing resourceDirectory C:\Users\ASUS\OneDrive\Desktop\Sprint\connectsphere-backend\auth-service\src\test\resources
2026-04-23 14:47:40,605 [Worker-10: Updating Maven Project] INFO  o.e.m.c.i.p.ProjectConfigurationManager - Update started
2026-04-23 14:47:43,312 [Worker-10: Updating Maven Project] INFO  o.e.m.c.i.l.LifecycleMappingFactory - Using org.eclipse.m2e.jdt.JarLifecycleMapping lifecycle mapping for MavenProject: com.connectsphere:auth-service:1.0.0 @ C:\Users\ASUS\OneDrive\Desktop\Sprint\connectsphere-backend\auth-service\pom.xml.
2026-04-23 14:47:46,983 [Worker-10: Updating Maven Project] INFO  o.e.m.j.i.AbstractJavaProjectConfigurator - Adding source folder /auth-service/src/main/java
2026-04-23 14:47:46,984 [Worker-10: Updating Maven Project] INFO  o.e.m.j.i.AbstractJavaProjectConfigurator - Adding resource folder /auth-service/src/main/resources
2026-04-23 14:47:46,984 [Worker-10: Updating Maven Project] INFO  o.e.m.j.i.AbstractJavaProjectConfigurator - Adding resource folder /auth-service/src/main/resources
2026-04-23 14:47:46,985 [Worker-10: Updating Maven Project] INFO  o.e.m.j.i.AbstractJavaProjectConfigurator - Adding source folder /auth-service/src/test/java
2026-04-23 14:47:46,985 [Worker-10: Updating Maven Project] INFO  o.e.m.j.i.AbstractJavaProjectConfigurator - Adding resource folder /auth-service/src/test/resources
2026-04-23 14:47:47,330 [Worker-10: Updating Maven Project] INFO  o.e.m.jdt.internal.UnitTestSupport - Reset launch configuration name: AuthServiceImplTest
2026-04-23 14:47:47,332 [Worker-10: Updating Maven Project] INFO  o.e.m.jdt.internal.UnitTestSupport - Updating AuthServiceImplTest from maven configuration
2026-04-23 14:47:48,326 [Worker-10: Updating Maven Project] INFO  o.e.m.c.i.p.ProjectConfigurationManager - Update completed for 1 poms: local refresh takes 0.00 sec, refresh facades takes 6.00 sec, update config takes 1.00 sec 
2026-04-23 14:47:50,480 [Worker-12: Building] INFO  o.a.m.s.f.DefaultMavenResourcesFiltering - Copying 1 resource from src\main\resources to target\classes
2026-04-23 14:47:50,510 [Worker-12: Building] INFO  o.a.m.s.f.DefaultMavenResourcesFiltering - Copying 0 resource from src\main\resources to target\classes
2026-04-23 14:47:50,517 [Worker-12: Building] INFO  o.a.m.s.f.DefaultMavenResourcesFiltering - skip non existing resourceDirectory C:\Users\ASUS\OneDrive\Desktop\Sprint\connectsphere-backend\auth-service\src\test\resources
2026-04-23 14:47:52,899 [Worker-12: Building] INFO  o.e.m.c.i.l.LifecycleMappingFactory - Using org.eclipse.m2e.jdt.JarLifecycleMapping lifecycle mapping for MavenProject: com.connectsphere:comment-service:1.0.0 @ C:\Users\ASUS\OneDrive\Desktop\Sprint\connectsphere-backend\comment-service\pom.xml.
2026-04-23 14:47:54,185 [Worker-12: Building] INFO  o.a.m.s.f.DefaultMavenResourcesFiltering - Copying 1 resource from src\main\resources to target\classes
2026-04-23 14:47:54,211 [Worker-12: Building] INFO  o.a.m.s.f.DefaultMavenResourcesFiltering - Copying 0 resource from src\main\resources to target\classes
2026-04-23 14:47:54,218 [Worker-12: Building] INFO  o.a.m.s.f.DefaultMavenResourcesFiltering - skip non existing resourceDirectory C:\Users\ASUS\OneDrive\Desktop\Sprint\connectsphere-backend\comment-service\src\test\resources
2026-04-23 14:47:56,406 [Worker-12: Building] INFO  o.e.m.c.i.l.LifecycleMappingFactory - Using org.eclipse.m2e.jdt.JarLifecycleMapping lifecycle mapping for MavenProject: com.connectsphere:eureka-server:1.0.0 @ C:\Users\ASUS\OneDrive\Desktop\Sprint\connectsphere-backend\eureka-server\pom.xml.
2026-04-23 14:47:57,068 [Worker-12: Building] INFO  o.a.m.s.f.DefaultMavenResourcesFiltering - Copying 1 resource from src\main\resources to target\classes
2026-04-23 14:47:57,129 [Worker-12: Building] INFO  o.a.m.s.f.DefaultMavenResourcesFiltering - Copying 0 resource from src\main\resources to target\classes
2026-04-23 14:47:57,140 [Worker-12: Building] INFO  o.a.m.s.f.DefaultMavenResourcesFiltering - skip non existing resourceDirectory C:\Users\ASUS\OneDrive\Desktop\Sprint\connectsphere-backend\eureka-server\src\test\resources
2026-04-23 14:47:57,288 [Worker-10: Updating Maven Project] INFO  o.e.m.c.i.p.ProjectConfigurationManager - Update started
2026-04-23 14:47:57,746 [Worker-10: Updating Maven Project] INFO  o.e.m.c.i.l.LifecycleMappingFactory - Using org.eclipse.m2e.jdt.JarLifecycleMapping lifecycle mapping for MavenProject: com.connectsphere:comment-service:1.0.0 @ C:\Users\ASUS\OneDrive\Desktop\Sprint\connectsphere-backend\comment-service\pom.xml.
2026-04-23 14:47:58,902 [Worker-10: Updating Maven Project] INFO  o.e.m.j.i.AbstractJavaProjectConfigurator - Adding source folder /comment-service/src/main/java
2026-04-23 14:47:58,903 [Worker-10: Updating Maven Project] INFO  o.e.m.j.i.AbstractJavaProjectConfigurator - Adding resource folder /comment-service/src/main/resources
2026-04-23 14:47:58,904 [Worker-10: Updating Maven Project] INFO  o.e.m.j.i.AbstractJavaProjectConfigurator - Adding resource folder /comment-service/src/main/resources
2026-04-23 14:47:58,905 [Worker-10: Updating Maven Project] INFO  o.e.m.j.i.AbstractJavaProjectConfigurator - Adding source folder /comment-service/src/test/java
2026-04-23 14:47:58,906 [Worker-10: Updating Maven Project] INFO  o.e.m.j.i.AbstractJavaProjectConfigurator - Adding resource folder /comment-service/src/test/resources
2026-04-23 14:47:59,304 [Worker-10: Updating Maven Project] INFO  o.e.m.jdt.internal.UnitTestSupport - Reset launch configuration name: CommentServiceImplTest
2026-04-23 14:47:59,304 [Worker-10: Updating Maven Project] INFO  o.e.m.jdt.internal.UnitTestSupport - Updating CommentServiceImplTest from maven configuration
2026-04-23 14:47:59,599 [Worker-10: Updating Maven Project] INFO  o.e.m.c.i.p.ProjectConfigurationManager - Update completed for 1 poms: local refresh takes 0.00 sec, refresh facades takes 1.00 sec, update config takes 0.00 sec 
2026-04-23 14:47:59,612 [Worker-3: Updating Maven Project] INFO  o.e.m.c.i.p.ProjectConfigurationManager - Update started
2026-04-23 14:47:59,935 [Worker-3: Updating Maven Project] INFO  o.e.m.c.i.l.LifecycleMappingFactory - Using org.eclipse.m2e.jdt.JarLifecycleMapping lifecycle mapping for MavenProject: com.connectsphere:eureka-server:1.0.0 @ C:\Users\ASUS\OneDrive\Desktop\Sprint\connectsphere-backend\eureka-server\pom.xml.
2026-04-23 14:48:00,860 [Worker-3: Updating Maven Project] INFO  o.e.m.j.i.AbstractJavaProjectConfigurator - Adding source folder /eureka-server/src/main/java
2026-04-23 14:48:00,861 [Worker-3: Updating Maven Project] INFO  o.e.m.j.i.AbstractJavaProjectConfigurator - Adding resource folder /eureka-server/src/main/resources
2026-04-23 14:48:00,863 [Worker-3: Updating Maven Project] INFO  o.e.m.j.i.AbstractJavaProjectConfigurator - Adding resource folder /eureka-server/src/main/resources
2026-04-23 14:48:00,864 [Worker-3: Updating Maven Project] INFO  o.e.m.j.i.AbstractJavaProjectConfigurator - Adding source folder /eureka-server/src/test/java
2026-04-23 14:48:00,865 [Worker-3: Updating Maven Project] INFO  o.e.m.j.i.AbstractJavaProjectConfigurator - Adding resource folder /eureka-server/src/test/resources
2026-04-23 14:48:01,324 [Worker-3: Updating Maven Project] INFO  o.e.m.c.i.p.ProjectConfigurationManager - Update completed for 1 poms: local refresh takes 0.00 sec, refresh facades takes 1.00 sec, update config takes 0.00 sec 
2026-04-23 14:48:01,329 [Worker-13: Updating Maven Project] INFO  o.e.m.c.i.p.ProjectConfigurationManager - Update started
2026-04-23 14:48:01,617 [Worker-13: Updating Maven Project] INFO  o.e.m.c.i.l.LifecycleMappingFactory - Using org.eclipse.m2e.jdt.JarLifecycleMapping lifecycle mapping for MavenProject: com.connectsphere:comment-service:1.0.0 @ C:\Users\ASUS\OneDrive\Desktop\Sprint\connectsphere-backend\comment-service\pom.xml.
2026-04-23 14:48:03,052 [Worker-13: Updating Maven Project] INFO  o.e.m.j.i.AbstractJavaProjectConfigurator - Adding source folder /comment-service/src/main/java
2026-04-23 14:48:03,054 [Worker-13: Updating Maven Project] INFO  o.e.m.j.i.AbstractJavaProjectConfigurator - Adding resource folder /comment-service/src/main/resources
2026-04-23 14:48:03,055 [Worker-13: Updating Maven Project] INFO  o.e.m.j.i.AbstractJavaProjectConfigurator - Adding resource folder /comment-service/src/main/resources
2026-04-23 14:48:03,055 [Worker-13: Updating Maven Project] INFO  o.e.m.j.i.AbstractJavaProjectConfigurator - Adding source folder /comment-service/src/test/java
2026-04-23 14:48:03,057 [Worker-13: Updating Maven Project] INFO  o.e.m.j.i.AbstractJavaProjectConfigurator - Adding resource folder /comment-service/src/test/resources
2026-04-23 14:48:03,501 [Worker-13: Updating Maven Project] INFO  o.e.m.jdt.internal.UnitTestSupport - Reset launch configuration name: CommentServiceImplTest
2026-04-23 14:48:03,501 [Worker-13: Updating Maven Project] INFO  o.e.m.jdt.internal.UnitTestSupport - Updating CommentServiceImplTest from maven configuration
2026-04-23 14:48:03,841 [Worker-13: Updating Maven Project] INFO  o.e.m.c.i.p.ProjectConfigurationManager - Update completed for 1 poms: local refresh takes 0.00 sec, refresh facades takes 1.00 sec, update config takes 0.00 sec 
2026-04-23 14:48:05,077 [Worker-10: Building] INFO  o.a.m.s.f.DefaultMavenResourcesFiltering - Copying 1 resource from src\main\resources to target\classes
2026-04-23 14:48:05,141 [Worker-10: Building] INFO  o.a.m.s.f.DefaultMavenResourcesFiltering - Copying 0 resource from src\main\resources to target\classes
2026-04-23 14:48:05,149 [Worker-10: Building] INFO  o.a.m.s.f.DefaultMavenResourcesFiltering - skip non existing resourceDirectory C:\Users\ASUS\OneDrive\Desktop\Sprint\connectsphere-backend\comment-service\src\test\resources
2026-04-23 14:48:05,400 [Worker-10: Building] INFO  o.a.m.s.f.DefaultMavenResourcesFiltering - Copying 1 resource from src\main\resources to target\classes
2026-04-23 14:48:05,451 [Worker-10: Building] INFO  o.a.m.s.f.DefaultMavenResourcesFiltering - Copying 0 resource from src\main\resources to target\classes
2026-04-23 14:48:05,458 [Worker-10: Building] INFO  o.a.m.s.f.DefaultMavenResourcesFiltering - skip non existing resourceDirectory C:\Users\ASUS\OneDrive\Desktop\Sprint\connectsphere-backend\eureka-server\src\test\resources
2026-04-23 14:48:06,862 [Worker-10: Building] INFO  o.e.m.c.i.l.LifecycleMappingFactory - Using org.eclipse.m2e.jdt.JarLifecycleMapping lifecycle mapping for MavenProject: com.connectsphere:follow-service:1.0.0 @ C:\Users\ASUS\OneDrive\Desktop\Sprint\connectsphere-backend\follow-service\pom.xml.
2026-04-25 20:58:28,811 [Worker-8: Loading available Gradle versions] INFO  o.e.b.c.i.u.g.PublishedGradleVersions - Gradle version information cache is out-of-date. Trying to update.
2026-04-25 20:58:39,744 [Worker-13: Building] INFO  o.e.m.c.i.l.LifecycleMappingFactory - Using org.eclipse.m2e.jdt.JarLifecycleMapping lifecycle mapping for MavenProject: com.connectsphere:api-gateway:1.0.0 @ C:\Users\ASUS\OneDrive\Desktop\Sprint\connectsphere-backend\api-gateway\pom.xml.
2026-04-25 20:58:42,791 [Worker-13: Building] INFO  o.a.m.s.f.DefaultMavenResourcesFiltering - Copying 1 resource from src\main\resources to target\classes
2026-04-25 20:58:42,889 [Worker-13: Building] INFO  o.a.m.s.f.DefaultMavenResourcesFiltering - Copying 0 resource from src\main\resources to target\classes
2026-04-25 20:58:42,897 [Worker-13: Building] INFO  o.a.m.s.f.DefaultMavenResourcesFiltering - skip non existing resourceDirectory C:\Users\ASUS\OneDrive\Desktop\Sprint\connectsphere-backend\api-gateway\src\test\resources
2026-04-25 20:58:45,564 [Worker-13: Building] INFO  o.a.m.s.f.DefaultMavenResourcesFiltering - Copying 1 resource from src\main\resources to target\classes
2026-04-25 20:58:45,657 [Worker-13: Building] INFO  o.a.m.s.f.DefaultMavenResourcesFiltering - Copying 0 resource from src\main\resources to target\classes
2026-04-25 20:58:45,663 [Worker-13: Building] INFO  o.a.m.s.f.DefaultMavenResourcesFiltering - skip non existing resourceDirectory C:\Users\ASUS\OneDrive\Desktop\Sprint\connectsphere-backend\auth-service\src\test\resources
2026-04-25 20:58:47,471 [Worker-13: Building] INFO  o.a.m.s.f.DefaultMavenResourcesFiltering - Copying 1 resource from src\main\resources to target\classes
2026-04-25 20:58:47,545 [Worker-13: Building] INFO  o.a.m.s.f.DefaultMavenResourcesFiltering - Copying 0 resource from src\main\resources to target\classes
2026-04-25 20:58:47,551 [Worker-13: Building] INFO  o.a.m.s.f.DefaultMavenResourcesFiltering - skip non existing resourceDirectory C:\Users\ASUS\OneDrive\Desktop\Sprint\connectsphere-backend\comment-service\src\test\resources
2026-04-25 20:58:48,859 [Worker-13: Building] INFO  o.a.m.s.f.DefaultMavenResourcesFiltering - Copying 1 resource from src\main\resources to target\classes
2026-04-25 20:58:49,046 [Worker-13: Building] INFO  o.a.m.s.f.DefaultMavenResourcesFiltering - Copying 0 resource from src\main\resources to target\classes
2026-04-25 20:58:49,058 [Worker-13: Building] INFO  o.a.m.s.f.DefaultMavenResourcesFiltering - skip non existing resourceDirectory C:\Users\ASUS\OneDrive\Desktop\Sprint\connectsphere-backend\eureka-server\src\test\resources
2026-04-25 20:58:49,952 [Worker-8: Building] INFO  o.a.m.s.f.DefaultMavenResourcesFiltering - Copying 1 resource from src\main\resources to target\classes
2026-04-25 20:58:49,958 [Worker-8: Building] INFO  o.a.m.s.f.DefaultMavenResourcesFiltering - Copying 0 resource from src\main\resources to target\classes
2026-04-25 20:58:49,965 [Worker-8: Building] INFO  o.a.m.s.f.DefaultMavenResourcesFiltering - skip non existing resourceDirectory C:\Users\ASUS\OneDrive\Desktop\Sprint\connectsphere-backend\api-gateway\src\test\resources
2026-04-25 20:58:50,570 [Worker-8: Building] INFO  o.e.m.c.i.l.LifecycleMappingFactory - Using org.eclipse.m2e.jdt.JarLifecycleMapping lifecycle mapping for MavenProject: com.connectsphere:follow-service:1.0.0 @ C:\Users\ASUS\OneDrive\Desktop\Sprint\connectsphere-backend\follow-service\pom.xml.
2026-04-25 20:58:52,358 [Worker-8: Building] INFO  o.a.m.s.f.DefaultMavenResourcesFiltering - Copying 1 resource from src\main\resources to target\classes
2026-04-25 20:58:52,411 [Worker-8: Building] INFO  o.a.m.s.f.DefaultMavenResourcesFiltering - Copying 0 resource from src\main\resources to target\classes
2026-04-25 20:58:52,419 [Worker-8: Building] INFO  o.a.m.s.f.DefaultMavenResourcesFiltering - skip non existing resourceDirectory C:\Users\ASUS\OneDrive\Desktop\Sprint\connectsphere-backend\follow-service\src\test\resources
2026-04-25 20:58:53,147 [Worker-16: Updating Maven Project] INFO  o.e.m.c.i.p.ProjectConfigurationManager - Update started
2026-04-25 20:58:53,806 [Worker-16: Updating Maven Project] INFO  o.e.m.c.i.l.LifecycleMappingFactory - Using org.eclipse.m2e.jdt.JarLifecycleMapping lifecycle mapping for MavenProject: com.connectsphere:follow-service:1.0.0 @ C:\Users\ASUS\OneDrive\Desktop\Sprint\connectsphere-backend\follow-service\pom.xml.
2026-04-25 20:58:55,715 [Worker-16: Updating Maven Project] INFO  o.e.m.j.i.AbstractJavaProjectConfigurator - Adding source folder /follow-service/src/main/java
2026-04-25 20:58:55,725 [Worker-16: Updating Maven Project] INFO  o.e.m.j.i.AbstractJavaProjectConfigurator - Adding resource folder /follow-service/src/main/resources
2026-04-25 20:58:55,727 [Worker-16: Updating Maven Project] INFO  o.e.m.j.i.AbstractJavaProjectConfigurator - Adding resource folder /follow-service/src/main/resources
2026-04-25 20:58:55,731 [Worker-16: Updating Maven Project] INFO  o.e.m.j.i.AbstractJavaProjectConfigurator - Adding source folder /follow-service/src/test/java
2026-04-25 20:58:55,733 [Worker-16: Updating Maven Project] INFO  o.e.m.j.i.AbstractJavaProjectConfigurator - Adding resource folder /follow-service/src/test/resources
2026-04-25 20:58:56,172 [Worker-16: Updating Maven Project] INFO  o.e.m.jdt.internal.UnitTestSupport - Reset launch configuration name: FollowServiceImplTest
2026-04-25 20:58:56,175 [Worker-16: Updating Maven Project] INFO  o.e.m.jdt.internal.UnitTestSupport - Updating FollowServiceImplTest from maven configuration
2026-04-25 20:58:58,619 [Worker-16: Updating Maven Project] INFO  o.e.m.c.i.p.ProjectConfigurationManager - Update completed for 1 poms: local refresh takes 0.00 sec, refresh facades takes 2.00 sec, update config takes 3.00 sec 
2026-04-25 20:58:59,590 [Worker-6: Building] INFO  o.a.m.s.f.DefaultMavenResourcesFiltering - Copying 1 resource from src\main\resources to target\classes
2026-04-25 20:58:59,679 [Worker-6: Building] INFO  o.a.m.s.f.DefaultMavenResourcesFiltering - Copying 0 resource from src\main\resources to target\classes
2026-04-25 20:58:59,685 [Worker-6: Building] INFO  o.a.m.s.f.DefaultMavenResourcesFiltering - skip non existing resourceDirectory C:\Users\ASUS\OneDrive\Desktop\Sprint\connectsphere-backend\follow-service\src\test\resources
2026-04-25 20:59:01,122 [Worker-6: Building] INFO  o.e.m.c.i.l.LifecycleMappingFactory - Using org.eclipse.m2e.jdt.JarLifecycleMapping lifecycle mapping for MavenProject: com.connectsphere:like-service:1.0.0 @ C:\Users\ASUS\OneDrive\Desktop\Sprint\connectsphere-backend\like-service\pom.xml.
2026-04-25 20:59:02,285 [Worker-6: Building] INFO  o.a.m.s.f.DefaultMavenResourcesFiltering - Copying 1 resource from src\main\resources to target\classes
2026-04-25 20:59:02,331 [Worker-6: Building] INFO  o.a.m.s.f.DefaultMavenResourcesFiltering - Copying 0 resource from src\main\resources to target\classes
2026-04-25 20:59:02,337 [Worker-6: Building] INFO  o.a.m.s.f.DefaultMavenResourcesFiltering - skip non existing resourceDirectory C:\Users\ASUS\OneDrive\Desktop\Sprint\connectsphere-backend\like-service\src\test\resources
2026-04-25 20:59:02,416 [Worker-1: Updating Maven Project] INFO  o.e.m.c.i.p.ProjectConfigurationManager - Update started
2026-04-25 20:59:02,793 [Worker-1: Updating Maven Project] INFO  o.e.m.c.i.l.LifecycleMappingFactory - Using org.eclipse.m2e.jdt.JarLifecycleMapping lifecycle mapping for MavenProject: com.connectsphere:like-service:1.0.0 @ C:\Users\ASUS\OneDrive\Desktop\Sprint\connectsphere-backend\like-service\pom.xml.
2026-04-25 20:59:03,925 [Worker-1: Updating Maven Project] INFO  o.e.m.j.i.AbstractJavaProjectConfigurator - Adding source folder /like-service/src/main/java
2026-04-25 20:59:03,926 [Worker-1: Updating Maven Project] INFO  o.e.m.j.i.AbstractJavaProjectConfigurator - Adding resource folder /like-service/src/main/resources
2026-04-25 20:59:03,927 [Worker-1: Updating Maven Project] INFO  o.e.m.j.i.AbstractJavaProjectConfigurator - Adding resource folder /like-service/src/main/resources
2026-04-25 20:59:03,927 [Worker-1: Updating Maven Project] INFO  o.e.m.j.i.AbstractJavaProjectConfigurator - Adding source folder /like-service/src/test/java
2026-04-25 20:59:03,928 [Worker-1: Updating Maven Project] INFO  o.e.m.j.i.AbstractJavaProjectConfigurator - Adding resource folder /like-service/src/test/resources
2026-04-25 20:59:04,458 [Worker-1: Updating Maven Project] INFO  o.e.m.jdt.internal.UnitTestSupport - Reset launch configuration name: LikeServiceImplTest
2026-04-25 20:59:04,459 [Worker-1: Updating Maven Project] INFO  o.e.m.jdt.internal.UnitTestSupport - Updating LikeServiceImplTest from maven configuration
2026-04-25 20:59:04,825 [Worker-1: Updating Maven Project] INFO  o.e.m.c.i.p.ProjectConfigurationManager - Update completed for 1 poms: local refresh takes 0.00 sec, refresh facades takes 1.00 sec, update config takes 0.00 sec 
2026-04-25 20:59:07,963 [Worker-25: Building] INFO  o.a.m.s.f.DefaultMavenResourcesFiltering - Copying 1 resource from src\main\resources to target\classes
2026-04-25 20:59:08,001 [Worker-25: Building] INFO  o.a.m.s.f.DefaultMavenResourcesFiltering - Copying 0 resource from src\main\resources to target\classes
2026-04-25 20:59:08,006 [Worker-25: Building] INFO  o.a.m.s.f.DefaultMavenResourcesFiltering - skip non existing resourceDirectory C:\Users\ASUS\OneDrive\Desktop\Sprint\connectsphere-backend\like-service\src\test\resources
2026-04-25 20:59:10,217 [Worker-25: Building] INFO  o.e.m.c.i.l.LifecycleMappingFactory - Using org.eclipse.m2e.jdt.JarLifecycleMapping lifecycle mapping for MavenProject: com.connectsphere:media-service:1.0.0 @ C:\Users\ASUS\OneDrive\Desktop\Sprint\connectsphere-backend\media-service\pom.xml.
2026-04-25 20:59:10,737 [Worker-25: Building] INFO  o.a.m.s.f.DefaultMavenResourcesFiltering - Copying 1 resource from src\main\resources to target\classes
2026-04-25 20:59:10,746 [Worker-25: Building] INFO  o.a.m.s.f.DefaultMavenResourcesFiltering - Copying 0 resource from src\main\resources to target\classes
2026-04-25 20:59:10,750 [Worker-25: Building] INFO  o.a.m.s.f.DefaultMavenResourcesFiltering - skip non existing resourceDirectory C:\Users\ASUS\OneDrive\Desktop\Sprint\connectsphere-backend\media-service\src\test\resources
2026-04-25 20:59:12,738 [Worker-25: Building] INFO  o.e.m.c.i.l.LifecycleMappingFactory - Using org.eclipse.m2e.jdt.JarLifecycleMapping lifecycle mapping for MavenProject: com.connectsphere:notification-service:1.0.0 @ C:\Users\ASUS\OneDrive\Desktop\Sprint\connectsphere-backend\notification-service\pom.xml.
2026-04-25 20:59:13,302 [Worker-25: Building] INFO  o.a.m.s.f.DefaultMavenResourcesFiltering - Copying 1 resource from src\main\resources to target\classes
2026-04-25 20:59:13,312 [Worker-25: Building] INFO  o.a.m.s.f.DefaultMavenResourcesFiltering - Copying 0 resource from src\main\resources to target\classes
2026-04-25 20:59:13,315 [Worker-25: Building] INFO  o.a.m.s.f.DefaultMavenResourcesFiltering - skip non existing resourceDirectory C:\Users\ASUS\OneDrive\Desktop\Sprint\connectsphere-backend\notification-service\src\test\resources
2026-04-25 20:59:14,994 [Worker-25: Building] INFO  o.e.m.c.i.l.LifecycleMappingFactory - Using org.eclipse.m2e.jdt.JarLifecycleMapping lifecycle mapping for MavenProject: com.connectsphere:post-service:1.0.0 @ C:\Users\ASUS\OneDrive\Desktop\Sprint\connectsphere-backend\post-service\pom.xml.
2026-04-25 20:59:15,536 [Worker-25: Building] INFO  o.a.m.s.f.DefaultMavenResourcesFiltering - Copying 1 resource from src\main\resources to target\classes
2026-04-25 20:59:15,549 [Worker-25: Building] INFO  o.a.m.s.f.DefaultMavenResourcesFiltering - Copying 0 resource from src\main\resources to target\classes
2026-04-25 20:59:15,554 [Worker-25: Building] INFO  o.a.m.s.f.DefaultMavenResourcesFiltering - skip non existing resourceDirectory C:\Users\ASUS\OneDrive\Desktop\Sprint\connectsphere-backend\post-service\src\test\resources
2026-04-25 20:59:15,632 [Worker-11: Updating Maven Project] INFO  o.e.m.c.i.p.ProjectConfigurationManager - Update started
2026-04-25 20:59:15,923 [Worker-11: Updating Maven Project] INFO  o.e.m.c.i.l.LifecycleMappingFactory - Using org.eclipse.m2e.jdt.JarLifecycleMapping lifecycle mapping for MavenProject: com.connectsphere:notification-service:1.0.0 @ C:\Users\ASUS\OneDrive\Desktop\Sprint\connectsphere-backend\notification-service\pom.xml.
2026-04-25 20:59:16,615 [Worker-11: Updating Maven Project] INFO  o.e.m.j.i.AbstractJavaProjectConfigurator - Adding source folder /notification-service/src/main/java
2026-04-25 20:59:16,615 [Worker-11: Updating Maven Project] INFO  o.e.m.j.i.AbstractJavaProjectConfigurator - Adding resource folder /notification-service/src/main/resources
2026-04-25 20:59:16,616 [Worker-11: Updating Maven Project] INFO  o.e.m.j.i.AbstractJavaProjectConfigurator - Adding resource folder /notification-service/src/main/resources
2026-04-25 20:59:16,616 [Worker-11: Updating Maven Project] INFO  o.e.m.j.i.AbstractJavaProjectConfigurator - Adding source folder /notification-service/src/test/java
2026-04-25 20:59:16,616 [Worker-11: Updating Maven Project] INFO  o.e.m.j.i.AbstractJavaProjectConfigurator - Adding resource folder /notification-service/src/test/resources
2026-04-25 20:59:17,028 [Worker-11: Updating Maven Project] INFO  o.e.m.c.i.p.ProjectConfigurationManager - Update completed for 1 poms: local refresh takes 0.00 sec, refresh facades takes 0.00 sec, update config takes 0.00 sec 
2026-04-25 20:59:17,035 [Worker-20: Updating Maven Project] INFO  o.e.m.c.i.p.ProjectConfigurationManager - Update started
2026-04-25 20:59:17,249 [Worker-20: Updating Maven Project] INFO  o.e.m.c.i.l.LifecycleMappingFactory - Using org.eclipse.m2e.jdt.JarLifecycleMapping lifecycle mapping for MavenProject: com.connectsphere:post-service:1.0.0 @ C:\Users\ASUS\OneDrive\Desktop\Sprint\connectsphere-backend\post-service\pom.xml.
2026-04-25 20:59:17,920 [Worker-20: Updating Maven Project] INFO  o.e.m.j.i.AbstractJavaProjectConfigurator - Adding source folder /post-service/src/main/java
2026-04-25 20:59:17,920 [Worker-20: Updating Maven Project] INFO  o.e.m.j.i.AbstractJavaProjectConfigurator - Adding resource folder /post-service/src/main/resources
2026-04-25 20:59:17,922 [Worker-20: Updating Maven Project] INFO  o.e.m.j.i.AbstractJavaProjectConfigurator - Adding resource folder /post-service/src/main/resources
2026-04-25 20:59:17,922 [Worker-20: Updating Maven Project] INFO  o.e.m.j.i.AbstractJavaProjectConfigurator - Adding source folder /post-service/src/test/java
2026-04-25 20:59:17,922 [Worker-20: Updating Maven Project] INFO  o.e.m.j.i.AbstractJavaProjectConfigurator - Adding resource folder /post-service/src/test/resources
2026-04-25 20:59:18,353 [Worker-20: Updating Maven Project] INFO  o.e.m.jdt.internal.UnitTestSupport - Reset launch configuration name: PostServiceImplTest
2026-04-25 20:59:18,353 [Worker-20: Updating Maven Project] INFO  o.e.m.jdt.internal.UnitTestSupport - Updating PostServiceImplTest from maven configuration
2026-04-25 20:59:18,522 [Worker-20: Updating Maven Project] INFO  o.e.m.c.i.p.ProjectConfigurationManager - Update completed for 1 poms: local refresh takes 0.00 sec, refresh facades takes 0.00 sec, update config takes 0.00 sec 
2026-04-25 20:59:19,074 [Worker-20: Building] INFO  o.a.m.s.f.DefaultMavenResourcesFiltering - Copying 1 resource from src\main\resources to target\classes
2026-04-25 20:59:19,076 [Worker-20: Building] INFO  o.a.m.s.f.DefaultMavenResourcesFiltering - Copying 0 resource from src\main\resources to target\classes
2026-04-25 20:59:19,078 [Worker-20: Building] INFO  o.a.m.s.f.DefaultMavenResourcesFiltering - skip non existing resourceDirectory C:\Users\ASUS\OneDrive\Desktop\Sprint\connectsphere-backend\media-service\src\test\resources
2026-04-25 20:59:19,662 [Worker-20: Building] INFO  o.a.m.s.f.DefaultMavenResourcesFiltering - Copying 1 resource from src\main\resources to target\classes
2026-04-25 20:59:19,683 [Worker-20: Building] INFO  o.a.m.s.f.DefaultMavenResourcesFiltering - Copying 0 resource from src\main\resources to target\classes
2026-04-25 20:59:19,687 [Worker-20: Building] INFO  o.a.m.s.f.DefaultMavenResourcesFiltering - skip non existing resourceDirectory C:\Users\ASUS\OneDrive\Desktop\Sprint\connectsphere-backend\notification-service\src\test\resources
2026-04-25 20:59:20,218 [Worker-20: Building] INFO  o.a.m.s.f.DefaultMavenResourcesFiltering - Copying 1 resource from src\main\resources to target\classes
2026-04-25 20:59:20,242 [Worker-20: Building] INFO  o.a.m.s.f.DefaultMavenResourcesFiltering - Copying 0 resource from src\main\resources to target\classes
2026-04-25 20:59:20,246 [Worker-20: Building] INFO  o.a.m.s.f.DefaultMavenResourcesFiltering - skip non existing resourceDirectory C:\Users\ASUS\OneDrive\Desktop\Sprint\connectsphere-backend\post-service\src\test\resources
2026-04-25 20:59:22,111 [Worker-20: Building] INFO  o.e.m.c.i.l.LifecycleMappingFactory - Using org.eclipse.m2e.jdt.JarLifecycleMapping lifecycle mapping for MavenProject: com.connectsphere:search-service:1.0.0 @ C:\Users\ASUS\OneDrive\Desktop\Sprint\connectsphere-backend\search-service\pom.xml.
2026-04-25 20:59:22,599 [Worker-20: Building] INFO  o.a.m.s.f.DefaultMavenResourcesFiltering - Copying 1 resource from src\main\resources to target\classes
2026-04-25 20:59:22,608 [Worker-20: Building] INFO  o.a.m.s.f.DefaultMavenResourcesFiltering - Copying 0 resource from src\main\resources to target\classes
2026-04-25 20:59:22,611 [Worker-20: Building] INFO  o.a.m.s.f.DefaultMavenResourcesFiltering - skip non existing resourceDirectory C:\Users\ASUS\OneDrive\Desktop\Sprint\connectsphere-backend\search-service\src\test\resources
2026-04-25 20:59:22,687 [Worker-9: Updating Maven Project] INFO  o.e.m.c.i.p.ProjectConfigurationManager - Update started
2026-04-25 20:59:23,126 [Worker-9: Updating Maven Project] INFO  o.e.m.c.i.l.LifecycleMappingFactory - Using org.eclipse.m2e.jdt.JarLifecycleMapping lifecycle mapping for MavenProject: com.connectsphere:search-service:1.0.0 @ C:\Users\ASUS\OneDrive\Desktop\Sprint\connectsphere-backend\search-service\pom.xml.
2026-04-25 20:59:23,927 [Worker-9: Updating Maven Project] INFO  o.e.m.j.i.AbstractJavaProjectConfigurator - Adding source folder /search-service/src/main/java
2026-04-25 20:59:23,927 [Worker-9: Updating Maven Project] INFO  o.e.m.j.i.AbstractJavaProjectConfigurator - Adding resource folder /search-service/src/main/resources
2026-04-25 20:59:23,928 [Worker-9: Updating Maven Project] INFO  o.e.m.j.i.AbstractJavaProjectConfigurator - Adding resource folder /search-service/src/main/resources
2026-04-25 20:59:23,928 [Worker-9: Updating Maven Project] INFO  o.e.m.j.i.AbstractJavaProjectConfigurator - Adding source folder /search-service/src/test/java
2026-04-25 20:59:23,928 [Worker-9: Updating Maven Project] INFO  o.e.m.j.i.AbstractJavaProjectConfigurator - Adding resource folder /search-service/src/test/resources
2026-04-25 20:59:24,203 [Worker-9: Updating Maven Project] INFO  o.e.m.jdt.internal.UnitTestSupport - Reset launch configuration name: SearchServiceImplTest
2026-04-25 20:59:24,203 [Worker-9: Updating Maven Project] INFO  o.e.m.jdt.internal.UnitTestSupport - Updating SearchServiceImplTest from maven configuration
2026-04-25 20:59:24,360 [Worker-9: Updating Maven Project] INFO  o.e.m.c.i.p.ProjectConfigurationManager - Update completed for 1 poms: local refresh takes 0.00 sec, refresh facades takes 1.00 sec, update config takes 0.00 sec 
2026-04-25 20:59:24,569 [Worker-9: Importing Maven projects] INFO  o.e.m.c.i.l.LifecycleMappingFactory - Using org.eclipse.m2e.jdt.JarLifecycleMapping lifecycle mapping for MavenProject: com.connectsphere:payment-service:1.0.0 @ C:\Users\ASUS\OneDrive\Desktop\Sprint\connectsphere-backend\payment-service\pom.xml.
2026-04-25 20:59:25,490 [Worker-9: Importing Maven projects] INFO  o.e.m.j.i.AbstractJavaProjectConfigurator - Adding source folder /payment-service/src/main/java
2026-04-25 20:59:25,490 [Worker-9: Importing Maven projects] INFO  o.e.m.j.i.AbstractJavaProjectConfigurator - Adding resource folder /payment-service/src/main/resources
2026-04-25 20:59:25,491 [Worker-9: Importing Maven projects] INFO  o.e.m.j.i.AbstractJavaProjectConfigurator - Adding resource folder /payment-service/src/main/resources
2026-04-25 20:59:25,492 [Worker-9: Importing Maven projects] INFO  o.e.m.j.i.AbstractJavaProjectConfigurator - Adding source folder /payment-service/src/test/java
2026-04-25 20:59:25,492 [Worker-9: Importing Maven projects] INFO  o.e.m.j.i.AbstractJavaProjectConfigurator - Adding resource folder /payment-service/src/test/resources
2026-04-25 20:59:26,488 [Worker-9: Importing Maven projects] INFO  o.e.m.c.i.p.ProjectConfigurationManager - Imported and configured 1 project(s) in 2 sec
2026-04-25 20:59:27,074 [Worker-2: Building] INFO  o.a.m.s.f.DefaultMavenResourcesFiltering - Copying 1 resource from src\main\resources to target\classes
2026-04-25 20:59:27,141 [Worker-2: Building] INFO  o.a.m.s.f.DefaultMavenResourcesFiltering - Copying 0 resource from src\main\resources to target\classes
2026-04-25 20:59:27,145 [Worker-2: Building] INFO  o.a.m.s.f.DefaultMavenResourcesFiltering - skip non existing resourceDirectory C:\Users\ASUS\OneDrive\Desktop\Sprint\connectsphere-backend\payment-service\src\test\resources
2026-04-25 20:59:27,802 [Worker-2: Building] INFO  o.a.m.s.f.DefaultMavenResourcesFiltering - Copying 1 resource from src\main\resources to target\classes
2026-04-25 20:59:27,869 [Worker-2: Building] INFO  o.a.m.s.f.DefaultMavenResourcesFiltering - Copying 0 resource from src\main\resources to target\classes
2026-04-25 20:59:27,873 [Worker-2: Building] INFO  o.a.m.s.f.DefaultMavenResourcesFiltering - skip non existing resourceDirectory C:\Users\ASUS\OneDrive\Desktop\Sprint\connectsphere-backend\search-service\src\test\resources
2026-04-25 20:59:46,793 [Worker-9: Building] INFO  o.a.m.s.f.DefaultMavenResourcesFiltering - Copying 0 resource from src\main\resources to target\classes
2026-04-25 20:59:46,794 [Worker-9: Building] INFO  o.a.m.s.f.DefaultMavenResourcesFiltering - Copying 0 resource from src\main\resources to target\classes
2026-04-25 20:59:46,795 [Worker-9: Building] INFO  o.a.m.s.f.DefaultMavenResourcesFiltering - skip non existing resourceDirectory C:\Users\ASUS\OneDrive\Desktop\Sprint\connectsphere-backend\notification-service\src\test\resources
2026-04-25 20:59:54,648 [Worker-26: Building] INFO  o.a.m.s.f.DefaultMavenResourcesFiltering - Copying 0 resource from src\main\resources to target\classes
2026-04-25 20:59:54,648 [Worker-26: Building] INFO  o.a.m.s.f.DefaultMavenResourcesFiltering - Copying 0 resource from src\main\resources to target\classes
2026-04-25 20:59:54,650 [Worker-26: Building] INFO  o.a.m.s.f.DefaultMavenResourcesFiltering - skip non existing resourceDirectory C:\Users\ASUS\OneDrive\Desktop\Sprint\connectsphere-backend\notification-service\src\test\resources
2026-04-25 21:04:26,289 [Worker-9: Building] INFO  o.a.m.s.f.DefaultMavenResourcesFiltering - Copying 0 resource from src\main\resources to target\classes
2026-04-25 21:04:26,290 [Worker-9: Building] INFO  o.a.m.s.f.DefaultMavenResourcesFiltering - Copying 0 resource from src\main\resources to target\classes
2026-04-25 21:04:26,291 [Worker-9: Building] INFO  o.a.m.s.f.DefaultMavenResourcesFiltering - skip non existing resourceDirectory C:\Users\ASUS\OneDrive\Desktop\Sprint\connectsphere-backend\notification-service\src\test\resources
2026-04-25 21:04:58,248 [Worker-9: Building] INFO  o.a.m.s.f.DefaultMavenResourcesFiltering - Copying 0 resource from src\main\resources to target\classes
2026-04-25 21:04:58,249 [Worker-9: Building] INFO  o.a.m.s.f.DefaultMavenResourcesFiltering - Copying 0 resource from src\main\resources to target\classes
2026-04-25 21:04:58,250 [Worker-9: Building] INFO  o.a.m.s.f.DefaultMavenResourcesFiltering - skip non existing resourceDirectory C:\Users\ASUS\OneDrive\Desktop\Sprint\connectsphere-backend\notification-service\src\test\resources
2026-04-25 21:07:36,860 [Worker-28: Updating Maven Project] INFO  o.e.m.c.i.p.ProjectConfigurationManager - Update started
2026-04-25 21:07:37,578 [Worker-28: Updating Maven Project] INFO  o.e.m.c.i.l.LifecycleMappingFactory - Using org.eclipse.m2e.jdt.JarLifecycleMapping lifecycle mapping for MavenProject: com.connectsphere:api-gateway:1.0.0 @ C:\Users\ASUS\OneDrive\Desktop\Sprint\connectsphere-backend\api-gateway\pom.xml.
2026-04-25 21:07:37,925 [Worker-28: Updating Maven Project] INFO  o.e.m.c.i.l.LifecycleMappingFactory - Using org.eclipse.m2e.jdt.JarLifecycleMapping lifecycle mapping for MavenProject: com.connectsphere:media-service:1.0.0 @ C:\Users\ASUS\OneDrive\Desktop\Sprint\connectsphere-backend\media-service\pom.xml.
2026-04-25 21:07:38,086 [Worker-28: Updating Maven Project] INFO  o.e.m.c.i.l.LifecycleMappingFactory - Using org.eclipse.m2e.jdt.JarLifecycleMapping lifecycle mapping for MavenProject: com.connectsphere:payment-service:1.0.0 @ C:\Users\ASUS\OneDrive\Desktop\Sprint\connectsphere-backend\payment-service\pom.xml.
2026-04-25 21:07:38,202 [Worker-28: Updating Maven Project] INFO  o.e.m.c.i.l.LifecycleMappingFactory - Using org.eclipse.m2e.jdt.JarLifecycleMapping lifecycle mapping for MavenProject: com.connectsphere:search-service:1.0.0 @ C:\Users\ASUS\OneDrive\Desktop\Sprint\connectsphere-backend\search-service\pom.xml.
2026-04-25 21:07:39,278 [Worker-28: Updating Maven Project] INFO  o.e.m.j.i.AbstractJavaProjectConfigurator - Adding source folder /api-gateway/src/main/java
2026-04-25 21:07:39,278 [Worker-28: Updating Maven Project] INFO  o.e.m.j.i.AbstractJavaProjectConfigurator - Adding resource folder /api-gateway/src/main/resources
2026-04-25 21:07:39,279 [Worker-28: Updating Maven Project] INFO  o.e.m.j.i.AbstractJavaProjectConfigurator - Adding resource folder /api-gateway/src/main/resources
2026-04-25 21:07:39,279 [Worker-28: Updating Maven Project] INFO  o.e.m.j.i.AbstractJavaProjectConfigurator - Adding source folder /api-gateway/src/test/java
2026-04-25 21:07:39,279 [Worker-28: Updating Maven Project] INFO  o.e.m.j.i.AbstractJavaProjectConfigurator - Adding resource folder /api-gateway/src/test/resources
2026-04-25 21:07:39,528 [Worker-28: Updating Maven Project] INFO  o.e.m.j.i.AbstractJavaProjectConfigurator - Adding source folder /media-service/src/main/java
2026-04-25 21:07:39,529 [Worker-28: Updating Maven Project] INFO  o.e.m.j.i.AbstractJavaProjectConfigurator - Adding resource folder /media-service/src/main/resources
2026-04-25 21:07:39,529 [Worker-28: Updating Maven Project] INFO  o.e.m.j.i.AbstractJavaProjectConfigurator - Adding resource folder /media-service/src/main/resources
2026-04-25 21:07:39,529 [Worker-28: Updating Maven Project] INFO  o.e.m.j.i.AbstractJavaProjectConfigurator - Adding source folder /media-service/src/test/java
2026-04-25 21:07:39,530 [Worker-28: Updating Maven Project] INFO  o.e.m.j.i.AbstractJavaProjectConfigurator - Adding resource folder /media-service/src/test/resources
2026-04-25 21:07:39,751 [Worker-28: Updating Maven Project] INFO  o.e.m.jdt.internal.UnitTestSupport - Reset launch configuration name: MediaServiceImplTest
2026-04-25 21:07:39,751 [Worker-28: Updating Maven Project] INFO  o.e.m.jdt.internal.UnitTestSupport - Updating MediaServiceImplTest from maven configuration
2026-04-25 21:07:39,884 [Worker-28: Updating Maven Project] INFO  o.e.m.j.i.AbstractJavaProjectConfigurator - Adding source folder /payment-service/src/main/java
2026-04-25 21:07:39,885 [Worker-28: Updating Maven Project] INFO  o.e.m.j.i.AbstractJavaProjectConfigurator - Adding resource folder /payment-service/src/main/resources
2026-04-25 21:07:39,885 [Worker-28: Updating Maven Project] INFO  o.e.m.j.i.AbstractJavaProjectConfigurator - Adding resource folder /payment-service/src/main/resources
2026-04-25 21:07:39,885 [Worker-28: Updating Maven Project] INFO  o.e.m.j.i.AbstractJavaProjectConfigurator - Adding source folder /payment-service/src/test/java
2026-04-25 21:07:39,886 [Worker-28: Updating Maven Project] INFO  o.e.m.j.i.AbstractJavaProjectConfigurator - Adding resource folder /payment-service/src/test/resources
2026-04-25 21:07:40,201 [Worker-28: Updating Maven Project] INFO  o.e.m.j.i.AbstractJavaProjectConfigurator - Adding source folder /search-service/src/main/java
2026-04-25 21:07:40,202 [Worker-28: Updating Maven Project] INFO  o.e.m.j.i.AbstractJavaProjectConfigurator - Adding resource folder /search-service/src/main/resources
2026-04-25 21:07:40,202 [Worker-28: Updating Maven Project] INFO  o.e.m.j.i.AbstractJavaProjectConfigurator - Adding resource folder /search-service/src/main/resources
2026-04-25 21:07:40,202 [Worker-28: Updating Maven Project] INFO  o.e.m.j.i.AbstractJavaProjectConfigurator - Adding source folder /search-service/src/test/java
2026-04-25 21:07:40,203 [Worker-28: Updating Maven Project] INFO  o.e.m.j.i.AbstractJavaProjectConfigurator - Adding resource folder /search-service/src/test/resources
2026-04-25 21:07:40,446 [Worker-28: Updating Maven Project] INFO  o.e.m.jdt.internal.UnitTestSupport - Reset launch configuration name: SearchServiceImplTest
2026-04-25 21:07:40,446 [Worker-28: Updating Maven Project] INFO  o.e.m.jdt.internal.UnitTestSupport - Updating SearchServiceImplTest from maven configuration
2026-04-25 21:07:40,981 [Worker-28: Updating Maven Project] INFO  o.e.m.c.i.p.ProjectConfigurationManager - Update completed for 4 poms: local refresh takes 0.00 sec, refresh facades takes 2.00 sec, update config takes 1.00 sec 
2026-04-25 21:07:41,523 [Worker-34: Building] INFO  o.a.m.s.f.DefaultMavenResourcesFiltering - Copying 1 resource from src\main\resources to target\classes
2026-04-25 21:07:41,593 [Worker-34: Building] INFO  o.a.m.s.f.DefaultMavenResourcesFiltering - Copying 0 resource from src\main\resources to target\classes
2026-04-25 21:07:41,598 [Worker-34: Building] INFO  o.a.m.s.f.DefaultMavenResourcesFiltering - skip non existing resourceDirectory C:\Users\ASUS\OneDrive\Desktop\Sprint\connectsphere-backend\api-gateway\src\test\resources
2026-04-25 21:07:42,598 [Worker-34: Building] INFO  o.a.m.s.f.DefaultMavenResourcesFiltering - Copying 1 resource from src\main\resources to target\classes
2026-04-25 21:07:42,660 [Worker-34: Building] INFO  o.a.m.s.f.DefaultMavenResourcesFiltering - Copying 0 resource from src\main\resources to target\classes
2026-04-25 21:07:42,666 [Worker-34: Building] INFO  o.a.m.s.f.DefaultMavenResourcesFiltering - skip non existing resourceDirectory C:\Users\ASUS\OneDrive\Desktop\Sprint\connectsphere-backend\media-service\src\test\resources
2026-04-25 21:07:43,127 [Worker-34: Building] INFO  o.a.m.s.f.DefaultMavenResourcesFiltering - Copying 1 resource from src\main\resources to target\classes
2026-04-25 21:07:43,188 [Worker-34: Building] INFO  o.a.m.s.f.DefaultMavenResourcesFiltering - Copying 0 resource from src\main\resources to target\classes
2026-04-25 21:07:43,193 [Worker-34: Building] INFO  o.a.m.s.f.DefaultMavenResourcesFiltering - skip non existing resourceDirectory C:\Users\ASUS\OneDrive\Desktop\Sprint\connectsphere-backend\payment-service\src\test\resources
2026-04-25 21:07:43,834 [Worker-34: Building] INFO  o.a.m.s.f.DefaultMavenResourcesFiltering - Copying 1 resource from src\main\resources to target\classes
2026-04-25 21:07:43,890 [Worker-34: Building] INFO  o.a.m.s.f.DefaultMavenResourcesFiltering - Copying 0 resource from src\main\resources to target\classes
2026-04-25 21:07:43,895 [Worker-34: Building] INFO  o.a.m.s.f.DefaultMavenResourcesFiltering - skip non existing resourceDirectory C:\Users\ASUS\OneDrive\Desktop\Sprint\connectsphere-backend\search-service\src\test\resources
2026-04-25 21:08:40,263 [Worker-33: Building] INFO  o.a.m.s.f.DefaultMavenResourcesFiltering - Copying 1 resource from src\main\resources to target\classes
2026-04-25 21:08:40,266 [Worker-33: Building] INFO  o.a.m.s.f.DefaultMavenResourcesFiltering - Copying 0 resource from src\main\resources to target\classes
2026-04-25 21:08:40,267 [Worker-33: Building] INFO  o.a.m.s.f.DefaultMavenResourcesFiltering - skip non existing resourceDirectory C:\Users\ASUS\OneDrive\Desktop\Sprint\connectsphere-backend\api-gateway\src\test\resources
2026-04-25 21:08:40,573 [Worker-33: Building] INFO  o.a.m.s.f.DefaultMavenResourcesFiltering - Copying 1 resource from src\main\resources to target\classes
2026-04-25 21:08:40,577 [Worker-33: Building] INFO  o.a.m.s.f.DefaultMavenResourcesFiltering - Copying 0 resource from src\main\resources to target\classes
2026-04-25 21:08:40,579 [Worker-33: Building] INFO  o.a.m.s.f.DefaultMavenResourcesFiltering - skip non existing resourceDirectory C:\Users\ASUS\OneDrive\Desktop\Sprint\connectsphere-backend\auth-service\src\test\resources
2026-04-25 21:08:40,854 [Worker-33: Building] INFO  o.a.m.s.f.DefaultMavenResourcesFiltering - Copying 1 resource from src\main\resources to target\classes
2026-04-25 21:08:40,857 [Worker-33: Building] INFO  o.a.m.s.f.DefaultMavenResourcesFiltering - Copying 0 resource from src\main\resources to target\classes
2026-04-25 21:08:40,860 [Worker-33: Building] INFO  o.a.m.s.f.DefaultMavenResourcesFiltering - skip non existing resourceDirectory C:\Users\ASUS\OneDrive\Desktop\Sprint\connectsphere-backend\comment-service\src\test\resources
2026-04-25 21:08:40,940 [Worker-33: Building] INFO  o.a.m.s.f.DefaultMavenResourcesFiltering - Copying 1 resource from src\main\resources to target\classes
2026-04-25 21:08:40,942 [Worker-33: Building] INFO  o.a.m.s.f.DefaultMavenResourcesFiltering - Copying 0 resource from src\main\resources to target\classes
2026-04-25 21:08:40,944 [Worker-33: Building] INFO  o.a.m.s.f.DefaultMavenResourcesFiltering - skip non existing resourceDirectory C:\Users\ASUS\OneDrive\Desktop\Sprint\connectsphere-backend\eureka-server\src\test\resources
2026-04-25 21:08:41,198 [Worker-33: Building] INFO  o.a.m.s.f.DefaultMavenResourcesFiltering - Copying 1 resource from src\main\resources to target\classes
2026-04-25 21:08:41,201 [Worker-33: Building] INFO  o.a.m.s.f.DefaultMavenResourcesFiltering - Copying 0 resource from src\main\resources to target\classes
2026-04-25 21:08:41,204 [Worker-33: Building] INFO  o.a.m.s.f.DefaultMavenResourcesFiltering - skip non existing resourceDirectory C:\Users\ASUS\OneDrive\Desktop\Sprint\connectsphere-backend\follow-service\src\test\resources
2026-04-25 21:08:41,543 [Worker-33: Building] INFO  o.a.m.s.f.DefaultMavenResourcesFiltering - Copying 1 resource from src\main\resources to target\classes
2026-04-25 21:08:41,546 [Worker-33: Building] INFO  o.a.m.s.f.DefaultMavenResourcesFiltering - Copying 0 resource from src\main\resources to target\classes
2026-04-25 21:08:41,548 [Worker-33: Building] INFO  o.a.m.s.f.DefaultMavenResourcesFiltering - skip non existing resourceDirectory C:\Users\ASUS\OneDrive\Desktop\Sprint\connectsphere-backend\like-service\src\test\resources
2026-04-25 21:08:41,849 [Worker-33: Building] INFO  o.a.m.s.f.DefaultMavenResourcesFiltering - Copying 1 resource from src\main\resources to target\classes
2026-04-25 21:08:41,851 [Worker-33: Building] INFO  o.a.m.s.f.DefaultMavenResourcesFiltering - Copying 0 resource from src\main\resources to target\classes
2026-04-25 21:08:41,853 [Worker-33: Building] INFO  o.a.m.s.f.DefaultMavenResourcesFiltering - skip non existing resourceDirectory C:\Users\ASUS\OneDrive\Desktop\Sprint\connectsphere-backend\media-service\src\test\resources
2026-04-25 21:08:42,209 [Worker-33: Building] INFO  o.a.m.s.f.DefaultMavenResourcesFiltering - Copying 1 resource from src\main\resources to target\classes
2026-04-25 21:08:42,212 [Worker-33: Building] INFO  o.a.m.s.f.DefaultMavenResourcesFiltering - Copying 0 resource from src\main\resources to target\classes
2026-04-25 21:08:42,215 [Worker-33: Building] INFO  o.a.m.s.f.DefaultMavenResourcesFiltering - skip non existing resourceDirectory C:\Users\ASUS\OneDrive\Desktop\Sprint\connectsphere-backend\notification-service\src\test\resources
2026-04-25 21:08:42,364 [Worker-33: Building] INFO  o.a.m.s.f.DefaultMavenResourcesFiltering - Copying 1 resource from src\main\resources to target\classes
2026-04-25 21:08:42,368 [Worker-33: Building] INFO  o.a.m.s.f.DefaultMavenResourcesFiltering - Copying 0 resource from src\main\resources to target\classes
2026-04-25 21:08:42,373 [Worker-33: Building] INFO  o.a.m.s.f.DefaultMavenResourcesFiltering - skip non existing resourceDirectory C:\Users\ASUS\OneDrive\Desktop\Sprint\connectsphere-backend\payment-service\src\test\resources
2026-04-25 21:08:43,082 [Worker-33: Building] INFO  o.a.m.s.f.DefaultMavenResourcesFiltering - Copying 1 resource from src\main\resources to target\classes
2026-04-25 21:08:43,089 [Worker-33: Building] INFO  o.a.m.s.f.DefaultMavenResourcesFiltering - Copying 0 resource from src\main\resources to target\classes
2026-04-25 21:08:43,092 [Worker-33: Building] INFO  o.a.m.s.f.DefaultMavenResourcesFiltering - skip non existing resourceDirectory C:\Users\ASUS\OneDrive\Desktop\Sprint\connectsphere-backend\post-service\src\test\resources
2026-04-25 21:08:43,992 [Worker-33: Building] INFO  o.a.m.s.f.DefaultMavenResourcesFiltering - Copying 1 resource from src\main\resources to target\classes
2026-04-25 21:08:44,005 [Worker-33: Building] INFO  o.a.m.s.f.DefaultMavenResourcesFiltering - Copying 0 resource from src\main\resources to target\classes
2026-04-25 21:08:44,013 [Worker-33: Building] INFO  o.a.m.s.f.DefaultMavenResourcesFiltering - skip non existing resourceDirectory C:\Users\ASUS\OneDrive\Desktop\Sprint\connectsphere-backend\search-service\src\test\resources
2026-04-25 21:10:54,927 [Worker-4: Loading available Gradle versions] INFO  o.e.b.c.i.u.g.PublishedGradleVersions - Gradle version information cache is up-to-date. Trying to read.
2026-04-25 21:11:05,304 [Worker-6: Updating Maven Dependencies] INFO  o.e.m.c.i.l.LifecycleMappingFactory - Using org.eclipse.m2e.jdt.JarLifecycleMapping lifecycle mapping for MavenProject: com.connectsphere:notification-service:1.0.0 @ C:\Users\ASUS\OneDrive\Desktop\Sprint\connectsphere-backend\notification-service\pom.xml.
2026-04-25 21:11:06,109 [Worker-6: Updating Maven Dependencies] INFO  o.e.m.c.i.l.LifecycleMappingFactory - Using org.eclipse.m2e.jdt.JarLifecycleMapping lifecycle mapping for MavenProject: com.connectsphere:auth-service:1.0.0 @ C:\Users\ASUS\OneDrive\Desktop\Sprint\connectsphere-backend\auth-service\pom.xml.
2026-04-25 21:11:06,272 [Worker-6: Updating Maven Dependencies] INFO  o.e.m.c.i.l.LifecycleMappingFactory - Using org.eclipse.m2e.jdt.JarLifecycleMapping lifecycle mapping for MavenProject: com.connectsphere:comment-service:1.0.0 @ C:\Users\ASUS\OneDrive\Desktop\Sprint\connectsphere-backend\comment-service\pom.xml.
2026-04-25 21:11:06,441 [Worker-6: Updating Maven Dependencies] INFO  o.e.m.c.i.l.LifecycleMappingFactory - Using org.eclipse.m2e.jdt.JarLifecycleMapping lifecycle mapping for MavenProject: com.connectsphere:follow-service:1.0.0 @ C:\Users\ASUS\OneDrive\Desktop\Sprint\connectsphere-backend\follow-service\pom.xml.
2026-04-25 21:11:06,610 [Worker-6: Updating Maven Dependencies] INFO  o.e.m.c.i.l.LifecycleMappingFactory - Using org.eclipse.m2e.jdt.JarLifecycleMapping lifecycle mapping for MavenProject: com.connectsphere:eureka-server:1.0.0 @ C:\Users\ASUS\OneDrive\Desktop\Sprint\connectsphere-backend\eureka-server\pom.xml.
2026-04-25 21:11:06,829 [Worker-6: Updating Maven Dependencies] INFO  o.e.m.c.i.l.LifecycleMappingFactory - Using org.eclipse.m2e.jdt.JarLifecycleMapping lifecycle mapping for MavenProject: com.connectsphere:media-service:1.0.0 @ C:\Users\ASUS\OneDrive\Desktop\Sprint\connectsphere-backend\media-service\pom.xml.
2026-04-25 21:11:06,983 [Worker-6: Updating Maven Dependencies] INFO  o.e.m.c.i.l.LifecycleMappingFactory - Using org.eclipse.m2e.jdt.JarLifecycleMapping lifecycle mapping for MavenProject: com.connectsphere:payment-service:1.0.0 @ C:\Users\ASUS\OneDrive\Desktop\Sprint\connectsphere-backend\payment-service\pom.xml.
2026-04-25 21:11:07,160 [Worker-6: Updating Maven Dependencies] INFO  o.e.m.c.i.l.LifecycleMappingFactory - Using org.eclipse.m2e.jdt.JarLifecycleMapping lifecycle mapping for MavenProject: com.connectsphere:search-service:1.0.0 @ C:\Users\ASUS\OneDrive\Desktop\Sprint\connectsphere-backend\search-service\pom.xml.
2026-04-25 21:11:07,318 [Worker-6: Updating Maven Dependencies] INFO  o.e.m.c.i.l.LifecycleMappingFactory - Using org.eclipse.m2e.jdt.JarLifecycleMapping lifecycle mapping for MavenProject: com.connectsphere:api-gateway:1.0.0 @ C:\Users\ASUS\OneDrive\Desktop\Sprint\connectsphere-backend\api-gateway\pom.xml.
2026-04-25 21:11:07,519 [Worker-6: Updating Maven Dependencies] INFO  o.e.m.c.i.l.LifecycleMappingFactory - Using org.eclipse.m2e.jdt.JarLifecycleMapping lifecycle mapping for MavenProject: com.connectsphere:post-service:1.0.0 @ C:\Users\ASUS\OneDrive\Desktop\Sprint\connectsphere-backend\post-service\pom.xml.
2026-04-25 21:11:07,660 [Worker-6: Updating Maven Dependencies] INFO  o.e.m.c.i.l.LifecycleMappingFactory - Using org.eclipse.m2e.jdt.JarLifecycleMapping lifecycle mapping for MavenProject: com.connectsphere:like-service:1.0.0 @ C:\Users\ASUS\OneDrive\Desktop\Sprint\connectsphere-backend\like-service\pom.xml.
2026-05-05 06:35:23,927 [Worker-5: Loading available Gradle versions] INFO  o.e.b.c.i.u.g.PublishedGradleVersions - Gradle version information cache is out-of-date. Trying to update.
2026-05-05 06:36:07,169 [Worker-13: Building] INFO  o.e.m.c.i.l.LifecycleMappingFactory - Using org.eclipse.m2e.jdt.JarLifecycleMapping lifecycle mapping for MavenProject: com.connectsphere:api-gateway:1.0.0 @ C:\Users\ASUS\OneDrive\Desktop\Sprint\connectsphere-backend\api-gateway\pom.xml.
2026-05-05 06:36:19,345 [Worker-13: Building] INFO  o.a.m.s.f.DefaultMavenResourcesFiltering - Copying 1 resource from src\main\resources to target\classes
2026-05-05 06:36:19,412 [Worker-13: Building] INFO  o.a.m.s.f.DefaultMavenResourcesFiltering - Copying 0 resource from src\main\resources to target\classes
2026-05-05 06:36:19,422 [Worker-13: Building] INFO  o.a.m.s.f.DefaultMavenResourcesFiltering - skip non existing resourceDirectory C:\Users\ASUS\OneDrive\Desktop\Sprint\connectsphere-backend\api-gateway\src\test\resources
2026-05-05 06:36:19,702 [Worker-10: Download sources and javadoc] INFO  o.e.m.c.i.e.AbstractTransferListenerAdapter - Downloading https://repo.maven.apache.org/maven2/io/projectreactor/reactor-test/3.6.0/reactor-test-3.6.0-sources.jar
2026-05-05 06:36:19,815 [Worker-10: Download sources and javadoc] INFO  o.e.m.c.i.e.AbstractTransferListenerAdapter - Downloaded https://repo.maven.apache.org/maven2/io/projectreactor/reactor-test/3.6.0/reactor-test-3.6.0-sources.jar
2026-05-05 06:36:19,834 [Worker-10: Download sources and javadoc] INFO  o.e.m.j.internal.DownloadSourcesJob - Downloaded sources for io.projectreactor:reactor-test:3.6.0
2026-05-05 06:36:22,760 [Worker-9: Updating Maven Project] INFO  o.e.m.c.i.p.ProjectConfigurationManager - Update started
2026-05-05 06:36:23,654 [Worker-9: Updating Maven Project] INFO  o.e.m.c.i.l.LifecycleMappingFactory - Using org.eclipse.m2e.jdt.JarLifecycleMapping lifecycle mapping for MavenProject: com.connectsphere:api-gateway:1.0.0 @ C:\Users\ASUS\OneDrive\Desktop\Sprint\connectsphere-backend\api-gateway\pom.xml.
2026-05-05 06:36:27,392 [Worker-9: Updating Maven Project] INFO  o.e.m.j.i.AbstractJavaProjectConfigurator - Adding source folder /api-gateway/src/main/java
2026-05-05 06:36:27,400 [Worker-9: Updating Maven Project] INFO  o.e.m.j.i.AbstractJavaProjectConfigurator - Adding resource folder /api-gateway/src/main/resources
2026-05-05 06:36:27,403 [Worker-9: Updating Maven Project] INFO  o.e.m.j.i.AbstractJavaProjectConfigurator - Adding resource folder /api-gateway/src/main/resources
2026-05-05 06:36:27,405 [Worker-9: Updating Maven Project] INFO  o.e.m.j.i.AbstractJavaProjectConfigurator - Adding source folder /api-gateway/src/test/java
2026-05-05 06:36:27,408 [Worker-9: Updating Maven Project] INFO  o.e.m.j.i.AbstractJavaProjectConfigurator - Adding resource folder /api-gateway/src/test/resources
2026-05-05 06:36:28,607 [Worker-9: Updating Maven Project] INFO  o.e.m.c.i.p.ProjectConfigurationManager - Update completed for 1 poms: local refresh takes 0.00 sec, refresh facades takes 4.00 sec, update config takes 1.00 sec 
2026-05-05 06:36:40,553 [Worker-1: Updating Maven Project] INFO  o.e.m.c.i.p.ProjectConfigurationManager - Update started
2026-05-12 22:27:26,938 [Worker-5: Loading available Gradle versions] INFO  o.e.b.c.i.u.g.PublishedGradleVersions - Gradle version information cache is out-of-date. Trying to update.
2026-05-12 22:27:51,281 [Worker-7: Building] INFO  o.e.m.c.i.l.LifecycleMappingFactory - Using org.eclipse.m2e.jdt.JarLifecycleMapping lifecycle mapping for MavenProject: com.connectsphere:api-gateway:1.0.0 @ C:\Users\ASUS\OneDrive\Desktop\Sprint\connectsphere-backend\api-gateway\pom.xml.
2026-05-12 22:27:53,409 [Worker-7: Building] INFO  o.a.m.s.f.DefaultMavenResourcesFiltering - Copying 1 resource from src\main\resources to target\classes
2026-05-12 22:27:53,429 [Worker-7: Building] INFO  o.a.m.s.f.DefaultMavenResourcesFiltering - Copying 0 resource from src\main\resources to target\classes
2026-05-12 22:27:53,436 [Worker-7: Building] INFO  o.a.m.s.f.DefaultMavenResourcesFiltering - skip non existing resourceDirectory C:\Users\ASUS\OneDrive\Desktop\Sprint\connectsphere-backend\api-gateway\src\test\resources
2026-05-12 22:27:56,287 [Worker-7: Building] INFO  o.e.m.c.i.l.LifecycleMappingFactory - Using org.eclipse.m2e.jdt.JarLifecycleMapping lifecycle mapping for MavenProject: com.connectsphere:auth-service:1.0.0 @ C:\Users\ASUS\OneDrive\Desktop\Sprint\connectsphere-backend\auth-service\pom.xml.
2026-05-12 22:27:57,173 [Worker-7: Building] INFO  o.a.m.s.f.DefaultMavenResourcesFiltering - Copying 1 resource from src\main\resources to target\classes
2026-05-12 22:27:57,192 [Worker-7: Building] INFO  o.a.m.s.f.DefaultMavenResourcesFiltering - Copying 0 resource from src\main\resources to target\classes
2026-05-12 22:27:57,198 [Worker-7: Building] INFO  o.a.m.s.f.DefaultMavenResourcesFiltering - skip non existing resourceDirectory C:\Users\ASUS\OneDrive\Desktop\Sprint\connectsphere-backend\auth-service\src\test\resources
2026-05-12 22:27:59,221 [Worker-7: Building] INFO  o.e.m.c.i.l.LifecycleMappingFactory - Using org.eclipse.m2e.jdt.JarLifecycleMapping lifecycle mapping for MavenProject: com.connectsphere:comment-service:1.0.0 @ C:\Users\ASUS\OneDrive\Desktop\Sprint\connectsphere-backend\comment-service\pom.xml.
2026-05-12 22:28:00,224 [Worker-7: Building] INFO  o.a.m.s.f.DefaultMavenResourcesFiltering - Copying 1 resource from src\main\resources to target\classes
2026-05-12 22:28:00,236 [Worker-7: Building] INFO  o.a.m.s.f.DefaultMavenResourcesFiltering - Copying 0 resource from src\main\resources to target\classes
2026-05-12 22:28:00,239 [Worker-7: Building] INFO  o.a.m.s.f.DefaultMavenResourcesFiltering - skip non existing resourceDirectory C:\Users\ASUS\OneDrive\Desktop\Sprint\connectsphere-backend\comment-service\src\test\resources
2026-05-12 22:28:00,487 [Worker-11: Updating Maven Project] INFO  o.e.m.c.i.p.ProjectConfigurationManager - Update started
2026-05-12 22:28:01,322 [Worker-11: Updating Maven Project] INFO  o.e.m.c.i.l.LifecycleMappingFactory - Using org.eclipse.m2e.jdt.JarLifecycleMapping lifecycle mapping for MavenProject: com.connectsphere:auth-service:1.0.0 @ C:\Users\ASUS\OneDrive\Desktop\Sprint\connectsphere-backend\auth-service\pom.xml.
2026-05-12 22:28:02,066 [Worker-11: Updating Maven Project] INFO  o.e.m.c.i.l.LifecycleMappingFactory - Using org.eclipse.m2e.jdt.JarLifecycleMapping lifecycle mapping for MavenProject: com.connectsphere:comment-service:1.0.0 @ C:\Users\ASUS\OneDrive\Desktop\Sprint\connectsphere-backend\comment-service\pom.xml.
2026-05-12 22:28:02,571 [Worker-2: Download sources and javadoc] INFO  o.e.m.c.i.e.AbstractTransferListenerAdapter - Downloading https://repo.maven.apache.org/maven2/net/bytebuddy/byte-buddy/1.15.10/byte-buddy-1.15.10-sources.jar
2026-05-12 22:28:03,026 [Worker-11: Updating Maven Project] INFO  o.e.m.j.i.AbstractJavaProjectConfigurator - Adding source folder /auth-service/src/main/java
2026-05-12 22:28:03,028 [Worker-11: Updating Maven Project] INFO  o.e.m.j.i.AbstractJavaProjectConfigurator - Adding resource folder /auth-service/src/main/resources
2026-05-12 22:28:03,029 [Worker-11: Updating Maven Project] INFO  o.e.m.j.i.AbstractJavaProjectConfigurator - Adding resource folder /auth-service/src/main/resources
2026-05-12 22:28:03,030 [Worker-11: Updating Maven Project] INFO  o.e.m.j.i.AbstractJavaProjectConfigurator - Adding source folder /auth-service/src/test/java
2026-05-12 22:28:03,031 [Worker-11: Updating Maven Project] INFO  o.e.m.j.i.AbstractJavaProjectConfigurator - Adding resource folder /auth-service/src/test/resources
2026-05-12 22:28:03,180 [Worker-2: Download sources and javadoc] INFO  o.e.m.c.i.e.AbstractTransferListenerAdapter - Downloaded https://repo.maven.apache.org/maven2/net/bytebuddy/byte-buddy/1.15.10/byte-buddy-1.15.10-sources.jar
2026-05-12 22:28:03,188 [Worker-2: Download sources and javadoc] INFO  o.e.m.j.internal.DownloadSourcesJob - Downloaded sources for net.bytebuddy:byte-buddy:1.15.10
2026-05-12 22:28:03,384 [Worker-2: Download sources and javadoc] INFO  o.e.m.c.i.e.AbstractTransferListenerAdapter - Downloading https://repo.maven.apache.org/maven2/net/bytebuddy/byte-buddy-agent/1.15.10/byte-buddy-agent-1.15.10-sources.jar
2026-05-12 22:28:03,407 [Worker-11: Updating Maven Project] INFO  o.e.m.jdt.internal.UnitTestSupport - Reset launch configuration name: AuthServiceImplTest
2026-05-12 22:28:03,410 [Worker-11: Updating Maven Project] INFO  o.e.m.jdt.internal.UnitTestSupport - Updating AuthServiceImplTest from maven configuration
2026-05-12 22:28:03,558 [Worker-2: Download sources and javadoc] INFO  o.e.m.c.i.e.AbstractTransferListenerAdapter - Downloaded https://repo.maven.apache.org/maven2/net/bytebuddy/byte-buddy-agent/1.15.10/byte-buddy-agent-1.15.10-sources.jar
2026-05-12 22:28:03,563 [Worker-2: Download sources and javadoc] INFO  o.e.m.j.internal.DownloadSourcesJob - Downloaded sources for net.bytebuddy:byte-buddy-agent:1.15.10
2026-05-12 22:28:05,865 [Worker-11: Updating Maven Project] INFO  o.e.m.j.i.AbstractJavaProjectConfigurator - Adding source folder /comment-service/src/main/java
2026-05-12 22:28:05,866 [Worker-11: Updating Maven Project] INFO  o.e.m.j.i.AbstractJavaProjectConfigurator - Adding resource folder /comment-service/src/main/resources
2026-05-12 22:28:05,867 [Worker-11: Updating Maven Project] INFO  o.e.m.j.i.AbstractJavaProjectConfigurator - Adding resource folder /comment-service/src/main/resources
2026-05-12 22:28:05,867 [Worker-11: Updating Maven Project] INFO  o.e.m.j.i.AbstractJavaProjectConfigurator - Adding source folder /comment-service/src/test/java
2026-05-12 22:28:05,868 [Worker-11: Updating Maven Project] INFO  o.e.m.j.i.AbstractJavaProjectConfigurator - Adding resource folder /comment-service/src/test/resources
2026-05-12 22:28:06,241 [Worker-11: Updating Maven Project] INFO  o.e.m.jdt.internal.UnitTestSupport - Reset launch configuration name: CommentServiceImplTest
2026-05-12 22:28:06,241 [Worker-11: Updating Maven Project] INFO  o.e.m.jdt.internal.UnitTestSupport - Updating CommentServiceImplTest from maven configuration
2026-05-12 22:28:07,202 [Worker-11: Updating Maven Project] INFO  o.e.m.c.i.p.ProjectConfigurationManager - Update completed for 2 poms: local refresh takes 0.00 sec, refresh facades takes 2.00 sec, update config takes 4.00 sec 
2026-05-12 22:28:07,212 [Worker-18: Updating Maven Project] INFO  o.e.m.c.i.p.ProjectConfigurationManager - Update started
2026-05-12 22:28:07,492 [Worker-18: Updating Maven Project] INFO  o.e.m.c.i.l.LifecycleMappingFactory - Using org.eclipse.m2e.jdt.JarLifecycleMapping lifecycle mapping for MavenProject: com.connectsphere:comment-service:1.0.0 @ C:\Users\ASUS\OneDrive\Desktop\Sprint\connectsphere-backend\comment-service\pom.xml.
2026-05-12 22:28:09,497 [Worker-18: Updating Maven Project] INFO  o.e.m.j.i.AbstractJavaProjectConfigurator - Adding source folder /comment-service/src/main/java
2026-05-12 22:28:09,500 [Worker-18: Updating Maven Project] INFO  o.e.m.j.i.AbstractJavaProjectConfigurator - Adding resource folder /comment-service/src/main/resources
2026-05-12 22:28:09,500 [Worker-18: Updating Maven Project] INFO  o.e.m.j.i.AbstractJavaProjectConfigurator - Adding resource folder /comment-service/src/main/resources
2026-05-12 22:28:09,500 [Worker-18: Updating Maven Project] INFO  o.e.m.j.i.AbstractJavaProjectConfigurator - Adding source folder /comment-service/src/test/java
2026-05-12 22:28:09,503 [Worker-18: Updating Maven Project] INFO  o.e.m.j.i.AbstractJavaProjectConfigurator - Adding resource folder /comment-service/src/test/resources
2026-05-12 22:28:10,400 [Worker-18: Updating Maven Project] INFO  o.e.m.jdt.internal.UnitTestSupport - Reset launch configuration name: CommentServiceImplTest
2026-05-12 22:28:10,400 [Worker-18: Updating Maven Project] INFO  o.e.m.jdt.internal.UnitTestSupport - Updating CommentServiceImplTest from maven configuration
2026-05-12 22:28:11,039 [Worker-18: Updating Maven Project] INFO  o.e.m.c.i.p.ProjectConfigurationManager - Update completed for 1 poms: local refresh takes 0.00 sec, refresh facades takes 2.00 sec, update config takes 1.00 sec 
